pct,numerator,denominator,abs_diff_pp,reproduces,small_n,event,window,date_basis,unit,attribution,channel
26.92,7,26,0.02,True,True,hired: Applications.Stage = Hired,all time,none (all time),application rows,Candidates.Source as recorded,raw Source = Job Board
26.92,7,26,0.02,True,True,hired: Applications.Stage = Hired,trailing 12m to 2026-08-27,Applications.Closed On,application rows,Candidates.Source as recorded,raw Source = Job Board
26.92,7,26,0.02,True,True,hired: Applications.Stage = Hired,trailing 12m to 2026-08-27,Applications.Applied On,application rows,Candidates.Source as recorded,raw Source = Job Board
26.92,7,26,0.02,True,True,hired: Applications.Stage = Hired,trailing 12m to 2026-08-27,Offers.Decision On,application rows,Candidates.Source as recorded,raw Source = Job Board
26.92,7,26,0.02,True,True,hired: Applications.Stage = Hired,trailing 12m to 2026-09-14,Applications.Closed On,application rows,Candidates.Source as recorded,raw Source = Job Board
26.92,7,26,0.02,True,True,hired: Applications.Stage = Hired,trailing 12m to 2026-09-14,Offers.Decision On,application rows,Candidates.Source as recorded,raw Source = Job Board
26.92,7,26,0.02,True,True,offer accepted: Offers.Status = Accepted,all time,none (all time),application rows,Candidates.Source as recorded,raw Source = Job Board
26.92,7,26,0.02,True,True,offer accepted: Offers.Status = Accepted,trailing 12m to 2026-08-27,Offers.Decision On,application rows,Candidates.Source as recorded,raw Source = Job Board
26.92,7,26,0.02,True,True,offer accepted: Offers.Status = Accepted,trailing 12m to 2026-08-27,Offers.Offered On,application rows,Candidates.Source as recorded,raw Source = Job Board
26.92,7,26,0.02,True,True,offer accepted: Offers.Status = Accepted,trailing 12m to 2026-09-14,Offers.Decision On,application rows,Candidates.Source as recorded,raw Source = Job Board
26.92,7,26,0.02,True,True,offer accepted: Offers.Status = Accepted,trailing 12m to 2026-09-14,Offers.Offered On,application rows,Candidates.Source as recorded,raw Source = Job Board
27.27,3,11,0.37,False,True,hired: Applications.Stage = Hired,trailing 3m to 2026-09-14,Offers.Decision On,application rows,Candidates.Source as recorded,bucket: Job Board + LinkedIn
27.27,3,11,0.37,False,True,hired: Applications.Stage = Hired,trailing 3m to 2026-09-14,Offers.Decision On,application rows,Applications.Referred By overrides Source,bucket: Job Board + LinkedIn
27.27,3,11,0.37,False,True,hired: Applications.Stage = Hired,trailing 3m to 2026-09-14,Offers.Decision On,distinct candidate+opening,Candidates.Source as recorded,bucket: Job Board + LinkedIn
27.27,3,11,0.37,False,True,hired: Applications.Stage = Hired,trailing 3m to 2026-09-14,Offers.Decision On,distinct candidate+opening,Applications.Referred By overrides Source,bucket: Job Board + LinkedIn
27.27,3,11,0.37,False,True,hired: Applications.Stage = Hired,trailing 3m to 2026-09-14,Offers.Decision On,distinct candidate record,Candidates.Source as recorded,bucket: Job Board + LinkedIn
27.27,3,11,0.37,False,True,hired: Applications.Stage = Hired,trailing 3m to 2026-09-14,Offers.Decision On,distinct candidate record,Applications.Referred By overrides Source,bucket: Job Board + LinkedIn
27.27,3,11,0.37,False,True,hired: Applications.Stage = Hired,trailing 3m to 2026-09-14,Offers.Decision On,distinct person (name+phone),Candidates.Source as recorded,bucket: Job Board + LinkedIn
27.27,3,11,0.37,False,True,hired: Applications.Stage = Hired,trailing 3m to 2026-09-14,Offers.Decision On,distinct person (name+phone),Applications.Referred By overrides Source,bucket: Job Board + LinkedIn
27.27,3,11,0.37,False,True,offer accepted: Offers.Status = Accepted,trailing 3m to 2026-09-14,Offers.Decision On,application rows,Candidates.Source as recorded,bucket: Job Board + LinkedIn
27.27,3,11,0.37,False,True,offer accepted: Offers.Status = Accepted,trailing 3m to 2026-09-14,Offers.Decision On,application rows,Applications.Referred By overrides Source,bucket: Job Board + LinkedIn
27.27,3,11,0.37,False,True,offer accepted: Offers.Status = Accepted,trailing 3m to 2026-09-14,Offers.Decision On,distinct candidate+opening,Candidates.Source as recorded,bucket: Job Board + LinkedIn
27.27,3,11,0.37,False,True,offer accepted: Offers.Status = Accepted,trailing 3m to 2026-09-14,Offers.Decision On,distinct candidate+opening,Applications.Referred By overrides Source,bucket: Job Board + LinkedIn
27.27,3,11,0.37,False,True,offer accepted: Offers.Status = Accepted,trailing 3m to 2026-09-14,Offers.Decision On,distinct candidate record,Candidates.Source as recorded,bucket: Job Board + LinkedIn
27.27,3,11,0.37,False,True,offer accepted: Offers.Status = Accepted,trailing 3m to 2026-09-14,Offers.Decision On,distinct candidate record,Applications.Referred By overrides Source,bucket: Job Board + LinkedIn
27.27,3,11,0.37,False,True,offer accepted: Offers.Status = Accepted,trailing 3m to 2026-09-14,Offers.Decision On,distinct person (name+phone),Candidates.Source as recorded,bucket: Job Board + LinkedIn
27.27,3,11,0.37,False,True,offer accepted: Offers.Status = Accepted,trailing 3m to 2026-09-14,Offers.Decision On,distinct person (name+phone),Applications.Referred By overrides Source,bucket: Job Board + LinkedIn
27.27,3,11,0.37,False,True,offer extended: any Offer record,trailing 3m to 2026-09-14,Offers.Offered On,application rows,Candidates.Source as recorded,bucket: Job Board + LinkedIn
27.27,3,11,0.37,False,True,offer extended: any Offer record,trailing 3m to 2026-09-14,Offers.Offered On,application rows,Applications.Referred By overrides Source,bucket: Job Board + LinkedIn
27.27,3,11,0.37,False,True,offer extended: any Offer record,trailing 3m to 2026-09-14,Offers.Offered On,distinct candidate+opening,Candidates.Source as recorded,bucket: Job Board + LinkedIn
27.27,3,11,0.37,False,True,offer extended: any Offer record,trailing 3m to 2026-09-14,Offers.Offered On,distinct candidate+opening,Applications.Referred By overrides Source,bucket: Job Board + LinkedIn
27.27,3,11,0.37,False,True,offer extended: any Offer record,trailing 3m to 2026-09-14,Offers.Offered On,distinct candidate record,Candidates.Source as recorded,bucket: Job Board + LinkedIn
27.27,3,11,0.37,False,True,offer extended: any Offer record,trailing 3m to 2026-09-14,Offers.Offered On,distinct candidate record,Applications.Referred By overrides Source,bucket: Job Board + LinkedIn
27.27,3,11,0.37,False,True,offer extended: any Offer record,trailing 3m to 2026-09-14,Offers.Offered On,distinct person (name+phone),Candidates.Source as recorded,bucket: Job Board + LinkedIn
27.27,3,11,0.37,False,True,offer extended: any Offer record,trailing 3m to 2026-09-14,Offers.Offered On,distinct person (name+phone),Applications.Referred By overrides Source,bucket: Job Board + LinkedIn
26.09,6,23,0.81,False,True,hired: Applications.Stage = Hired,trailing 12m to 2026-08-27,Offers.Proposed Start Date,distinct candidate record,Applications.Referred By overrides Source,raw Source = Job Board
26.09,6,23,0.81,False,True,hired: Applications.Stage = Hired,trailing 12m to 2026-09-14,Applications.Applied On,distinct candidate record,Candidates.Source as recorded,raw Source = Job Board
26.09,6,23,0.81,False,True,hired: Applications.Stage = Hired,trailing 12m to 2026-09-14,Applications.Applied On,distinct person (name+phone),Applications.Referred By overrides Source,raw Source = Job Board
26.09,6,23,0.81,False,True,hired: Applications.Stage = Hired,trailing 12m to 2026-09-14,Offers.Proposed Start Date,distinct candidate record,Applications.Referred By overrides Source,raw Source = Job Board
26.09,6,23,0.81,False,True,offer accepted: Offers.Status = Accepted,trailing 12m to 2026-08-27,Offers.Proposed Start Date,distinct candidate record,Applications.Referred By overrides Source,raw Source = Job Board
26.09,6,23,0.81,False,True,offer accepted: Offers.Status = Accepted,trailing 12m to 2026-09-14,Offers.Proposed Start Date,distinct candidate record,Applications.Referred By overrides Source,raw Source = Job Board
26.09,6,23,0.81,False,True,hire started: Accepted and Proposed Start Date <= 2026-08-27,all time,none (all time),distinct candidate record,Applications.Referred By overrides Source,raw Source = Job Board
26.09,6,23,0.81,False,True,hire started: Accepted and Proposed Start Date <= 2026-08-27,trailing 12m to 2026-08-27,Offers.Proposed Start Date,distinct candidate record,Applications.Referred By overrides Source,raw Source = Job Board
26.09,6,23,0.81,False,True,hire started: Accepted and Proposed Start Date <= 2026-08-27,trailing 12m to 2026-09-14,Offers.Proposed Start Date,distinct candidate record,Applications.Referred By overrides Source,raw Source = Job Board
26.09,6,23,0.81,False,True,hire started: Accepted and Proposed Start Date <= 2026-09-14,all time,none (all time),distinct candidate record,Applications.Referred By overrides Source,raw Source = Job Board
26.09,6,23,0.81,False,True,hire started: Accepted and Proposed Start Date <= 2026-09-14,trailing 12m to 2026-08-27,Offers.Proposed Start Date,distinct candidate record,Applications.Referred By overrides Source,raw Source = Job Board
26.09,6,23,0.81,False,True,hire started: Accepted and Proposed Start Date <= 2026-09-14,trailing 12m to 2026-09-14,Offers.Proposed Start Date,distinct candidate record,Applications.Referred By overrides Source,raw Source = Job Board
27.78,5,18,0.88,False,True,hired: Applications.Stage = Hired,2026 YTD to 2026-09-14,Applications.Applied On,application rows,Candidates.Source as recorded,bucket: Job Board + LinkedIn
27.78,5,18,0.88,False,True,hired: Applications.Stage = Hired,2026 YTD to 2026-09-14,Applications.Applied On,application rows,Applications.Referred By overrides Source,bucket: Job Board + LinkedIn
28.0,7,25,1.1,False,True,hired: Applications.Stage = Hired,all time,none (all time),distinct candidate+opening,Candidates.Source as recorded,raw Source = Job Board
28.0,7,25,1.1,False,True,hired: Applications.Stage = Hired,trailing 12m to 2026-08-27,Applications.Closed On,distinct candidate+opening,Candidates.Source as recorded,raw Source = Job Board
28.0,7,25,1.1,False,True,hired: Applications.Stage = Hired,trailing 12m to 2026-08-27,Applications.Applied On,distinct candidate+opening,Candidates.Source as recorded,raw Source = Job Board
28.0,7,25,1.1,False,True,hired: Applications.Stage = Hired,trailing 12m to 2026-08-27,Offers.Decision On,distinct candidate+opening,Candidates.Source as recorded,raw Source = Job Board
28.0,7,25,1.1,False,True,hired: Applications.Stage = Hired,trailing 12m to 2026-09-14,Applications.Closed On,distinct candidate+opening,Candidates.Source as recorded,raw Source = Job Board
28.0,7,25,1.1,False,True,hired: Applications.Stage = Hired,trailing 12m to 2026-09-14,Offers.Decision On,distinct candidate+opening,Candidates.Source as recorded,raw Source = Job Board
28.0,7,25,1.1,False,True,hired: Applications.Stage = Hired,trailing 12m to 2026-09-14,Offers.Proposed Start Date,application rows,Candidates.Source as recorded,raw Source = Job Board
28.0,7,25,1.1,False,True,offer accepted: Offers.Status = Accepted,all time,none (all time),distinct candidate+opening,Candidates.Source as recorded,raw Source = Job Board
28.0,7,25,1.1,False,True,offer accepted: Offers.Status = Accepted,trailing 12m to 2026-08-27,Offers.Decision On,distinct candidate+opening,Candidates.Source as recorded,raw Source = Job Board
28.0,7,25,1.1,False,True,offer accepted: Offers.Status = Accepted,trailing 12m to 2026-08-27,Offers.Offered On,distinct candidate+opening,Candidates.Source as recorded,raw Source = Job Board
28.0,7,25,1.1,False,True,offer accepted: Offers.Status = Accepted,trailing 12m to 2026-09-14,Offers.Decision On,distinct candidate+opening,Candidates.Source as recorded,raw Source = Job Board
28.0,7,25,1.1,False,True,offer accepted: Offers.Status = Accepted,trailing 12m to 2026-09-14,Offers.Offered On,distinct candidate+opening,Candidates.Source as recorded,raw Source = Job Board
28.0,7,25,1.1,False,True,offer accepted: Offers.Status = Accepted,trailing 12m to 2026-09-14,Offers.Proposed Start Date,application rows,Candidates.Source as recorded,raw Source = Job Board
28.0,7,25,1.1,False,True,hire started: Accepted and Proposed Start Date <= 2026-09-14,all time,none (all time),application rows,Candidates.Source as recorded,raw Source = Job Board
28.0,7,25,1.1,False,True,hire started: Accepted and Proposed Start Date <= 2026-09-14,trailing 12m to 2026-09-14,Offers.Proposed Start Date,application rows,Candidates.Source as recorded,raw Source = Job Board
28.57,2,7,1.67,False,True,hire on a Filled opening: Stage = Hired and Opening.Status = Filled,trailing 3m to 2026-09-14,Applications.Closed On,application rows,Candidates.Source as recorded,bucket: Job Board + LinkedIn
28.57,2,7,1.67,False,True,hire on a Filled opening: Stage = Hired and Opening.Status = Filled,trailing 3m to 2026-09-14,Applications.Closed On,application rows,Applications.Referred By overrides Source,bucket: Job Board + LinkedIn
28.57,2,7,1.67,False,True,hire on a Filled opening: Stage = Hired and Opening.Status = Filled,trailing 3m to 2026-09-14,Applications.Closed On,distinct candidate+opening,Candidates.Source as recorded,bucket: Job Board + LinkedIn
28.57,2,7,1.67,False,True,hire on a Filled opening: Stage = Hired and Opening.Status = Filled,trailing 3m to 2026-09-14,Applications.Closed On,distinct candidate+opening,Applications.Referred By overrides Source,bucket: Job Board + LinkedIn
28.57,2,7,1.67,False,True,hire on a Filled opening: Stage = Hired and Opening.Status = Filled,trailing 3m to 2026-09-14,Applications.Closed On,distinct candidate record,Candidates.Source as recorded,bucket: Job Board + LinkedIn
28.57,2,7,1.67,False,True,hire on a Filled opening: Stage = Hired and Opening.Status = Filled,trailing 3m to 2026-09-14,Applications.Closed On,distinct candidate record,Applications.Referred By overrides Source,bucket: Job Board + LinkedIn
28.57,2,7,1.67,False,True,hire on a Filled opening: Stage = Hired and Opening.Status = Filled,trailing 3m to 2026-09-14,Applications.Closed On,distinct person (name+phone),Candidates.Source as recorded,bucket: Job Board + LinkedIn
28.57,2,7,1.67,False,True,hire on a Filled opening: Stage = Hired and Opening.Status = Filled,trailing 3m to 2026-09-14,Applications.Closed On,distinct person (name+phone),Applications.Referred By overrides Source,bucket: Job Board + LinkedIn
25.0,6,24,1.9,False,True,hired: Applications.Stage = Hired,all time,none (all time),distinct candidate record,Applications.Referred By overrides Source,raw Source = Job Board
25.0,6,24,1.9,False,True,hired: Applications.Stage = Hired,trailing 12m to 2026-08-27,Applications.Closed On,distinct candidate record,Applications.Referred By overrides Source,raw Source = Job Board
25.0,6,24,1.9,False,True,hired: Applications.Stage = Hired,trailing 12m to 2026-08-27,Applications.Applied On,distinct candidate record,Applications.Referred By overrides Source,raw Source = Job Board
25.0,6,24,1.9,False,True,hired: Applications.Stage = Hired,trailing 12m to 2026-08-27,Offers.Decision On,distinct candidate record,Applications.Referred By overrides Source,raw Source = Job Board
25.0,6,24,1.9,False,True,hired: Applications.Stage = Hired,trailing 12m to 2026-08-27,Offers.Proposed Start Date,application rows,Applications.Referred By overrides Source,raw Source = Job Board
25.0,6,24,1.9,False,True,hired: Applications.Stage = Hired,trailing 12m to 2026-08-27,Offers.Proposed Start Date,distinct candidate+opening,Applications.Referred By overrides Source,raw Source = Job Board
25.0,6,24,1.9,False,True,hired: Applications.Stage = Hired,trailing 12m to 2026-09-14,Applications.Closed On,distinct candidate record,Applications.Referred By overrides Source,raw Source = Job Board
25.0,6,24,1.9,False,True,hired: Applications.Stage = Hired,trailing 12m to 2026-09-14,Applications.Applied On,distinct candidate+opening,Candidates.Source as recorded,raw Source = Job Board
25.0,6,24,1.9,False,True,hired: Applications.Stage = Hired,trailing 12m to 2026-09-14,Offers.Decision On,distinct candidate record,Applications.Referred By overrides Source,raw Source = Job Board
25.0,6,24,1.9,False,True,hired: Applications.Stage = Hired,trailing 12m to 2026-09-14,Offers.Proposed Start Date,distinct candidate+opening,Applications.Referred By overrides Source,raw Source = Job Board
25.0,6,24,1.9,False,True,offer accepted: Offers.Status = Accepted,all time,none (all time),distinct candidate record,Applications.Referred By overrides Source,raw Source = Job Board
25.0,6,24,1.9,False,True,offer accepted: Offers.Status = Accepted,trailing 12m to 2026-08-27,Offers.Decision On,distinct candidate record,Applications.Referred By overrides Source,raw Source = Job Board
25.0,6,24,1.9,False,True,offer accepted: Offers.Status = Accepted,trailing 12m to 2026-08-27,Offers.Offered On,distinct candidate record,Applications.Referred By overrides Source,raw Source = Job Board
25.0,6,24,1.9,False,True,offer accepted: Offers.Status = Accepted,trailing 12m to 2026-08-27,Offers.Proposed Start Date,application rows,Applications.Referred By overrides Source,raw Source = Job Board
25.0,6,24,1.9,False,True,offer accepted: Offers.Status = Accepted,trailing 12m to 2026-08-27,Offers.Proposed Start Date,distinct candidate+opening,Applications.Referred By overrides Source,raw Source = Job Board
25.0,6,24,1.9,False,True,offer accepted: Offers.Status = Accepted,trailing 12m to 2026-09-14,Offers.Decision On,distinct candidate record,Applications.Referred By overrides Source,raw Source = Job Board
25.0,6,24,1.9,False,True,offer accepted: Offers.Status = Accepted,trailing 12m to 2026-09-14,Offers.Offered On,distinct candidate record,Applications.Referred By overrides Source,raw Source = Job Board
25.0,6,24,1.9,False,True,offer accepted: Offers.Status = Accepted,trailing 12m to 2026-09-14,Offers.Proposed Start Date,distinct candidate+opening,Applications.Referred By overrides Source,raw Source = Job Board
25.0,6,24,1.9,False,True,hire started: Accepted and Proposed Start Date <= 2026-08-27,all time,none (all time),application rows,Applications.Referred By overrides Source,raw Source = Job Board
25.0,6,24,1.9,False,True,hire started: Accepted and Proposed Start Date <= 2026-08-27,all time,none (all time),distinct candidate+opening,Applications.Referred By overrides Source,raw Source = Job Board
25.0,6,24,1.9,False,True,hire started: Accepted and Proposed Start Date <= 2026-08-27,trailing 12m to 2026-08-27,Offers.Proposed Start Date,application rows,Applications.Referred By overrides Source,raw Source = Job Board
25.0,6,24,1.9,False,True,hire started: Accepted and Proposed Start Date <= 2026-08-27,trailing 12m to 2026-08-27,Offers.Proposed Start Date,distinct candidate+opening,Applications.Referred By overrides Source,raw Source = Job Board
25.0,6,24,1.9,False,True,hire started: Accepted and Proposed Start Date <= 2026-08-27,trailing 12m to 2026-09-14,Offers.Proposed Start Date,application rows,Applications.Referred By overrides Source,raw Source = Job Board
25.0,6,24,1.9,False,True,hire started: Accepted and Proposed Start Date <= 2026-08-27,trailing 12m to 2026-09-14,Offers.Proposed Start Date,distinct candidate+opening,Applications.Referred By overrides Source,raw Source = Job Board
25.0,6,24,1.9,False,True,hire started: Accepted and Proposed Start Date <= 2026-09-14,all time,none (all time),distinct candidate+opening,Applications.Referred By overrides Source,raw Source = Job Board
25.0,6,24,1.9,False,True,hire started: Accepted and Proposed Start Date <= 2026-09-14,trailing 12m to 2026-08-27,Offers.Proposed Start Date,application rows,Applications.Referred By overrides Source,raw Source = Job Board
25.0,6,24,1.9,False,True,hire started: Accepted and Proposed Start Date <= 2026-09-14,trailing 12m to 2026-08-27,Offers.Proposed Start Date,distinct candidate+opening,Applications.Referred By overrides Source,raw Source = Job Board
25.0,6,24,1.9,False,True,hire started: Accepted and Proposed Start Date <= 2026-09-14,trailing 12m to 2026-09-14,Offers.Proposed Start Date,distinct candidate+opening,Applications.Referred By overrides Source,raw Source = Job Board
25.0,3,12,1.9,False,True,hired: Applications.Stage = Hired,trailing 3m to 2026-08-27,Applications.Closed On,application rows,Candidates.Source as recorded,bucket: Job Board + LinkedIn
25.0,3,12,1.9,False,True,hired: Applications.Stage = Hired,trailing 3m to 2026-08-27,Applications.Closed On,application rows,Applications.Referred By overrides Source,bucket: Job Board + LinkedIn
25.0,3,12,1.9,False,True,hired: Applications.Stage = Hired,trailing 3m to 2026-08-27,Applications.Closed On,distinct candidate+opening,Candidates.Source as recorded,bucket: Job Board + LinkedIn
25.0,3,12,1.9,False,True,hired: Applications.Stage = Hired,trailing 3m to 2026-08-27,Applications.Closed On,distinct candidate+opening,Applications.Referred By overrides Source,bucket: Job Board + LinkedIn
25.0,3,12,1.9,False,True,hired: Applications.Stage = Hired,trailing 3m to 2026-08-27,Applications.Closed On,distinct candidate record,Candidates.Source as recorded,bucket: Job Board + LinkedIn
25.0,3,12,1.9,False,True,hired: Applications.Stage = Hired,trailing 3m to 2026-08-27,Applications.Closed On,distinct candidate record,Applications.Referred By overrides Source,bucket: Job Board + LinkedIn
25.0,3,12,1.9,False,True,hired: Applications.Stage = Hired,trailing 3m to 2026-08-27,Applications.Closed On,distinct person (name+phone),Candidates.Source as recorded,bucket: Job Board + LinkedIn
25.0,3,12,1.9,False,True,hired: Applications.Stage = Hired,trailing 3m to 2026-08-27,Applications.Closed On,distinct person (name+phone),Applications.Referred By overrides Source,bucket: Job Board + LinkedIn
25.0,3,12,1.9,False,True,hired: Applications.Stage = Hired,trailing 3m to 2026-08-27,Offers.Decision On,application rows,Candidates.Source as recorded,bucket: Job Board + LinkedIn
25.0,3,12,1.9,False,True,hired: Applications.Stage = Hired,trailing 3m to 2026-08-27,Offers.Decision On,application rows,Applications.Referred By overrides Source,bucket: Job Board + LinkedIn
25.0,3,12,1.9,False,True,hired: Applications.Stage = Hired,trailing 3m to 2026-08-27,Offers.Decision On,distinct candidate+opening,Candidates.Source as recorded,bucket: Job Board + LinkedIn
25.0,3,12,1.9,False,True,hired: Applications.Stage = Hired,trailing 3m to 2026-08-27,Offers.Decision On,distinct candidate+opening,Applications.Referred By overrides Source,bucket: Job Board + LinkedIn
25.0,3,12,1.9,False,True,hired: Applications.Stage = Hired,trailing 3m to 2026-08-27,Offers.Decision On,distinct candidate record,Candidates.Source as recorded,bucket: Job Board + LinkedIn
25.0,3,12,1.9,False,True,hired: Applications.Stage = Hired,trailing 3m to 2026-08-27,Offers.Decision On,distinct candidate record,Applications.Referred By overrides Source,bucket: Job Board + LinkedIn
25.0,3,12,1.9,False,True,hired: Applications.Stage = Hired,trailing 3m to 2026-08-27,Offers.Decision On,distinct person (name+phone),Candidates.Source as recorded,bucket: Job Board + LinkedIn
25.0,3,12,1.9,False,True,hired: Applications.Stage = Hired,trailing 3m to 2026-08-27,Offers.Decision On,distinct person (name+phone),Applications.Referred By overrides Source,bucket: Job Board + LinkedIn
25.0,3,12,1.9,False,True,offer accepted: Offers.Status = Accepted,trailing 3m to 2026-08-27,Offers.Decision On,application rows,Candidates.Source as recorded,bucket: Job Board + LinkedIn
25.0,3,12,1.9,False,True,offer accepted: Offers.Status = Accepted,trailing 3m to 2026-08-27,Offers.Decision On,application rows,Applications.Referred By overrides Source,bucket: Job Board + LinkedIn
25.0,3,12,1.9,False,True,offer accepted: Offers.Status = Accepted,trailing 3m to 2026-08-27,Offers.Decision On,distinct candidate+opening,Candidates.Source as recorded,bucket: Job Board + LinkedIn
25.0,3,12,1.9,False,True,offer accepted: Offers.Status = Accepted,trailing 3m to 2026-08-27,Offers.Decision On,distinct candidate+opening,Applications.Referred By overrides Source,bucket: Job Board + LinkedIn
25.0,3,12,1.9,False,True,offer accepted: Offers.Status = Accepted,trailing 3m to 2026-08-27,Offers.Decision On,distinct candidate record,Candidates.Source as recorded,bucket: Job Board + LinkedIn
25.0,3,12,1.9,False,True,offer accepted: Offers.Status = Accepted,trailing 3m to 2026-08-27,Offers.Decision On,distinct candidate record,Applications.Referred By overrides Source,bucket: Job Board + LinkedIn
25.0,3,12,1.9,False,True,offer accepted: Offers.Status = Accepted,trailing 3m to 2026-08-27,Offers.Decision On,distinct person (name+phone),Candidates.Source as recorded,bucket: Job Board + LinkedIn
25.0,3,12,1.9,False,True,offer accepted: Offers.Status = Accepted,trailing 3m to 2026-08-27,Offers.Decision On,distinct person (name+phone),Applications.Referred By overrides Source,bucket: Job Board + LinkedIn
25.0,3,12,1.9,False,True,offer accepted: Offers.Status = Accepted,trailing 3m to 2026-08-27,Offers.Offered On,application rows,Candidates.Source as recorded,bucket: Job Board + LinkedIn
25.0,3,12,1.9,False,True,offer accepted: Offers.Status = Accepted,trailing 3m to 2026-08-27,Offers.Offered On,application rows,Applications.Referred By overrides Source,bucket: Job Board + LinkedIn
25.0,3,12,1.9,False,True,offer accepted: Offers.Status = Accepted,trailing 3m to 2026-08-27,Offers.Offered On,distinct candidate+opening,Candidates.Source as recorded,bucket: Job Board + LinkedIn
25.0,3,12,1.9,False,True,offer accepted: Offers.Status = Accepted,trailing 3m to 2026-08-27,Offers.Offered On,distinct candidate+opening,Applications.Referred By overrides Source,bucket: Job Board + LinkedIn
25.0,3,12,1.9,False,True,offer accepted: Offers.Status = Accepted,trailing 3m to 2026-08-27,Offers.Offered On,distinct candidate record,Candidates.Source as recorded,bucket: Job Board + LinkedIn
25.0,3,12,1.9,False,True,offer accepted: Offers.Status = Accepted,trailing 3m to 2026-08-27,Offers.Offered On,distinct candidate record,Applications.Referred By overrides Source,bucket: Job Board + LinkedIn
25.0,3,12,1.9,False,True,offer accepted: Offers.Status = Accepted,trailing 3m to 2026-08-27,Offers.Offered On,distinct person (name+phone),Candidates.Source as recorded,bucket: Job Board + LinkedIn
25.0,3,12,1.9,False,True,offer accepted: Offers.Status = Accepted,trailing 3m to 2026-08-27,Offers.Offered On,distinct person (name+phone),Applications.Referred By overrides Source,bucket: Job Board + LinkedIn
25.0,2,8,1.9,False,True,offer accepted: Offers.Status = Accepted,trailing 3m to 2026-09-14,Offers.Offered On,application rows,Candidates.Source as recorded,bucket: Job Board + LinkedIn + Career Site
25.0,2,8,1.9,False,True,offer accepted: Offers.Status = Accepted,trailing 3m to 2026-09-14,Offers.Offered On,application rows,Applications.Referred By overrides Source,bucket: Job Board + LinkedIn + Career Site
25.0,2,8,1.9,False,True,offer accepted: Offers.Status = Accepted,trailing 3m to 2026-09-14,Offers.Offered On,distinct candidate+opening,Candidates.Source as recorded,bucket: Job Board + LinkedIn + Career Site
25.0,2,8,1.9,False,True,offer accepted: Offers.Status = Accepted,trailing 3m to 2026-09-14,Offers.Offered On,distinct candidate+opening,Applications.Referred By overrides Source,bucket: Job Board + LinkedIn + Career Site
25.0,2,8,1.9,False,True,offer accepted: Offers.Status = Accepted,trailing 3m to 2026-09-14,Offers.Offered On,distinct candidate record,Candidates.Source as recorded,bucket: Job Board + LinkedIn + Career Site
25.0,2,8,1.9,False,True,offer accepted: Offers.Status = Accepted,trailing 3m to 2026-09-14,Offers.Offered On,distinct candidate record,Applications.Referred By overrides Source,bucket: Job Board + LinkedIn + Career Site
25.0,2,8,1.9,False,True,offer accepted: Offers.Status = Accepted,trailing 3m to 2026-09-14,Offers.Offered On,distinct person (name+phone),Candidates.Source as recorded,bucket: Job Board + LinkedIn + Career Site
25.0,2,8,1.9,False,True,offer accepted: Offers.Status = Accepted,trailing 3m to 2026-09-14,Offers.Offered On,distinct person (name+phone),Applications.Referred By overrides Source,bucket: Job Board + LinkedIn + Career Site
25.0,2,8,1.9,False,True,hire on a Filled opening: Stage = Hired and Opening.Status = Filled,trailing 6m to 2026-08-27,Applications.Closed On,distinct candidate record,Candidates.Source as recorded,bucket: Job Board + LinkedIn
25.0,2,8,1.9,False,True,hire on a Filled opening: Stage = Hired and Opening.Status = Filled,trailing 6m to 2026-08-27,Applications.Closed On,distinct candidate record,Applications.Referred By overrides Source,bucket: Job Board + LinkedIn
25.0,2,8,1.9,False,True,hire on a Filled opening: Stage = Hired and Opening.Status = Filled,trailing 6m to 2026-08-27,Applications.Closed On,distinct person (name+phone),Candidates.Source as recorded,bucket: Job Board + LinkedIn
25.0,2,8,1.9,False,True,hire on a Filled opening: Stage = Hired and Opening.Status = Filled,trailing 6m to 2026-08-27,Applications.Closed On,distinct person (name+phone),Applications.Referred By overrides Source,bucket: Job Board + LinkedIn
25.0,2,8,1.9,False,True,hire on a Filled opening: Stage = Hired and Opening.Status = Filled,trailing 3m to 2026-08-27,Applications.Closed On,application rows,Candidates.Source as recorded,bucket: Job Board + LinkedIn
25.0,2,8,1.9,False,True,hire on a Filled opening: Stage = Hired and Opening.Status = Filled,trailing 3m to 2026-08-27,Applications.Closed On,application rows,Applications.Referred By overrides Source,bucket: Job Board + LinkedIn
25.0,2,8,1.9,False,True,hire on a Filled opening: Stage = Hired and Opening.Status = Filled,trailing 3m to 2026-08-27,Applications.Closed On,distinct candidate+opening,Candidates.Source as recorded,bucket: Job Board + LinkedIn
25.0,2,8,1.9,False,True,hire on a Filled opening: Stage = Hired and Opening.Status = Filled,trailing 3m to 2026-08-27,Applications.Closed On,distinct candidate+opening,Applications.Referred By overrides Source,bucket: Job Board + LinkedIn
25.0,2,8,1.9,False,True,hire on a Filled opening: Stage = Hired and Opening.Status = Filled,trailing 3m to 2026-08-27,Applications.Closed On,distinct candidate record,Candidates.Source as recorded,bucket: Job Board + LinkedIn
25.0,2,8,1.9,False,True,hire on a Filled opening: Stage = Hired and Opening.Status = Filled,trailing 3m to 2026-08-27,Applications.Closed On,distinct candidate record,Applications.Referred By overrides Source,bucket: Job Board + LinkedIn
25.0,2,8,1.9,False,True,hire on a Filled opening: Stage = Hired and Opening.Status = Filled,trailing 3m to 2026-08-27,Applications.Closed On,distinct person (name+phone),Candidates.Source as recorded,bucket: Job Board + LinkedIn
25.0,2,8,1.9,False,True,hire on a Filled opening: Stage = Hired and Opening.Status = Filled,trailing 3m to 2026-08-27,Applications.Closed On,distinct person (name+phone),Applications.Referred By overrides Source,bucket: Job Board + LinkedIn
25.0,2,8,1.9,False,True,hire on a Filled opening: Stage = Hired and Opening.Status = Filled,trailing 6m to 2026-09-14,Applications.Closed On,distinct candidate record,Candidates.Source as recorded,bucket: Job Board + LinkedIn
25.0,2,8,1.9,False,True,hire on a Filled opening: Stage = Hired and Opening.Status = Filled,trailing 6m to 2026-09-14,Applications.Closed On,distinct candidate record,Applications.Referred By overrides Source,bucket: Job Board + LinkedIn
25.0,2,8,1.9,False,True,hire on a Filled opening: Stage = Hired and Opening.Status = Filled,trailing 6m to 2026-09-14,Applications.Closed On,distinct person (name+phone),Candidates.Source as recorded,bucket: Job Board + LinkedIn
25.0,2,8,1.9,False,True,hire on a Filled opening: Stage = Hired and Opening.Status = Filled,trailing 6m to 2026-09-14,Applications.Closed On,distinct person (name+phone),Applications.Referred By overrides Source,bucket: Job Board + LinkedIn
25.0,2,8,1.9,False,True,hire on a Filled opening: Stage = Hired and Opening.Status = Filled,2026 YTD to 2026-09-14,Applications.Closed On,distinct candidate record,Candidates.Source as recorded,bucket: Job Board + LinkedIn
25.0,2,8,1.9,False,True,hire on a Filled opening: Stage = Hired and Opening.Status = Filled,2026 YTD to 2026-09-14,Applications.Closed On,distinct candidate record,Applications.Referred By overrides Source,bucket: Job Board + LinkedIn
25.0,2,8,1.9,False,True,hire on a Filled opening: Stage = Hired and Opening.Status = Filled,2026 YTD to 2026-09-14,Applications.Closed On,distinct person (name+phone),Candidates.Source as recorded,bucket: Job Board + LinkedIn
25.0,2,8,1.9,False,True,hire on a Filled opening: Stage = Hired and Opening.Status = Filled,2026 YTD to 2026-09-14,Applications.Closed On,distinct person (name+phone),Applications.Referred By overrides Source,bucket: Job Board + LinkedIn
29.17,7,24,2.27,False,True,hired: Applications.Stage = Hired,all time,none (all time),distinct candidate record,Candidates.Source as recorded,raw Source = Job Board
29.17,7,24,2.27,False,True,hired: Applications.Stage = Hired,all time,none (all time),distinct person (name+phone),Applications.Referred By overrides Source,raw Source = Job Board
29.17,7,24,2.27,False,True,hired: Applications.Stage = Hired,trailing 12m to 2026-08-27,Applications.Closed On,distinct candidate record,Candidates.Source as recorded,raw Source = Job Board
29.17,7,24,2.27,False,True,hired: Applications.Stage = Hired,trailing 12m to 2026-08-27,Applications.Closed On,distinct person (name+phone),Applications.Referred By overrides Source,raw Source = Job Board
29.17,7,24,2.27,False,True,hired: Applications.Stage = Hired,trailing 12m to 2026-08-27,Applications.Applied On,distinct candidate record,Candidates.Source as recorded,raw Source = Job Board
29.17,7,24,2.27,False,True,hired: Applications.Stage = Hired,trailing 12m to 2026-08-27,Applications.Applied On,distinct person (name+phone),Applications.Referred By overrides Source,raw Source = Job Board
29.17,7,24,2.27,False,True,hired: Applications.Stage = Hired,trailing 12m to 2026-08-27,Offers.Decision On,distinct candidate record,Candidates.Source as recorded,raw Source = Job Board
29.17,7,24,2.27,False,True,hired: Applications.Stage = Hired,trailing 12m to 2026-08-27,Offers.Decision On,distinct person (name+phone),Applications.Referred By overrides Source,raw Source = Job Board
29.17,7,24,2.27,False,True,hired: Applications.Stage = Hired,trailing 12m to 2026-08-27,Offers.Proposed Start Date,application rows,Candidates.Source as recorded,raw Source = Job Board
29.17,7,24,2.27,False,True,hired: Applications.Stage = Hired,trailing 12m to 2026-08-27,Offers.Proposed Start Date,distinct candidate+opening,Candidates.Source as recorded,raw Source = Job Board
29.17,7,24,2.27,False,True,hired: Applications.Stage = Hired,trailing 12m to 2026-09-14,Applications.Closed On,distinct candidate record,Candidates.Source as recorded,raw Source = Job Board
29.17,7,24,2.27,False,True,hired: Applications.Stage = Hired,trailing 12m to 2026-09-14,Applications.Closed On,distinct person (name+phone),Applications.Referred By overrides Source,raw Source = Job Board
29.17,7,24,2.27,False,True,hired: Applications.Stage = Hired,trailing 12m to 2026-09-14,Offers.Decision On,distinct candidate record,Candidates.Source as recorded,raw Source = Job Board
29.17,7,24,2.27,False,True,hired: Applications.Stage = Hired,trailing 12m to 2026-09-14,Offers.Decision On,distinct person (name+phone),Applications.Referred By overrides Source,raw Source = Job Board
29.17,7,24,2.27,False,True,hired: Applications.Stage = Hired,trailing 12m to 2026-09-14,Offers.Proposed Start Date,distinct candidate+opening,Candidates.Source as recorded,raw Source = Job Board
29.17,7,24,2.27,False,True,offer accepted: Offers.Status = Accepted,all time,none (all time),distinct candidate record,Candidates.Source as recorded,raw Source = Job Board
29.17,7,24,2.27,False,True,offer accepted: Offers.Status = Accepted,all time,none (all time),distinct person (name+phone),Applications.Referred By overrides Source,raw Source = Job Board
29.17,7,24,2.27,False,True,offer accepted: Offers.Status = Accepted,trailing 12m to 2026-08-27,Offers.Decision On,distinct candidate record,Candidates.Source as recorded,raw Source = Job Board
29.17,7,24,2.27,False,True,offer accepted: Offers.Status = Accepted,trailing 12m to 2026-08-27,Offers.Decision On,distinct person (name+phone),Applications.Referred By overrides Source,raw Source = Job Board
29.17,7,24,2.27,False,True,offer accepted: Offers.Status = Accepted,trailing 12m to 2026-08-27,Offers.Offered On,distinct candidate record,Candidates.Source as recorded,raw Source = Job Board
29.17,7,24,2.27,False,True,offer accepted: Offers.Status = Accepted,trailing 12m to 2026-08-27,Offers.Offered On,distinct person (name+phone),Applications.Referred By overrides Source,raw Source = Job Board
29.17,7,24,2.27,False,True,offer accepted: Offers.Status = Accepted,trailing 12m to 2026-08-27,Offers.Proposed Start Date,application rows,Candidates.Source as recorded,raw Source = Job Board
29.17,7,24,2.27,False,True,offer accepted: Offers.Status = Accepted,trailing 12m to 2026-08-27,Offers.Proposed Start Date,distinct candidate+opening,Candidates.Source as recorded,raw Source = Job Board
29.17,7,24,2.27,False,True,offer accepted: Offers.Status = Accepted,trailing 12m to 2026-09-14,Offers.Decision On,distinct candidate record,Candidates.Source as recorded,raw Source = Job Board
29.17,7,24,2.27,False,True,offer accepted: Offers.Status = Accepted,trailing 12m to 2026-09-14,Offers.Decision On,distinct person (name+phone),Applications.Referred By overrides Source,raw Source = Job Board
29.17,7,24,2.27,False,True,offer accepted: Offers.Status = Accepted,trailing 12m to 2026-09-14,Offers.Offered On,distinct candidate record,Candidates.Source as recorded,raw Source = Job Board
29.17,7,24,2.27,False,True,offer accepted: Offers.Status = Accepted,trailing 12m to 2026-09-14,Offers.Offered On,distinct person (name+phone),Applications.Referred By overrides Source,raw Source = Job Board
29.17,7,24,2.27,False,True,offer accepted: Offers.Status = Accepted,trailing 12m to 2026-09-14,Offers.Proposed Start Date,distinct candidate+opening,Candidates.Source as recorded,raw Source = Job Board
29.17,7,24,2.27,False,True,hire started: Accepted and Proposed Start Date <= 2026-08-27,all time,none (all time),application rows,Candidates.Source as recorded,raw Source = Job Board
29.17,7,24,2.27,False,True,hire started: Accepted and Proposed Start Date <= 2026-08-27,all time,none (all time),distinct candidate+opening,Candidates.Source as recorded,raw Source = Job Board
29.17,7,24,2.27,False,True,hire started: Accepted and Proposed Start Date <= 2026-08-27,trailing 12m to 2026-08-27,Offers.Proposed Start Date,application rows,Candidates.Source as recorded,raw Source = Job Board
29.17,7,24,2.27,False,True,hire started: Accepted and Proposed Start Date <= 2026-08-27,trailing 12m to 2026-08-27,Offers.Proposed Start Date,distinct candidate+opening,Candidates.Source as recorded,raw Source = Job Board
29.17,7,24,2.27,False,True,hire started: Accepted and Proposed Start Date <= 2026-08-27,trailing 12m to 2026-09-14,Offers.Proposed Start Date,application rows,Candidates.Source as recorded,raw Source = Job Board
29.17,7,24,2.27,False,True,hire started: Accepted and Proposed Start Date <= 2026-08-27,trailing 12m to 2026-09-14,Offers.Proposed Start Date,distinct candidate+opening,Candidates.Source as recorded,raw Source = Job Board
29.17,7,24,2.27,False,True,hire started: Accepted and Proposed Start Date <= 2026-09-14,all time,none (all time),distinct candidate+opening,Candidates.Source as recorded,raw Source = Job Board
29.17,7,24,2.27,False,True,hire started: Accepted and Proposed Start Date <= 2026-09-14,trailing 12m to 2026-08-27,Offers.Proposed Start Date,application rows,Candidates.Source as recorded,raw Source = Job Board
29.17,7,24,2.27,False,True,hire started: Accepted and Proposed Start Date <= 2026-09-14,trailing 12m to 2026-08-27,Offers.Proposed Start Date,distinct candidate+opening,Candidates.Source as recorded,raw Source = Job Board
29.17,7,24,2.27,False,True,hire started: Accepted and Proposed Start Date <= 2026-09-14,trailing 12m to 2026-09-14,Offers.Proposed Start Date,distinct candidate+opening,Candidates.Source as recorded,raw Source = Job Board
29.17,7,24,2.27,False,True,offer extended: any Offer record,trailing 6m to 2026-08-27,Offers.Offered On,application rows,Candidates.Source as recorded,raw Source = Job Board
29.17,7,24,2.27,False,True,offer extended: any Offer record,trailing 6m to 2026-08-27,Offers.Offered On,application rows,Applications.Referred By overrides Source,raw Source = Job Board
29.17,7,24,2.27,False,True,offer extended: any Offer record,trailing 6m to 2026-08-27,Offers.Offered On,distinct candidate+opening,Candidates.Source as recorded,raw Source = Job Board
29.17,7,24,2.27,False,True,offer extended: any Offer record,trailing 6m to 2026-08-27,Offers.Offered On,distinct candidate+opening,Applications.Referred By overrides Source,raw Source = Job Board
29.41,5,17,2.51,False,True,hired: Applications.Stage = Hired,trailing 6m to 2026-09-14,Offers.Proposed Start Date,application rows,Candidates.Source as recorded,bucket: Job Board + LinkedIn
29.41,5,17,2.51,False,True,hired: Applications.Stage = Hired,trailing 6m to 2026-09-14,Offers.Proposed Start Date,application rows,Applications.Referred By overrides Source,bucket: Job Board + LinkedIn
29.41,5,17,2.51,False,True,hired: Applications.Stage = Hired,2026 YTD to 2026-09-14,Applications.Applied On,distinct candidate+opening,Candidates.Source as recorded,bucket: Job Board + LinkedIn
29.41,5,17,2.51,False,True,hired: Applications.Stage = Hired,2026 YTD to 2026-09-14,Applications.Applied On,distinct candidate+opening,Applications.Referred By overrides Source,bucket: Job Board + LinkedIn
29.41,5,17,2.51,False,True,offer accepted: Offers.Status = Accepted,trailing 6m to 2026-09-14,Offers.Proposed Start Date,application rows,Candidates.Source as recorded,bucket: Job Board + LinkedIn
29.41,5,17,2.51,False,True,offer accepted: Offers.Status = Accepted,trailing 6m to 2026-09-14,Offers.Proposed Start Date,application rows,Applications.Referred By overrides Source,bucket: Job Board + LinkedIn
29.41,5,17,2.51,False,True,hire started: Accepted and Proposed Start Date <= 2026-09-14,trailing 6m to 2026-09-14,Offers.Proposed Start Date,application rows,Candidates.Source as recorded,bucket: Job Board + LinkedIn
29.41,5,17,2.51,False,True,hire started: Accepted and Proposed Start Date <= 2026-09-14,trailing 6m to 2026-09-14,Offers.Proposed Start Date,application rows,Applications.Referred By overrides Source,bucket: Job Board + LinkedIn
24.0,6,25,2.9,False,True,hired: Applications.Stage = Hired,all time,none (all time),distinct candidate+opening,Applications.Referred By overrides Source,raw Source = Job Board
24.0,6,25,2.9,False,True,hired: Applications.Stage = Hired,trailing 12m to 2026-08-27,Applications.Closed On,distinct candidate+opening,Applications.Referred By overrides Source,raw Source = Job Board
24.0,6,25,2.9,False,True,hired: Applications.Stage = Hired,trailing 12m to 2026-08-27,Applications.Applied On,distinct candidate+opening,Applications.Referred By overrides Source,raw Source = Job Board
24.0,6,25,2.9,False,True,hired: Applications.Stage = Hired,trailing 12m to 2026-08-27,Offers.Decision On,distinct candidate+opening,Applications.Referred By overrides Source,raw Source = Job Board
24.0,6,25,2.9,False,True,hired: Applications.Stage = Hired,trailing 12m to 2026-09-14,Applications.Closed On,distinct candidate+opening,Applications.Referred By overrides Source,raw Source = Job Board
24.0,6,25,2.9,False,True,hired: Applications.Stage = Hired,trailing 12m to 2026-09-14,Applications.Applied On,application rows,Candidates.Source as recorded,raw Source = Job Board
24.0,6,25,2.9,False,True,hired: Applications.Stage = Hired,trailing 12m to 2026-09-14,Offers.Decision On,distinct candidate+opening,Applications.Referred By overrides Source,raw Source = Job Board
24.0,6,25,2.9,False,True,hired: Applications.Stage = Hired,trailing 12m to 2026-09-14,Offers.Proposed Start Date,application rows,Applications.Referred By overrides Source,raw Source = Job Board
24.0,6,25,2.9,False,True,offer accepted: Offers.Status = Accepted,all time,none (all time),distinct candidate+opening,Applications.Referred By overrides Source,raw Source = Job Board
24.0,6,25,2.9,False,True,offer accepted: Offers.Status = Accepted,trailing 12m to 2026-08-27,Offers.Decision On,distinct candidate+opening,Applications.Referred By overrides Source,raw Source = Job Board
24.0,6,25,2.9,False,True,offer accepted: Offers.Status = Accepted,trailing 12m to 2026-08-27,Offers.Offered On,distinct candidate+opening,Applications.Referred By overrides Source,raw Source = Job Board
24.0,6,25,2.9,False,True,offer accepted: Offers.Status = Accepted,trailing 12m to 2026-09-14,Offers.Decision On,distinct candidate+opening,Applications.Referred By overrides Source,raw Source = Job Board
24.0,6,25,2.9,False,True,offer accepted: Offers.Status = Accepted,trailing 12m to 2026-09-14,Offers.Offered On,distinct candidate+opening,Applications.Referred By overrides Source,raw Source = Job Board
24.0,6,25,2.9,False,True,offer accepted: Offers.Status = Accepted,trailing 12m to 2026-09-14,Offers.Proposed Start Date,application rows,Applications.Referred By overrides Source,raw Source = Job Board
24.0,6,25,2.9,False,True,hire started: Accepted and Proposed Start Date <= 2026-09-14,all time,none (all time),application rows,Applications.Referred By overrides Source,raw Source = Job Board
24.0,6,25,2.9,False,True,hire started: Accepted and Proposed Start Date <= 2026-09-14,trailing 12m to 2026-09-14,Offers.Proposed Start Date,application rows,Applications.Referred By overrides Source,raw Source = Job Board
30.0,6,20,3.1,False,True,hired: Applications.Stage = Hired,2026 YTD to 2026-09-14,Offers.Decision On,application rows,Candidates.Source as recorded,bucket: Job Board + LinkedIn
30.0,6,20,3.1,False,True,hired: Applications.Stage = Hired,2026 YTD to 2026-09-14,Offers.Decision On,application rows,Applications.Referred By overrides Source,bucket: Job Board + LinkedIn
30.0,6,20,3.1,False,True,offer accepted: Offers.Status = Accepted,2026 YTD to 2026-09-14,Offers.Decision On,application rows,Candidates.Source as recorded,bucket: Job Board + LinkedIn
30.0,6,20,3.1,False,True,offer accepted: Offers.Status = Accepted,2026 YTD to 2026-09-14,Offers.Decision On,application rows,Applications.Referred By overrides Source,bucket: Job Board + LinkedIn
30.43,7,23,3.53,False,True,hired: Applications.Stage = Hired,trailing 12m to 2026-08-27,Offers.Proposed Start Date,distinct candidate record,Candidates.Source as recorded,raw Source = Job Board
30.43,7,23,3.53,False,True,hired: Applications.Stage = Hired,trailing 12m to 2026-08-27,Offers.Proposed Start Date,distinct person (name+phone),Applications.Referred By overrides Source,raw Source = Job Board
30.43,7,23,3.53,False,True,hired: Applications.Stage = Hired,trailing 12m to 2026-09-14,Applications.Applied On,distinct person (name+phone),Candidates.Source as recorded,raw Source = Job Board
30.43,7,23,3.53,False,True,hired: Applications.Stage = Hired,trailing 12m to 2026-09-14,Offers.Proposed Start Date,distinct candidate record,Candidates.Source as recorded,raw Source = Job Board
30.43,7,23,3.53,False,True,hired: Applications.Stage = Hired,trailing 12m to 2026-09-14,Offers.Proposed Start Date,distinct person (name+phone),Applications.Referred By overrides Source,raw Source = Job Board
30.43,7,23,3.53,False,True,offer accepted: Offers.Status = Accepted,trailing 12m to 2026-08-27,Offers.Proposed Start Date,distinct candidate record,Candidates.Source as recorded,raw Source = Job Board
30.43,7,23,3.53,False,True,offer accepted: Offers.Status = Accepted,trailing 12m to 2026-08-27,Offers.Proposed Start Date,distinct person (name+phone),Applications.Referred By overrides Source,raw Source = Job Board
30.43,7,23,3.53,False,True,offer accepted: Offers.Status = Accepted,trailing 12m to 2026-09-14,Offers.Proposed Start Date,distinct candidate record,Candidates.Source as recorded,raw Source = Job Board
30.43,7,23,3.53,False,True,offer accepted: Offers.Status = Accepted,trailing 12m to 2026-09-14,Offers.Proposed Start Date,distinct person (name+phone),Applications.Referred By overrides Source,raw Source = Job Board
30.43,7,23,3.53,False,True,hire started: Accepted and Proposed Start Date <= 2026-08-27,all time,none (all time),distinct candidate record,Candidates.Source as recorded,raw Source = Job Board
30.43,7,23,3.53,False,True,hire started: Accepted and Proposed Start Date <= 2026-08-27,all time,none (all time),distinct person (name+phone),Applications.Referred By overrides Source,raw Source = Job Board
30.43,7,23,3.53,False,True,hire started: Accepted and Proposed Start Date <= 2026-08-27,trailing 12m to 2026-08-27,Offers.Proposed Start Date,distinct candidate record,Candidates.Source as recorded,raw Source = Job Board
30.43,7,23,3.53,False,True,hire started: Accepted and Proposed Start Date <= 2026-08-27,trailing 12m to 2026-08-27,Offers.Proposed Start Date,distinct person (name+phone),Applications.Referred By overrides Source,raw Source = Job Board
30.43,7,23,3.53,False,True,hire started: Accepted and Proposed Start Date <= 2026-08-27,trailing 12m to 2026-09-14,Offers.Proposed Start Date,distinct candidate record,Candidates.Source as recorded,raw Source = Job Board
30.43,7,23,3.53,False,True,hire started: Accepted and Proposed Start Date <= 2026-08-27,trailing 12m to 2026-09-14,Offers.Proposed Start Date,distinct person (name+phone),Applications.Referred By overrides Source,raw Source = Job Board
30.43,7,23,3.53,False,True,hire started: Accepted and Proposed Start Date <= 2026-09-14,all time,none (all time),distinct candidate record,Candidates.Source as recorded,raw Source = Job Board
30.43,7,23,3.53,False,True,hire started: Accepted and Proposed Start Date <= 2026-09-14,all time,none (all time),distinct person (name+phone),Applications.Referred By overrides Source,raw Source = Job Board
30.43,7,23,3.53,False,True,hire started: Accepted and Proposed Start Date <= 2026-09-14,trailing 12m to 2026-08-27,Offers.Proposed Start Date,distinct candidate record,Candidates.Source as recorded,raw Source = Job Board
30.43,7,23,3.53,False,True,hire started: Accepted and Proposed Start Date <= 2026-09-14,trailing 12m to 2026-08-27,Offers.Proposed Start Date,distinct person (name+phone),Applications.Referred By overrides Source,raw Source = Job Board
30.43,7,23,3.53,False,True,hire started: Accepted and Proposed Start Date <= 2026-09-14,trailing 12m to 2026-09-14,Offers.Proposed Start Date,distinct candidate record,Candidates.Source as recorded,raw Source = Job Board
30.43,7,23,3.53,False,True,hire started: Accepted and Proposed Start Date <= 2026-09-14,trailing 12m to 2026-09-14,Offers.Proposed Start Date,distinct person (name+phone),Applications.Referred By overrides Source,raw Source = Job Board
30.43,7,23,3.53,False,True,offer extended: any Offer record,trailing 6m to 2026-08-27,Offers.Offered On,distinct candidate record,Candidates.Source as recorded,raw Source = Job Board
30.43,7,23,3.53,False,True,offer extended: any Offer record,trailing 6m to 2026-08-27,Offers.Offered On,distinct candidate record,Applications.Referred By overrides Source,raw Source = Job Board
30.43,7,23,3.53,False,True,offer extended: any Offer record,trailing 6m to 2026-08-27,Offers.Offered On,distinct person (name+phone),Candidates.Source as recorded,raw Source = Job Board
30.43,7,23,3.53,False,True,offer extended: any Offer record,trailing 6m to 2026-08-27,Offers.Offered On,distinct person (name+phone),Applications.Referred By overrides Source,raw Source = Job Board
30.43,7,23,3.53,False,True,offer extended: any Offer record,trailing 6m to 2026-09-14,Offers.Offered On,application rows,Candidates.Source as recorded,raw Source = Job Board
30.43,7,23,3.53,False,True,offer extended: any Offer record,trailing 6m to 2026-09-14,Offers.Offered On,application rows,Applications.Referred By overrides Source,raw Source = Job Board
30.43,7,23,3.53,False,True,offer extended: any Offer record,trailing 6m to 2026-09-14,Offers.Offered On,distinct candidate+opening,Candidates.Source as recorded,raw Source = Job Board
30.43,7,23,3.53,False,True,offer extended: any Offer record,trailing 6m to 2026-09-14,Offers.Offered On,distinct candidate+opening,Applications.Referred By overrides Source,raw Source = Job Board
23.08,6,26,3.82,False,True,hired: Applications.Stage = Hired,all time,none (all time),application rows,Applications.Referred By overrides Source,raw Source = Job Board
23.08,6,26,3.82,False,True,hired: Applications.Stage = Hired,trailing 12m to 2026-08-27,Applications.Closed On,application rows,Applications.Referred By overrides Source,raw Source = Job Board
23.08,6,26,3.82,False,True,hired: Applications.Stage = Hired,trailing 12m to 2026-08-27,Applications.Applied On,application rows,Applications.Referred By overrides Source,raw Source = Job Board
23.08,6,26,3.82,False,True,hired: Applications.Stage = Hired,trailing 12m to 2026-08-27,Offers.Decision On,application rows,Applications.Referred By overrides Source,raw Source = Job Board
23.08,6,26,3.82,False,True,hired: Applications.Stage = Hired,trailing 12m to 2026-09-14,Applications.Closed On,application rows,Applications.Referred By overrides Source,raw Source = Job Board
23.08,6,26,3.82,False,True,hired: Applications.Stage = Hired,trailing 12m to 2026-09-14,Offers.Decision On,application rows,Applications.Referred By overrides Source,raw Source = Job Board
23.08,6,26,3.82,False,True,offer accepted: Offers.Status = Accepted,all time,none (all time),application rows,Applications.Referred By overrides Source,raw Source = Job Board
23.08,6,26,3.82,False,True,offer accepted: Offers.Status = Accepted,trailing 12m to 2026-08-27,Offers.Decision On,application rows,Applications.Referred By overrides Source,raw Source = Job Board
23.08,6,26,3.82,False,True,offer accepted: Offers.Status = Accepted,trailing 12m to 2026-08-27,Offers.Offered On,application rows,Applications.Referred By overrides Source,raw Source = Job Board
23.08,6,26,3.82,False,True,offer accepted: Offers.Status = Accepted,trailing 12m to 2026-09-14,Offers.Decision On,application rows,Applications.Referred By overrides Source,raw Source = Job Board
23.08,6,26,3.82,False,True,offer accepted: Offers.Status = Accepted,trailing 12m to 2026-09-14,Offers.Offered On,application rows,Applications.Referred By overrides Source,raw Source = Job Board
30.77,8,26,3.87,False,True,offer extended: any Offer record,2026 YTD to 2026-09-14,Offers.Offered On,distinct person (name+phone),Candidates.Source as recorded,raw Source = Job Board
30.77,8,26,3.87,False,True,offer extended: any Offer record,2026 YTD to 2026-09-14,Offers.Offered On,distinct person (name+phone),Applications.Referred By overrides Source,raw Source = Job Board
31.25,10,32,4.35,False,False,offer extended: any Offer record,all time,none (all time),distinct candidate record,Applications.Referred By overrides Source,raw Source = Job Board
31.25,10,32,4.35,False,False,offer extended: any Offer record,trailing 12m to 2026-08-27,Offers.Offered On,distinct candidate record,Applications.Referred By overrides Source,raw Source = Job Board
31.25,10,32,4.35,False,False,offer extended: any Offer record,trailing 12m to 2026-09-14,Offers.Offered On,distinct candidate record,Applications.Referred By overrides Source,raw Source = Job Board
31.25,5,16,4.35,False,True,hired: Applications.Stage = Hired,trailing 6m to 2026-08-27,Applications.Closed On,application rows,Candidates.Source as recorded,bucket: Job Board + LinkedIn
31.25,5,16,4.35,False,True,hired: Applications.Stage = Hired,trailing 6m to 2026-08-27,Applications.Closed On,application rows,Applications.Referred By overrides Source,bucket: Job Board + LinkedIn
31.25,5,16,4.35,False,True,hired: Applications.Stage = Hired,trailing 6m to 2026-08-27,Applications.Closed On,distinct candidate+opening,Candidates.Source as recorded,bucket: Job Board + LinkedIn
31.25,5,16,4.35,False,True,hired: Applications.Stage = Hired,trailing 6m to 2026-08-27,Applications.Closed On,distinct candidate+opening,Applications.Referred By overrides Source,bucket: Job Board + LinkedIn
31.25,5,16,4.35,False,True,hired: Applications.Stage = Hired,trailing 6m to 2026-08-27,Offers.Decision On,application rows,Candidates.Source as recorded,bucket: Job Board + LinkedIn
31.25,5,16,4.35,False,True,hired: Applications.Stage = Hired,trailing 6m to 2026-08-27,Offers.Decision On,application rows,Applications.Referred By overrides Source,bucket: Job Board + LinkedIn
31.25,5,16,4.35,False,True,hired: Applications.Stage = Hired,trailing 6m to 2026-08-27,Offers.Decision On,distinct candidate+opening,Candidates.Source as recorded,bucket: Job Board + LinkedIn
31.25,5,16,4.35,False,True,hired: Applications.Stage = Hired,trailing 6m to 2026-08-27,Offers.Decision On,distinct candidate+opening,Applications.Referred By overrides Source,bucket: Job Board + LinkedIn
31.25,5,16,4.35,False,True,hired: Applications.Stage = Hired,trailing 6m to 2026-09-14,Applications.Closed On,application rows,Candidates.Source as recorded,bucket: Job Board + LinkedIn
31.25,5,16,4.35,False,True,hired: Applications.Stage = Hired,trailing 6m to 2026-09-14,Applications.Closed On,application rows,Applications.Referred By overrides Source,bucket: Job Board + LinkedIn
31.25,5,16,4.35,False,True,hired: Applications.Stage = Hired,trailing 6m to 2026-09-14,Applications.Closed On,distinct candidate+opening,Candidates.Source as recorded,bucket: Job Board + LinkedIn
31.25,5,16,4.35,False,True,hired: Applications.Stage = Hired,trailing 6m to 2026-09-14,Applications.Closed On,distinct candidate+opening,Applications.Referred By overrides Source,bucket: Job Board + LinkedIn
31.25,5,16,4.35,False,True,hired: Applications.Stage = Hired,trailing 6m to 2026-09-14,Offers.Decision On,application rows,Candidates.Source as recorded,bucket: Job Board + LinkedIn
31.25,5,16,4.35,False,True,hired: Applications.Stage = Hired,trailing 6m to 2026-09-14,Offers.Decision On,application rows,Applications.Referred By overrides Source,bucket: Job Board + LinkedIn
31.25,5,16,4.35,False,True,hired: Applications.Stage = Hired,trailing 6m to 2026-09-14,Offers.Decision On,distinct candidate+opening,Candidates.Source as recorded,bucket: Job Board + LinkedIn
31.25,5,16,4.35,False,True,hired: Applications.Stage = Hired,trailing 6m to 2026-09-14,Offers.Decision On,distinct candidate+opening,Applications.Referred By overrides Source,bucket: Job Board + LinkedIn
31.25,5,16,4.35,False,True,hired: Applications.Stage = Hired,trailing 6m to 2026-09-14,Offers.Proposed Start Date,distinct candidate+opening,Candidates.Source as recorded,bucket: Job Board + LinkedIn
31.25,5,16,4.35,False,True,hired: Applications.Stage = Hired,trailing 6m to 2026-09-14,Offers.Proposed Start Date,distinct candidate+opening,Applications.Referred By overrides Source,bucket: Job Board + LinkedIn
31.25,5,16,4.35,False,True,hired: Applications.Stage = Hired,2026 YTD to 2026-09-14,Applications.Applied On,distinct candidate record,Candidates.Source as recorded,bucket: Job Board + LinkedIn
31.25,5,16,4.35,False,True,hired: Applications.Stage = Hired,2026 YTD to 2026-09-14,Applications.Applied On,distinct candidate record,Applications.Referred By overrides Source,bucket: Job Board + LinkedIn
31.25,5,16,4.35,False,True,hired: Applications.Stage = Hired,2026 YTD to 2026-09-14,Applications.Applied On,distinct person (name+phone),Candidates.Source as recorded,bucket: Job Board + LinkedIn
31.25,5,16,4.35,False,True,hired: Applications.Stage = Hired,2026 YTD to 2026-09-14,Applications.Applied On,distinct person (name+phone),Applications.Referred By overrides Source,bucket: Job Board + LinkedIn
31.25,5,16,4.35,False,True,offer accepted: Offers.Status = Accepted,trailing 6m to 2026-08-27,Offers.Decision On,application rows,Candidates.Source as recorded,bucket: Job Board + LinkedIn
31.25,5,16,4.35,False,True,offer accepted: Offers.Status = Accepted,trailing 6m to 2026-08-27,Offers.Decision On,application rows,Applications.Referred By overrides Source,bucket: Job Board + LinkedIn
31.25,5,16,4.35,False,True,offer accepted: Offers.Status = Accepted,trailing 6m to 2026-08-27,Offers.Decision On,distinct candidate+opening,Candidates.Source as recorded,bucket: Job Board + LinkedIn
31.25,5,16,4.35,False,True,offer accepted: Offers.Status = Accepted,trailing 6m to 2026-08-27,Offers.Decision On,distinct candidate+opening,Applications.Referred By overrides Source,bucket: Job Board + LinkedIn
31.25,5,16,4.35,False,True,offer accepted: Offers.Status = Accepted,trailing 6m to 2026-08-27,Offers.Offered On,application rows,Candidates.Source as recorded,bucket: Job Board + LinkedIn
31.25,5,16,4.35,False,True,offer accepted: Offers.Status = Accepted,trailing 6m to 2026-08-27,Offers.Offered On,application rows,Applications.Referred By overrides Source,bucket: Job Board + LinkedIn
31.25,5,16,4.35,False,True,offer accepted: Offers.Status = Accepted,trailing 6m to 2026-08-27,Offers.Offered On,distinct candidate+opening,Candidates.Source as recorded,bucket: Job Board + LinkedIn
31.25,5,16,4.35,False,True,offer accepted: Offers.Status = Accepted,trailing 6m to 2026-08-27,Offers.Offered On,distinct candidate+opening,Applications.Referred By overrides Source,bucket: Job Board + LinkedIn
31.25,5,16,4.35,False,True,offer accepted: Offers.Status = Accepted,trailing 6m to 2026-09-14,Offers.Decision On,application rows,Candidates.Source as recorded,bucket: Job Board + LinkedIn
31.25,5,16,4.35,False,True,offer accepted: Offers.Status = Accepted,trailing 6m to 2026-09-14,Offers.Decision On,application rows,Applications.Referred By overrides Source,bucket: Job Board + LinkedIn
31.25,5,16,4.35,False,True,offer accepted: Offers.Status = Accepted,trailing 6m to 2026-09-14,Offers.Decision On,distinct candidate+opening,Candidates.Source as recorded,bucket: Job Board + LinkedIn
31.25,5,16,4.35,False,True,offer accepted: Offers.Status = Accepted,trailing 6m to 2026-09-14,Offers.Decision On,distinct candidate+opening,Applications.Referred By overrides Source,bucket: Job Board + LinkedIn
31.25,5,16,4.35,False,True,offer accepted: Offers.Status = Accepted,trailing 6m to 2026-09-14,Offers.Proposed Start Date,distinct candidate+opening,Candidates.Source as recorded,bucket: Job Board + LinkedIn
31.25,5,16,4.35,False,True,offer accepted: Offers.Status = Accepted,trailing 6m to 2026-09-14,Offers.Proposed Start Date,distinct candidate+opening,Applications.Referred By overrides Source,bucket: Job Board + LinkedIn
31.25,5,16,4.35,False,True,hire started: Accepted and Proposed Start Date <= 2026-08-27,trailing 6m to 2026-09-14,Offers.Proposed Start Date,application rows,Candidates.Source as recorded,bucket: Job Board + LinkedIn
31.25,5,16,4.35,False,True,hire started: Accepted and Proposed Start Date <= 2026-08-27,trailing 6m to 2026-09-14,Offers.Proposed Start Date,application rows,Applications.Referred By overrides Source,bucket: Job Board + LinkedIn
31.25,5,16,4.35,False,True,hire started: Accepted and Proposed Start Date <= 2026-08-27,trailing 6m to 2026-09-14,Offers.Proposed Start Date,distinct candidate+opening,Candidates.Source as recorded,bucket: Job Board + LinkedIn
31.25,5,16,4.35,False,True,hire started: Accepted and Proposed Start Date <= 2026-08-27,trailing 6m to 2026-09-14,Offers.Proposed Start Date,distinct candidate+opening,Applications.Referred By overrides Source,bucket: Job Board + LinkedIn
31.25,5,16,4.35,False,True,hire started: Accepted and Proposed Start Date <= 2026-09-14,trailing 6m to 2026-09-14,Offers.Proposed Start Date,distinct candidate+opening,Candidates.Source as recorded,bucket: Job Board + LinkedIn
31.25,5,16,4.35,False,True,hire started: Accepted and Proposed Start Date <= 2026-09-14,trailing 6m to 2026-09-14,Offers.Proposed Start Date,distinct candidate+opening,Applications.Referred By overrides Source,bucket: Job Board + LinkedIn
31.58,6,19,4.68,False,True,hired: Applications.Stage = Hired,2026 YTD to 2026-09-14,Applications.Closed On,application rows,Candidates.Source as recorded,bucket: Job Board + LinkedIn
31.58,6,19,4.68,False,True,hired: Applications.Stage = Hired,2026 YTD to 2026-09-14,Applications.Closed On,application rows,Applications.Referred By overrides Source,bucket: Job Board + LinkedIn
31.58,6,19,4.68,False,True,hired: Applications.Stage = Hired,2026 YTD to 2026-09-14,Offers.Decision On,distinct candidate+opening,Candidates.Source as recorded,bucket: Job Board + LinkedIn
31.58,6,19,4.68,False,True,hired: Applications.Stage = Hired,2026 YTD to 2026-09-14,Offers.Decision On,distinct candidate+opening,Applications.Referred By overrides Source,bucket: Job Board + LinkedIn
31.58,6,19,4.68,False,True,offer accepted: Offers.Status = Accepted,2026 YTD to 2026-09-14,Offers.Decision On,distinct candidate+opening,Candidates.Source as recorded,bucket: Job Board + LinkedIn
31.58,6,19,4.68,False,True,offer accepted: Offers.Status = Accepted,2026 YTD to 2026-09-14,Offers.Decision On,distinct candidate+opening,Applications.Referred By overrides Source,bucket: Job Board + LinkedIn
31.58,6,19,4.68,False,True,offer accepted: Offers.Status = Accepted,2026 YTD to 2026-09-14,Offers.Offered On,application rows,Candidates.Source as recorded,bucket: Job Board + LinkedIn
31.58,6,19,4.68,False,True,offer accepted: Offers.Status = Accepted,2026 YTD to 2026-09-14,Offers.Offered On,application rows,Applications.Referred By overrides Source,bucket: Job Board + LinkedIn
22.22,4,18,4.68,False,True,hired: Applications.Stage = Hired,2026 YTD to 2026-09-14,Offers.Proposed Start Date,distinct candidate record,Candidates.Source as recorded,raw Source = Job Board
22.22,4,18,4.68,False,True,hired: Applications.Stage = Hired,2026 YTD to 2026-09-14,Offers.Proposed Start Date,distinct candidate record,Applications.Referred By overrides Source,raw Source = Job Board
22.22,4,18,4.68,False,True,hired: Applications.Stage = Hired,2026 YTD to 2026-09-14,Offers.Proposed Start Date,distinct person (name+phone),Candidates.Source as recorded,raw Source = Job Board
22.22,4,18,4.68,False,True,hired: Applications.Stage = Hired,2026 YTD to 2026-09-14,Offers.Proposed Start Date,distinct person (name+phone),Applications.Referred By overrides Source,raw Source = Job Board
22.22,4,18,4.68,False,True,offer accepted: Offers.Status = Accepted,2026 YTD to 2026-09-14,Offers.Proposed Start Date,distinct candidate record,Candidates.Source as recorded,raw Source = Job Board
22.22,4,18,4.68,False,True,offer accepted: Offers.Status = Accepted,2026 YTD to 2026-09-14,Offers.Proposed Start Date,distinct candidate record,Applications.Referred By overrides Source,raw Source = Job Board
22.22,4,18,4.68,False,True,offer accepted: Offers.Status = Accepted,2026 YTD to 2026-09-14,Offers.Proposed Start Date,distinct person (name+phone),Candidates.Source as recorded,raw Source = Job Board
22.22,4,18,4.68,False,True,offer accepted: Offers.Status = Accepted,2026 YTD to 2026-09-14,Offers.Proposed Start Date,distinct person (name+phone),Applications.Referred By overrides Source,raw Source = Job Board
22.22,4,18,4.68,False,True,hire started: Accepted and Proposed Start Date <= 2026-08-27,2026 YTD to 2026-09-14,Offers.Proposed Start Date,distinct candidate record,Candidates.Source as recorded,raw Source = Job Board
22.22,4,18,4.68,False,True,hire started: Accepted and Proposed Start Date <= 2026-08-27,2026 YTD to 2026-09-14,Offers.Proposed Start Date,distinct candidate record,Applications.Referred By overrides Source,raw Source = Job Board
22.22,4,18,4.68,False,True,hire started: Accepted and Proposed Start Date <= 2026-08-27,2026 YTD to 2026-09-14,Offers.Proposed Start Date,distinct person (name+phone),Candidates.Source as recorded,raw Source = Job Board
22.22,4,18,4.68,False,True,hire started: Accepted and Proposed Start Date <= 2026-08-27,2026 YTD to 2026-09-14,Offers.Proposed Start Date,distinct person (name+phone),Applications.Referred By overrides Source,raw Source = Job Board
22.22,4,18,4.68,False,True,hire started: Accepted and Proposed Start Date <= 2026-09-14,2026 YTD to 2026-09-14,Offers.Proposed Start Date,distinct candidate record,Candidates.Source as recorded,raw Source = Job Board
22.22,4,18,4.68,False,True,hire started: Accepted and Proposed Start Date <= 2026-09-14,2026 YTD to 2026-09-14,Offers.Proposed Start Date,distinct candidate record,Applications.Referred By overrides Source,raw Source = Job Board
22.22,4,18,4.68,False,True,hire started: Accepted and Proposed Start Date <= 2026-09-14,2026 YTD to 2026-09-14,Offers.Proposed Start Date,distinct person (name+phone),Candidates.Source as recorded,raw Source = Job Board
22.22,4,18,4.68,False,True,hire started: Accepted and Proposed Start Date <= 2026-09-14,2026 YTD to 2026-09-14,Offers.Proposed Start Date,distinct person (name+phone),Applications.Referred By overrides Source,raw Source = Job Board
22.22,2,9,4.68,False,True,hired: Applications.Stage = Hired,trailing 3m to 2026-09-14,Applications.Closed On,application rows,Candidates.Source as recorded,bucket: Job Board + LinkedIn
22.22,2,9,4.68,False,True,hired: Applications.Stage = Hired,trailing 3m to 2026-09-14,Applications.Closed On,application rows,Applications.Referred By overrides Source,bucket: Job Board + LinkedIn
22.22,2,9,4.68,False,True,hired: Applications.Stage = Hired,trailing 3m to 2026-09-14,Applications.Closed On,distinct candidate+opening,Candidates.Source as recorded,bucket: Job Board + LinkedIn
22.22,2,9,4.68,False,True,hired: Applications.Stage = Hired,trailing 3m to 2026-09-14,Applications.Closed On,distinct candidate+opening,Applications.Referred By overrides Source,bucket: Job Board + LinkedIn
22.22,2,9,4.68,False,True,hired: Applications.Stage = Hired,trailing 3m to 2026-09-14,Applications.Closed On,distinct candidate record,Candidates.Source as recorded,bucket: Job Board + LinkedIn
22.22,2,9,4.68,False,True,hired: Applications.Stage = Hired,trailing 3m to 2026-09-14,Applications.Closed On,distinct candidate record,Applications.Referred By overrides Source,bucket: Job Board + LinkedIn
22.22,2,9,4.68,False,True,hired: Applications.Stage = Hired,trailing 3m to 2026-09-14,Applications.Closed On,distinct person (name+phone),Candidates.Source as recorded,bucket: Job Board + LinkedIn
22.22,2,9,4.68,False,True,hired: Applications.Stage = Hired,trailing 3m to 2026-09-14,Applications.Closed On,distinct person (name+phone),Applications.Referred By overrides Source,bucket: Job Board + LinkedIn
22.22,2,9,4.68,False,True,hire on a Filled opening: Stage = Hired and Opening.Status = Filled,all time,none (all time),distinct candidate record,Candidates.Source as recorded,bucket: Job Board + LinkedIn
22.22,2,9,4.68,False,True,hire on a Filled opening: Stage = Hired and Opening.Status = Filled,all time,none (all time),distinct candidate record,Applications.Referred By overrides Source,bucket: Job Board + LinkedIn
22.22,2,9,4.68,False,True,hire on a Filled opening: Stage = Hired and Opening.Status = Filled,all time,none (all time),distinct person (name+phone),Candidates.Source as recorded,bucket: Job Board + LinkedIn
22.22,2,9,4.68,False,True,hire on a Filled opening: Stage = Hired and Opening.Status = Filled,all time,none (all time),distinct person (name+phone),Applications.Referred By overrides Source,bucket: Job Board + LinkedIn
22.22,2,9,4.68,False,True,hire on a Filled opening: Stage = Hired and Opening.Status = Filled,trailing 12m to 2026-08-27,Applications.Closed On,distinct candidate record,Candidates.Source as recorded,bucket: Job Board + LinkedIn
22.22,2,9,4.68,False,True,hire on a Filled opening: Stage = Hired and Opening.Status = Filled,trailing 12m to 2026-08-27,Applications.Closed On,distinct candidate record,Applications.Referred By overrides Source,bucket: Job Board + LinkedIn
22.22,2,9,4.68,False,True,hire on a Filled opening: Stage = Hired and Opening.Status = Filled,trailing 12m to 2026-08-27,Applications.Closed On,distinct person (name+phone),Candidates.Source as recorded,bucket: Job Board + LinkedIn
22.22,2,9,4.68,False,True,hire on a Filled opening: Stage = Hired and Opening.Status = Filled,trailing 12m to 2026-08-27,Applications.Closed On,distinct person (name+phone),Applications.Referred By overrides Source,bucket: Job Board + LinkedIn
22.22,2,9,4.68,False,True,hire on a Filled opening: Stage = Hired and Opening.Status = Filled,trailing 6m to 2026-08-27,Applications.Closed On,application rows,Candidates.Source as recorded,bucket: Job Board + LinkedIn
22.22,2,9,4.68,False,True,hire on a Filled opening: Stage = Hired and Opening.Status = Filled,trailing 6m to 2026-08-27,Applications.Closed On,application rows,Applications.Referred By overrides Source,bucket: Job Board + LinkedIn
22.22,2,9,4.68,False,True,hire on a Filled opening: Stage = Hired and Opening.Status = Filled,trailing 6m to 2026-08-27,Applications.Closed On,distinct candidate+opening,Candidates.Source as recorded,bucket: Job Board + LinkedIn
22.22,2,9,4.68,False,True,hire on a Filled opening: Stage = Hired and Opening.Status = Filled,trailing 6m to 2026-08-27,Applications.Closed On,distinct candidate+opening,Applications.Referred By overrides Source,bucket: Job Board + LinkedIn
22.22,2,9,4.68,False,True,hire on a Filled opening: Stage = Hired and Opening.Status = Filled,trailing 12m to 2026-09-14,Applications.Closed On,distinct candidate record,Candidates.Source as recorded,bucket: Job Board + LinkedIn
22.22,2,9,4.68,False,True,hire on a Filled opening: Stage = Hired and Opening.Status = Filled,trailing 12m to 2026-09-14,Applications.Closed On,distinct candidate record,Applications.Referred By overrides Source,bucket: Job Board + LinkedIn
22.22,2,9,4.68,False,True,hire on a Filled opening: Stage = Hired and Opening.Status = Filled,trailing 12m to 2026-09-14,Applications.Closed On,distinct person (name+phone),Candidates.Source as recorded,bucket: Job Board + LinkedIn
22.22,2,9,4.68,False,True,hire on a Filled opening: Stage = Hired and Opening.Status = Filled,trailing 12m to 2026-09-14,Applications.Closed On,distinct person (name+phone),Applications.Referred By overrides Source,bucket: Job Board + LinkedIn
22.22,2,9,4.68,False,True,hire on a Filled opening: Stage = Hired and Opening.Status = Filled,trailing 6m to 2026-09-14,Applications.Closed On,application rows,Candidates.Source as recorded,bucket: Job Board + LinkedIn
22.22,2,9,4.68,False,True,hire on a Filled opening: Stage = Hired and Opening.Status = Filled,trailing 6m to 2026-09-14,Applications.Closed On,application rows,Applications.Referred By overrides Source,bucket: Job Board + LinkedIn
22.22,2,9,4.68,False,True,hire on a Filled opening: Stage = Hired and Opening.Status = Filled,trailing 6m to 2026-09-14,Applications.Closed On,distinct candidate+opening,Candidates.Source as recorded,bucket: Job Board + LinkedIn
22.22,2,9,4.68,False,True,hire on a Filled opening: Stage = Hired and Opening.Status = Filled,trailing 6m to 2026-09-14,Applications.Closed On,distinct candidate+opening,Applications.Referred By overrides Source,bucket: Job Board + LinkedIn
22.22,2,9,4.68,False,True,hire on a Filled opening: Stage = Hired and Opening.Status = Filled,2026 YTD to 2026-09-14,Applications.Closed On,distinct candidate+opening,Candidates.Source as recorded,bucket: Job Board + LinkedIn
22.22,2,9,4.68,False,True,hire on a Filled opening: Stage = Hired and Opening.Status = Filled,2026 YTD to 2026-09-14,Applications.Closed On,distinct candidate+opening,Applications.Referred By overrides Source,bucket: Job Board + LinkedIn
31.82,7,22,4.92,False,True,offer extended: any Offer record,trailing 6m to 2026-09-14,Offers.Offered On,distinct candidate record,Candidates.Source as recorded,raw Source = Job Board
31.82,7,22,4.92,False,True,offer extended: any Offer record,trailing 6m to 2026-09-14,Offers.Offered On,distinct candidate record,Applications.Referred By overrides Source,raw Source = Job Board
31.82,7,22,4.92,False,True,offer extended: any Offer record,trailing 6m to 2026-09-14,Offers.Offered On,distinct person (name+phone),Candidates.Source as recorded,raw Source = Job Board
31.82,7,22,4.92,False,True,offer extended: any Offer record,trailing 6m to 2026-09-14,Offers.Offered On,distinct person (name+phone),Applications.Referred By overrides Source,raw Source = Job Board
32.0,8,25,5.1,False,True,hired: Applications.Stage = Hired,trailing 12m to 2026-09-14,Applications.Applied On,application rows,Applications.Referred By overrides Source,bucket: Job Board + LinkedIn
21.74,5,23,5.16,False,True,hired: Applications.Stage = Hired,trailing 12m to 2026-09-14,Applications.Applied On,distinct candidate record,Applications.Referred By overrides Source,raw Source = Job Board
32.14,9,28,5.24,False,True,offer extended: any Offer record,2026 YTD to 2026-09-14,Offers.Offered On,application rows,Candidates.Source as recorded,raw Source = Job Board
32.14,9,28,5.24,False,True,offer extended: any Offer record,2026 YTD to 2026-09-14,Offers.Offered On,application rows,Applications.Referred By overrides Source,raw Source = Job Board
32.26,10,31,5.36,False,False,offer extended: any Offer record,all time,none (all time),distinct person (name+phone),Applications.Referred By overrides Source,raw Source = Job Board
32.26,10,31,5.36,False,False,offer extended: any Offer record,trailing 12m to 2026-08-27,Offers.Offered On,distinct person (name+phone),Applications.Referred By overrides Source,raw Source = Job Board
32.26,10,31,5.36,False,False,offer extended: any Offer record,trailing 12m to 2026-09-14,Offers.Offered On,distinct person (name+phone),Applications.Referred By overrides Source,raw Source = Job Board
21.05,4,19,5.85,False,True,hired: Applications.Stage = Hired,2026 YTD to 2026-09-14,Offers.Proposed Start Date,distinct candidate+opening,Candidates.Source as recorded,raw Source = Job Board
21.05,4,19,5.85,False,True,hired: Applications.Stage = Hired,2026 YTD to 2026-09-14,Offers.Proposed Start Date,distinct candidate+opening,Applications.Referred By overrides Source,raw Source = Job Board
21.05,4,19,5.85,False,True,offer accepted: Offers.Status = Accepted,2026 YTD to 2026-09-14,Offers.Proposed Start Date,distinct candidate+opening,Candidates.Source as recorded,raw Source = Job Board
21.05,4,19,5.85,False,True,offer accepted: Offers.Status = Accepted,2026 YTD to 2026-09-14,Offers.Proposed Start Date,distinct candidate+opening,Applications.Referred By overrides Source,raw Source = Job Board
21.05,4,19,5.85,False,True,hire started: Accepted and Proposed Start Date <= 2026-08-27,2026 YTD to 2026-09-14,Offers.Proposed Start Date,application rows,Candidates.Source as recorded,raw Source = Job Board
21.05,4,19,5.85,False,True,hire started: Accepted and Proposed Start Date <= 2026-08-27,2026 YTD to 2026-09-14,Offers.Proposed Start Date,application rows,Applications.Referred By overrides Source,raw Source = Job Board
21.05,4,19,5.85,False,True,hire started: Accepted and Proposed Start Date <= 2026-08-27,2026 YTD to 2026-09-14,Offers.Proposed Start Date,distinct candidate+opening,Candidates.Source as recorded,raw Source = Job Board
21.05,4,19,5.85,False,True,hire started: Accepted and Proposed Start Date <= 2026-08-27,2026 YTD to 2026-09-14,Offers.Proposed Start Date,distinct candidate+opening,Applications.Referred By overrides Source,raw Source = Job Board
21.05,4,19,5.85,False,True,hire started: Accepted and Proposed Start Date <= 2026-09-14,2026 YTD to 2026-09-14,Offers.Proposed Start Date,distinct candidate+opening,Candidates.Source as recorded,raw Source = Job Board
21.05,4,19,5.85,False,True,hire started: Accepted and Proposed Start Date <= 2026-09-14,2026 YTD to 2026-09-14,Offers.Proposed Start Date,distinct candidate+opening,Applications.Referred By overrides Source,raw Source = Job Board
20.83,5,24,6.07,False,True,hired: Applications.Stage = Hired,trailing 12m to 2026-09-14,Applications.Applied On,distinct candidate+opening,Applications.Referred By overrides Source,raw Source = Job Board
33.33,12,36,6.43,False,False,offer extended: any Offer record,all time,none (all time),application rows,Applications.Referred By overrides Source,raw Source = Job Board
33.33,12,36,6.43,False,False,offer extended: any Offer record,trailing 12m to 2026-08-27,Offers.Offered On,application rows,Applications.Referred By overrides Source,raw Source = Job Board
33.33,12,36,6.43,False,False,offer extended: any Offer record,trailing 12m to 2026-09-14,Offers.Offered On,application rows,Applications.Referred By overrides Source,raw Source = Job Board
33.33,9,27,6.43,False,True,offer extended: any Offer record,2026 YTD to 2026-09-14,Offers.Offered On,distinct candidate+opening,Candidates.Source as recorded,raw Source = Job Board
33.33,9,27,6.43,False,True,offer extended: any Offer record,2026 YTD to 2026-09-14,Offers.Offered On,distinct candidate+opening,Applications.Referred By overrides Source,raw Source = Job Board
33.33,8,24,6.43,False,True,hired: Applications.Stage = Hired,all time,none (all time),distinct person (name+phone),Candidates.Source as recorded,raw Source = Job Board
33.33,8,24,6.43,False,True,hired: Applications.Stage = Hired,trailing 12m to 2026-08-27,Applications.Closed On,distinct person (name+phone),Candidates.Source as recorded,raw Source = Job Board
33.33,8,24,6.43,False,True,hired: Applications.Stage = Hired,trailing 12m to 2026-08-27,Applications.Applied On,distinct person (name+phone),Candidates.Source as recorded,raw Source = Job Board
33.33,8,24,6.43,False,True,hired: Applications.Stage = Hired,trailing 12m to 2026-08-27,Offers.Decision On,distinct person (name+phone),Candidates.Source as recorded,raw Source = Job Board
33.33,8,24,6.43,False,True,hired: Applications.Stage = Hired,trailing 12m to 2026-09-14,Applications.Closed On,distinct person (name+phone),Candidates.Source as recorded,raw Source = Job Board
33.33,8,24,6.43,False,True,hired: Applications.Stage = Hired,trailing 12m to 2026-09-14,Applications.Applied On,distinct candidate+opening,Applications.Referred By overrides Source,bucket: Job Board + LinkedIn
33.33,8,24,6.43,False,True,hired: Applications.Stage = Hired,trailing 12m to 2026-09-14,Offers.Decision On,distinct person (name+phone),Candidates.Source as recorded,raw Source = Job Board
33.33,8,24,6.43,False,True,offer accepted: Offers.Status = Accepted,all time,none (all time),distinct person (name+phone),Candidates.Source as recorded,raw Source = Job Board
33.33,8,24,6.43,False,True,offer accepted: Offers.Status = Accepted,trailing 12m to 2026-08-27,Offers.Decision On,distinct person (name+phone),Candidates.Source as recorded,raw Source = Job Board
33.33,8,24,6.43,False,True,offer accepted: Offers.Status = Accepted,trailing 12m to 2026-08-27,Offers.Offered On,distinct person (name+phone),Candidates.Source as recorded,raw Source = Job Board
33.33,8,24,6.43,False,True,offer accepted: Offers.Status = Accepted,trailing 12m to 2026-09-14,Offers.Decision On,distinct person (name+phone),Candidates.Source as recorded,raw Source = Job Board
33.33,8,24,6.43,False,True,offer accepted: Offers.Status = Accepted,trailing 12m to 2026-09-14,Offers.Offered On,distinct person (name+phone),Candidates.Source as recorded,raw Source = Job Board
33.33,6,18,6.43,False,True,hired: Applications.Stage = Hired,2026 YTD to 2026-09-14,Applications.Closed On,distinct candidate+opening,Candidates.Source as recorded,bucket: Job Board + LinkedIn
33.33,6,18,6.43,False,True,hired: Applications.Stage = Hired,2026 YTD to 2026-09-14,Applications.Closed On,distinct candidate+opening,Applications.Referred By overrides Source,bucket: Job Board + LinkedIn
33.33,6,18,6.43,False,True,hired: Applications.Stage = Hired,2026 YTD to 2026-09-14,Offers.Decision On,distinct candidate record,Candidates.Source as recorded,bucket: Job Board + LinkedIn
33.33,6,18,6.43,False,True,hired: Applications.Stage = Hired,2026 YTD to 2026-09-14,Offers.Decision On,distinct candidate record,Applications.Referred By overrides Source,bucket: Job Board + LinkedIn
33.33,6,18,6.43,False,True,hired: Applications.Stage = Hired,2026 YTD to 2026-09-14,Offers.Decision On,distinct person (name+phone),Candidates.Source as recorded,bucket: Job Board + LinkedIn
33.33,6,18,6.43,False,True,hired: Applications.Stage = Hired,2026 YTD to 2026-09-14,Offers.Decision On,distinct person (name+phone),Applications.Referred By overrides Source,bucket: Job Board + LinkedIn
33.33,6,18,6.43,False,True,offer accepted: Offers.Status = Accepted,2026 YTD to 2026-09-14,Offers.Decision On,distinct candidate record,Candidates.Source as recorded,bucket: Job Board + LinkedIn
33.33,6,18,6.43,False,True,offer accepted: Offers.Status = Accepted,2026 YTD to 2026-09-14,Offers.Decision On,distinct candidate record,Applications.Referred By overrides Source,bucket: Job Board + LinkedIn
33.33,6,18,6.43,False,True,offer accepted: Offers.Status = Accepted,2026 YTD to 2026-09-14,Offers.Decision On,distinct person (name+phone),Candidates.Source as recorded,bucket: Job Board + LinkedIn
33.33,6,18,6.43,False,True,offer accepted: Offers.Status = Accepted,2026 YTD to 2026-09-14,Offers.Decision On,distinct person (name+phone),Applications.Referred By overrides Source,bucket: Job Board + LinkedIn
33.33,6,18,6.43,False,True,offer accepted: Offers.Status = Accepted,2026 YTD to 2026-09-14,Offers.Offered On,distinct candidate+opening,Candidates.Source as recorded,bucket: Job Board + LinkedIn
33.33,6,18,6.43,False,True,offer accepted: Offers.Status = Accepted,2026 YTD to 2026-09-14,Offers.Offered On,distinct candidate+opening,Applications.Referred By overrides Source,bucket: Job Board + LinkedIn
33.33,5,15,6.43,False,True,hired: Applications.Stage = Hired,trailing 6m to 2026-08-27,Applications.Closed On,distinct candidate record,Candidates.Source as recorded,bucket: Job Board + LinkedIn
33.33,5,15,6.43,False,True,hired: Applications.Stage = Hired,trailing 6m to 2026-08-27,Applications.Closed On,distinct candidate record,Applications.Referred By overrides Source,bucket: Job Board + LinkedIn
33.33,5,15,6.43,False,True,hired: Applications.Stage = Hired,trailing 6m to 2026-08-27,Applications.Closed On,distinct person (name+phone),Candidates.Source as recorded,bucket: Job Board + LinkedIn
33.33,5,15,6.43,False,True,hired: Applications.Stage = Hired,trailing 6m to 2026-08-27,Applications.Closed On,distinct person (name+phone),Applications.Referred By overrides Source,bucket: Job Board + LinkedIn
33.33,5,15,6.43,False,True,hired: Applications.Stage = Hired,trailing 6m to 2026-08-27,Offers.Decision On,distinct candidate record,Candidates.Source as recorded,bucket: Job Board + LinkedIn
33.33,5,15,6.43,False,True,hired: Applications.Stage = Hired,trailing 6m to 2026-08-27,Offers.Decision On,distinct candidate record,Applications.Referred By overrides Source,bucket: Job Board + LinkedIn
33.33,5,15,6.43,False,True,hired: Applications.Stage = Hired,trailing 6m to 2026-08-27,Offers.Decision On,distinct person (name+phone),Candidates.Source as recorded,bucket: Job Board + LinkedIn
33.33,5,15,6.43,False,True,hired: Applications.Stage = Hired,trailing 6m to 2026-08-27,Offers.Decision On,distinct person (name+phone),Applications.Referred By overrides Source,bucket: Job Board + LinkedIn
33.33,5,15,6.43,False,True,hired: Applications.Stage = Hired,trailing 6m to 2026-09-14,Applications.Closed On,distinct candidate record,Candidates.Source as recorded,bucket: Job Board + LinkedIn
33.33,5,15,6.43,False,True,hired: Applications.Stage = Hired,trailing 6m to 2026-09-14,Applications.Closed On,distinct candidate record,Applications.Referred By overrides Source,bucket: Job Board + LinkedIn
33.33,5,15,6.43,False,True,hired: Applications.Stage = Hired,trailing 6m to 2026-09-14,Applications.Closed On,distinct person (name+phone),Candidates.Source as recorded,bucket: Job Board + LinkedIn
33.33,5,15,6.43,False,True,hired: Applications.Stage = Hired,trailing 6m to 2026-09-14,Applications.Closed On,distinct person (name+phone),Applications.Referred By overrides Source,bucket: Job Board + LinkedIn
33.33,5,15,6.43,False,True,hired: Applications.Stage = Hired,trailing 6m to 2026-09-14,Offers.Decision On,distinct candidate record,Candidates.Source as recorded,bucket: Job Board + LinkedIn
33.33,5,15,6.43,False,True,hired: Applications.Stage = Hired,trailing 6m to 2026-09-14,Offers.Decision On,distinct candidate record,Applications.Referred By overrides Source,bucket: Job Board + LinkedIn
33.33,5,15,6.43,False,True,hired: Applications.Stage = Hired,trailing 6m to 2026-09-14,Offers.Decision On,distinct person (name+phone),Candidates.Source as recorded,bucket: Job Board + LinkedIn
33.33,5,15,6.43,False,True,hired: Applications.Stage = Hired,trailing 6m to 2026-09-14,Offers.Decision On,distinct person (name+phone),Applications.Referred By overrides Source,bucket: Job Board + LinkedIn
33.33,5,15,6.43,False,True,hired: Applications.Stage = Hired,trailing 6m to 2026-09-14,Offers.Proposed Start Date,distinct candidate record,Candidates.Source as recorded,bucket: Job Board + LinkedIn
33.33,5,15,6.43,False,True,hired: Applications.Stage = Hired,trailing 6m to 2026-09-14,Offers.Proposed Start Date,distinct candidate record,Applications.Referred By overrides Source,bucket: Job Board + LinkedIn
33.33,5,15,6.43,False,True,hired: Applications.Stage = Hired,trailing 6m to 2026-09-14,Offers.Proposed Start Date,distinct person (name+phone),Candidates.Source as recorded,bucket: Job Board + LinkedIn
33.33,5,15,6.43,False,True,hired: Applications.Stage = Hired,trailing 6m to 2026-09-14,Offers.Proposed Start Date,distinct person (name+phone),Applications.Referred By overrides Source,bucket: Job Board + LinkedIn
33.33,5,15,6.43,False,True,offer accepted: Offers.Status = Accepted,trailing 6m to 2026-08-27,Offers.Decision On,distinct candidate record,Candidates.Source as recorded,bucket: Job Board + LinkedIn
33.33,5,15,6.43,False,True,offer accepted: Offers.Status = Accepted,trailing 6m to 2026-08-27,Offers.Decision On,distinct candidate record,Applications.Referred By overrides Source,bucket: Job Board + LinkedIn
33.33,5,15,6.43,False,True,offer accepted: Offers.Status = Accepted,trailing 6m to 2026-08-27,Offers.Decision On,distinct person (name+phone),Candidates.Source as recorded,bucket: Job Board + LinkedIn
33.33,5,15,6.43,False,True,offer accepted: Offers.Status = Accepted,trailing 6m to 2026-08-27,Offers.Decision On,distinct person (name+phone),Applications.Referred By overrides Source,bucket: Job Board + LinkedIn
33.33,5,15,6.43,False,True,offer accepted: Offers.Status = Accepted,trailing 6m to 2026-08-27,Offers.Offered On,distinct candidate record,Candidates.Source as recorded,bucket: Job Board + LinkedIn
33.33,5,15,6.43,False,True,offer accepted: Offers.Status = Accepted,trailing 6m to 2026-08-27,Offers.Offered On,distinct candidate record,Applications.Referred By overrides Source,bucket: Job Board + LinkedIn
33.33,5,15,6.43,False,True,offer accepted: Offers.Status = Accepted,trailing 6m to 2026-08-27,Offers.Offered On,distinct person (name+phone),Candidates.Source as recorded,bucket: Job Board + LinkedIn
33.33,5,15,6.43,False,True,offer accepted: Offers.Status = Accepted,trailing 6m to 2026-08-27,Offers.Offered On,distinct person (name+phone),Applications.Referred By overrides Source,bucket: Job Board + LinkedIn
33.33,5,15,6.43,False,True,offer accepted: Offers.Status = Accepted,trailing 6m to 2026-09-14,Offers.Decision On,distinct candidate record,Candidates.Source as recorded,bucket: Job Board + LinkedIn
33.33,5,15,6.43,False,True,offer accepted: Offers.Status = Accepted,trailing 6m to 2026-09-14,Offers.Decision On,distinct candidate record,Applications.Referred By overrides Source,bucket: Job Board + LinkedIn
33.33,5,15,6.43,False,True,offer accepted: Offers.Status = Accepted,trailing 6m to 2026-09-14,Offers.Decision On,distinct person (name+phone),Candidates.Source as recorded,bucket: Job Board + LinkedIn
33.33,5,15,6.43,False,True,offer accepted: Offers.Status = Accepted,trailing 6m to 2026-09-14,Offers.Decision On,distinct person (name+phone),Applications.Referred By overrides Source,bucket: Job Board + LinkedIn
33.33,5,15,6.43,False,True,offer accepted: Offers.Status = Accepted,trailing 6m to 2026-09-14,Offers.Offered On,application rows,Candidates.Source as recorded,bucket: Job Board + LinkedIn
33.33,5,15,6.43,False,True,offer accepted: Offers.Status = Accepted,trailing 6m to 2026-09-14,Offers.Offered On,application rows,Applications.Referred By overrides Source,bucket: Job Board + LinkedIn
33.33,5,15,6.43,False,True,offer accepted: Offers.Status = Accepted,trailing 6m to 2026-09-14,Offers.Offered On,distinct candidate+opening,Candidates.Source as recorded,bucket: Job Board + LinkedIn
33.33,5,15,6.43,False,True,offer accepted: Offers.Status = Accepted,trailing 6m to 2026-09-14,Offers.Offered On,distinct candidate+opening,Applications.Referred By overrides Source,bucket: Job Board + LinkedIn
33.33,5,15,6.43,False,True,offer accepted: Offers.Status = Accepted,trailing 6m to 2026-09-14,Offers.Proposed Start Date,distinct candidate record,Candidates.Source as recorded,bucket: Job Board + LinkedIn
33.33,5,15,6.43,False,True,offer accepted: Offers.Status = Accepted,trailing 6m to 2026-09-14,Offers.Proposed Start Date,distinct candidate record,Applications.Referred By overrides Source,bucket: Job Board + LinkedIn
33.33,5,15,6.43,False,True,offer accepted: Offers.Status = Accepted,trailing 6m to 2026-09-14,Offers.Proposed Start Date,distinct person (name+phone),Candidates.Source as recorded,bucket: Job Board + LinkedIn
33.33,5,15,6.43,False,True,offer accepted: Offers.Status = Accepted,trailing 6m to 2026-09-14,Offers.Proposed Start Date,distinct person (name+phone),Applications.Referred By overrides Source,bucket: Job Board + LinkedIn
33.33,5,15,6.43,False,True,hire started: Accepted and Proposed Start Date <= 2026-08-27,trailing 6m to 2026-09-14,Offers.Proposed Start Date,distinct candidate record,Candidates.Source as recorded,bucket: Job Board + LinkedIn
33.33,5,15,6.43,False,True,hire started: Accepted and Proposed Start Date <= 2026-08-27,trailing 6m to 2026-09-14,Offers.Proposed Start Date,distinct candidate record,Applications.Referred By overrides Source,bucket: Job Board + LinkedIn
33.33,5,15,6.43,False,True,hire started: Accepted and Proposed Start Date <= 2026-08-27,trailing 6m to 2026-09-14,Offers.Proposed Start Date,distinct person (name+phone),Candidates.Source as recorded,bucket: Job Board + LinkedIn
33.33,5,15,6.43,False,True,hire started: Accepted and Proposed Start Date <= 2026-08-27,trailing 6m to 2026-09-14,Offers.Proposed Start Date,distinct person (name+phone),Applications.Referred By overrides Source,bucket: Job Board + LinkedIn
33.33,5,15,6.43,False,True,hire started: Accepted and Proposed Start Date <= 2026-09-14,trailing 6m to 2026-09-14,Offers.Proposed Start Date,distinct candidate record,Candidates.Source as recorded,bucket: Job Board + LinkedIn
33.33,5,15,6.43,False,True,hire started: Accepted and Proposed Start Date <= 2026-09-14,trailing 6m to 2026-09-14,Offers.Proposed Start Date,distinct candidate record,Applications.Referred By overrides Source,bucket: Job Board + LinkedIn
33.33,5,15,6.43,False,True,hire started: Accepted and Proposed Start Date <= 2026-09-14,trailing 6m to 2026-09-14,Offers.Proposed Start Date,distinct person (name+phone),Candidates.Source as recorded,bucket: Job Board + LinkedIn
33.33,5,15,6.43,False,True,hire started: Accepted and Proposed Start Date <= 2026-09-14,trailing 6m to 2026-09-14,Offers.Proposed Start Date,distinct person (name+phone),Applications.Referred By overrides Source,bucket: Job Board + LinkedIn
33.33,3,9,6.43,False,True,hired: Applications.Stage = Hired,trailing 3m to 2026-09-14,Applications.Closed On,application rows,Candidates.Source as recorded,bucket: Job Board + LinkedIn + Career Site
33.33,3,9,6.43,False,True,hired: Applications.Stage = Hired,trailing 3m to 2026-09-14,Applications.Closed On,application rows,Applications.Referred By overrides Source,bucket: Job Board + LinkedIn + Career Site
33.33,3,9,6.43,False,True,hired: Applications.Stage = Hired,trailing 3m to 2026-09-14,Applications.Closed On,distinct candidate+opening,Candidates.Source as recorded,bucket: Job Board + LinkedIn + Career Site
33.33,3,9,6.43,False,True,hired: Applications.Stage = Hired,trailing 3m to 2026-09-14,Applications.Closed On,distinct candidate+opening,Applications.Referred By overrides Source,bucket: Job Board + LinkedIn + Career Site
33.33,3,9,6.43,False,True,hired: Applications.Stage = Hired,trailing 3m to 2026-09-14,Applications.Closed On,distinct candidate record,Candidates.Source as recorded,bucket: Job Board + LinkedIn + Career Site
33.33,3,9,6.43,False,True,hired: Applications.Stage = Hired,trailing 3m to 2026-09-14,Applications.Closed On,distinct candidate record,Applications.Referred By overrides Source,bucket: Job Board + LinkedIn + Career Site
33.33,3,9,6.43,False,True,hired: Applications.Stage = Hired,trailing 3m to 2026-09-14,Applications.Closed On,distinct person (name+phone),Candidates.Source as recorded,bucket: Job Board + LinkedIn + Career Site
33.33,3,9,6.43,False,True,hired: Applications.Stage = Hired,trailing 3m to 2026-09-14,Applications.Closed On,distinct person (name+phone),Applications.Referred By overrides Source,bucket: Job Board + LinkedIn + Career Site
20.0,5,25,6.9,False,True,hired: Applications.Stage = Hired,trailing 12m to 2026-09-14,Applications.Applied On,application rows,Applications.Referred By overrides Source,raw Source = Job Board
20.0,4,20,6.9,False,True,hired: Applications.Stage = Hired,2026 YTD to 2026-09-14,Offers.Proposed Start Date,application rows,Candidates.Source as recorded,raw Source = Job Board
20.0,4,20,6.9,False,True,hired: Applications.Stage = Hired,2026 YTD to 2026-09-14,Offers.Proposed Start Date,application rows,Applications.Referred By overrides Source,raw Source = Job Board
20.0,4,20,6.9,False,True,offer accepted: Offers.Status = Accepted,2026 YTD to 2026-09-14,Offers.Proposed Start Date,application rows,Candidates.Source as recorded,raw Source = Job Board
20.0,4,20,6.9,False,True,offer accepted: Offers.Status = Accepted,2026 YTD to 2026-09-14,Offers.Proposed Start Date,application rows,Applications.Referred By overrides Source,raw Source = Job Board
20.0,4,20,6.9,False,True,hire started: Accepted and Proposed Start Date <= 2026-09-14,2026 YTD to 2026-09-14,Offers.Proposed Start Date,application rows,Candidates.Source as recorded,raw Source = Job Board
20.0,4,20,6.9,False,True,hire started: Accepted and Proposed Start Date <= 2026-09-14,2026 YTD to 2026-09-14,Offers.Proposed Start Date,application rows,Applications.Referred By overrides Source,raw Source = Job Board
20.0,2,10,6.9,False,True,hire on a Filled opening: Stage = Hired and Opening.Status = Filled,all time,none (all time),distinct candidate+opening,Candidates.Source as recorded,bucket: Job Board + LinkedIn
20.0,2,10,6.9,False,True,hire on a Filled opening: Stage = Hired and Opening.Status = Filled,all time,none (all time),distinct candidate+opening,Applications.Referred By overrides Source,bucket: Job Board + LinkedIn
20.0,2,10,6.9,False,True,hire on a Filled opening: Stage = Hired and Opening.Status = Filled,trailing 12m to 2026-08-27,Applications.Closed On,distinct candidate+opening,Candidates.Source as recorded,bucket: Job Board + LinkedIn
20.0,2,10,6.9,False,True,hire on a Filled opening: Stage = Hired and Opening.Status = Filled,trailing 12m to 2026-08-27,Applications.Closed On,distinct candidate+opening,Applications.Referred By overrides Source,bucket: Job Board + LinkedIn
20.0,2,10,6.9,False,True,hire on a Filled opening: Stage = Hired and Opening.Status = Filled,trailing 12m to 2026-09-14,Applications.Closed On,distinct candidate+opening,Candidates.Source as recorded,bucket: Job Board + LinkedIn
20.0,2,10,6.9,False,True,hire on a Filled opening: Stage = Hired and Opening.Status = Filled,trailing 12m to 2026-09-14,Applications.Closed On,distinct candidate+opening,Applications.Referred By overrides Source,bucket: Job Board + LinkedIn
20.0,2,10,6.9,False,True,hire on a Filled opening: Stage = Hired and Opening.Status = Filled,2026 YTD to 2026-09-14,Applications.Closed On,application rows,Candidates.Source as recorded,bucket: Job Board + LinkedIn
20.0,2,10,6.9,False,True,hire on a Filled opening: Stage = Hired and Opening.Status = Filled,2026 YTD to 2026-09-14,Applications.Closed On,application rows,Applications.Referred By overrides Source,bucket: Job Board + LinkedIn
20.0,1,5,6.9,False,True,hired: Applications.Stage = Hired,trailing 3m to 2026-08-27,Applications.Applied On,application rows,Candidates.Source as recorded,bucket: Job Board + LinkedIn
20.0,1,5,6.9,False,True,hired: Applications.Stage = Hired,trailing 3m to 2026-08-27,Applications.Applied On,application rows,Applications.Referred By overrides Source,bucket: Job Board + LinkedIn
20.0,1,5,6.9,False,True,hired: Applications.Stage = Hired,trailing 3m to 2026-08-27,Applications.Applied On,distinct candidate+opening,Candidates.Source as recorded,bucket: Job Board + LinkedIn
20.0,1,5,6.9,False,True,hired: Applications.Stage = Hired,trailing 3m to 2026-08-27,Applications.Applied On,distinct candidate+opening,Applications.Referred By overrides Source,bucket: Job Board + LinkedIn
20.0,1,5,6.9,False,True,hired: Applications.Stage = Hired,trailing 3m to 2026-08-27,Applications.Applied On,distinct candidate record,Candidates.Source as recorded,bucket: Job Board + LinkedIn
20.0,1,5,6.9,False,True,hired: Applications.Stage = Hired,trailing 3m to 2026-08-27,Applications.Applied On,distinct candidate record,Applications.Referred By overrides Source,bucket: Job Board + LinkedIn
20.0,1,5,6.9,False,True,hired: Applications.Stage = Hired,trailing 3m to 2026-08-27,Applications.Applied On,distinct person (name+phone),Candidates.Source as recorded,bucket: Job Board + LinkedIn
20.0,1,5,6.9,False,True,hired: Applications.Stage = Hired,trailing 3m to 2026-08-27,Applications.Applied On,distinct person (name+phone),Applications.Referred By overrides Source,bucket: Job Board + LinkedIn
34.29,12,35,7.39,False,False,offer extended: any Offer record,all time,none (all time),distinct candidate+opening,Applications.Referred By overrides Source,raw Source = Job Board
34.29,12,35,7.39,False,False,offer extended: any Offer record,trailing 12m to 2026-08-27,Offers.Offered On,distinct candidate+opening,Applications.Referred By overrides Source,raw Source = Job Board
34.29,12,35,7.39,False,False,offer extended: any Offer record,trailing 12m to 2026-09-14,Offers.Offered On,distinct candidate+opening,Applications.Referred By overrides Source,raw Source = Job Board
34.38,11,32,7.48,False,False,offer extended: any Offer record,all time,none (all time),distinct candidate record,Candidates.Source as recorded,raw Source = Job Board
34.38,11,32,7.48,False,False,offer extended: any Offer record,trailing 12m to 2026-08-27,Offers.Offered On,distinct candidate record,Candidates.Source as recorded,raw Source = Job Board
34.38,11,32,7.48,False,False,offer extended: any Offer record,trailing 12m to 2026-09-14,Offers.Offered On,distinct candidate record,Candidates.Source as recorded,raw Source = Job Board
34.62,9,26,7.72,False,True,hired: Applications.Stage = Hired,all time,none (all time),application rows,Applications.Referred By overrides Source,bucket: Job Board + LinkedIn
34.62,9,26,7.72,False,True,hired: Applications.Stage = Hired,trailing 12m to 2026-08-27,Applications.Closed On,application rows,Applications.Referred By overrides Source,bucket: Job Board + LinkedIn
34.62,9,26,7.72,False,True,hired: Applications.Stage = Hired,trailing 12m to 2026-08-27,Applications.Applied On,application rows,Applications.Referred By overrides Source,bucket: Job Board + LinkedIn
34.62,9,26,7.72,False,True,hired: Applications.Stage = Hired,trailing 12m to 2026-08-27,Offers.Decision On,application rows,Applications.Referred By overrides Source,bucket: Job Board + LinkedIn
34.62,9,26,7.72,False,True,hired: Applications.Stage = Hired,trailing 12m to 2026-09-14,Applications.Closed On,application rows,Applications.Referred By overrides Source,bucket: Job Board + LinkedIn
34.62,9,26,7.72,False,True,hired: Applications.Stage = Hired,trailing 12m to 2026-09-14,Offers.Decision On,application rows,Applications.Referred By overrides Source,bucket: Job Board + LinkedIn
34.62,9,26,7.72,False,True,offer accepted: Offers.Status = Accepted,all time,none (all time),application rows,Applications.Referred By overrides Source,bucket: Job Board + LinkedIn
34.62,9,26,7.72,False,True,offer accepted: Offers.Status = Accepted,trailing 12m to 2026-08-27,Offers.Decision On,application rows,Applications.Referred By overrides Source,bucket: Job Board + LinkedIn
34.62,9,26,7.72,False,True,offer accepted: Offers.Status = Accepted,trailing 12m to 2026-08-27,Offers.Offered On,application rows,Applications.Referred By overrides Source,bucket: Job Board + LinkedIn
34.62,9,26,7.72,False,True,offer accepted: Offers.Status = Accepted,trailing 12m to 2026-09-14,Offers.Decision On,application rows,Applications.Referred By overrides Source,bucket: Job Board + LinkedIn
34.62,9,26,7.72,False,True,offer accepted: Offers.Status = Accepted,trailing 12m to 2026-09-14,Offers.Offered On,application rows,Applications.Referred By overrides Source,bucket: Job Board + LinkedIn
34.62,9,26,7.72,False,True,offer extended: any Offer record,2026 YTD to 2026-09-14,Offers.Offered On,distinct candidate record,Candidates.Source as recorded,raw Source = Job Board
34.62,9,26,7.72,False,True,offer extended: any Offer record,2026 YTD to 2026-09-14,Offers.Offered On,distinct candidate record,Applications.Referred By overrides Source,raw Source = Job Board
34.78,8,23,7.88,False,True,hired: Applications.Stage = Hired,trailing 12m to 2026-08-27,Offers.Proposed Start Date,distinct person (name+phone),Candidates.Source as recorded,raw Source = Job Board
34.78,8,23,7.88,False,True,hired: Applications.Stage = Hired,trailing 12m to 2026-09-14,Applications.Applied On,distinct candidate record,Applications.Referred By overrides Source,bucket: Job Board + LinkedIn
34.78,8,23,7.88,False,True,hired: Applications.Stage = Hired,trailing 12m to 2026-09-14,Offers.Proposed Start Date,distinct person (name+phone),Candidates.Source as recorded,raw Source = Job Board
34.78,8,23,7.88,False,True,offer accepted: Offers.Status = Accepted,trailing 12m to 2026-08-27,Offers.Proposed Start Date,distinct person (name+phone),Candidates.Source as recorded,raw Source = Job Board
34.78,8,23,7.88,False,True,offer accepted: Offers.Status = Accepted,trailing 12m to 2026-09-14,Offers.Proposed Start Date,distinct person (name+phone),Candidates.Source as recorded,raw Source = Job Board
34.78,8,23,7.88,False,True,hire started: Accepted and Proposed Start Date <= 2026-08-27,all time,none (all time),distinct person (name+phone),Candidates.Source as recorded,raw Source = Job Board
34.78,8,23,7.88,False,True,hire started: Accepted and Proposed Start Date <= 2026-08-27,trailing 12m to 2026-08-27,Offers.Proposed Start Date,distinct person (name+phone),Candidates.Source as recorded,raw Source = Job Board
34.78,8,23,7.88,False,True,hire started: Accepted and Proposed Start Date <= 2026-08-27,trailing 12m to 2026-09-14,Offers.Proposed Start Date,distinct person (name+phone),Candidates.Source as recorded,raw Source = Job Board
34.78,8,23,7.88,False,True,hire started: Accepted and Proposed Start Date <= 2026-09-14,all time,none (all time),distinct person (name+phone),Candidates.Source as recorded,raw Source = Job Board
34.78,8,23,7.88,False,True,hire started: Accepted and Proposed Start Date <= 2026-09-14,trailing 12m to 2026-08-27,Offers.Proposed Start Date,distinct person (name+phone),Candidates.Source as recorded,raw Source = Job Board
34.78,8,23,7.88,False,True,hire started: Accepted and Proposed Start Date <= 2026-09-14,trailing 12m to 2026-09-14,Offers.Proposed Start Date,distinct person (name+phone),Candidates.Source as recorded,raw Source = Job Board
35.0,7,20,8.1,False,True,hired: Applications.Stage = Hired,2026 YTD to 2026-09-14,Offers.Proposed Start Date,application rows,Candidates.Source as recorded,bucket: Job Board + LinkedIn
35.0,7,20,8.1,False,True,hired: Applications.Stage = Hired,2026 YTD to 2026-09-14,Offers.Proposed Start Date,application rows,Applications.Referred By overrides Source,bucket: Job Board + LinkedIn
35.0,7,20,8.1,False,True,offer accepted: Offers.Status = Accepted,2026 YTD to 2026-09-14,Offers.Proposed Start Date,application rows,Candidates.Source as recorded,bucket: Job Board + LinkedIn
35.0,7,20,8.1,False,True,offer accepted: Offers.Status = Accepted,2026 YTD to 2026-09-14,Offers.Proposed Start Date,application rows,Applications.Referred By overrides Source,bucket: Job Board + LinkedIn
35.0,7,20,8.1,False,True,hire started: Accepted and Proposed Start Date <= 2026-09-14,2026 YTD to 2026-09-14,Offers.Proposed Start Date,application rows,Candidates.Source as recorded,bucket: Job Board + LinkedIn
35.0,7,20,8.1,False,True,hire started: Accepted and Proposed Start Date <= 2026-09-14,2026 YTD to 2026-09-14,Offers.Proposed Start Date,application rows,Applications.Referred By overrides Source,bucket: Job Board + LinkedIn
18.75,3,16,8.15,False,True,hired: Applications.Stage = Hired,trailing 6m to 2026-08-27,Offers.Proposed Start Date,distinct candidate record,Candidates.Source as recorded,raw Source = Job Board
18.75,3,16,8.15,False,True,hired: Applications.Stage = Hired,trailing 6m to 2026-08-27,Offers.Proposed Start Date,distinct candidate record,Applications.Referred By overrides Source,raw Source = Job Board
18.75,3,16,8.15,False,True,hired: Applications.Stage = Hired,trailing 6m to 2026-08-27,Offers.Proposed Start Date,distinct person (name+phone),Candidates.Source as recorded,raw Source = Job Board
18.75,3,16,8.15,False,True,hired: Applications.Stage = Hired,trailing 6m to 2026-08-27,Offers.Proposed Start Date,distinct person (name+phone),Applications.Referred By overrides Source,raw Source = Job Board
18.75,3,16,8.15,False,True,offer accepted: Offers.Status = Accepted,trailing 6m to 2026-08-27,Offers.Proposed Start Date,distinct candidate record,Candidates.Source as recorded,raw Source = Job Board
18.75,3,16,8.15,False,True,offer accepted: Offers.Status = Accepted,trailing 6m to 2026-08-27,Offers.Proposed Start Date,distinct candidate record,Applications.Referred By overrides Source,raw Source = Job Board
18.75,3,16,8.15,False,True,offer accepted: Offers.Status = Accepted,trailing 6m to 2026-08-27,Offers.Proposed Start Date,distinct person (name+phone),Candidates.Source as recorded,raw Source = Job Board
18.75,3,16,8.15,False,True,offer accepted: Offers.Status = Accepted,trailing 6m to 2026-08-27,Offers.Proposed Start Date,distinct person (name+phone),Applications.Referred By overrides Source,raw Source = Job Board
18.75,3,16,8.15,False,True,hire started: Accepted and Proposed Start Date <= 2026-08-27,trailing 6m to 2026-08-27,Offers.Proposed Start Date,distinct candidate record,Candidates.Source as recorded,raw Source = Job Board
18.75,3,16,8.15,False,True,hire started: Accepted and Proposed Start Date <= 2026-08-27,trailing 6m to 2026-08-27,Offers.Proposed Start Date,distinct candidate record,Applications.Referred By overrides Source,raw Source = Job Board
18.75,3,16,8.15,False,True,hire started: Accepted and Proposed Start Date <= 2026-08-27,trailing 6m to 2026-08-27,Offers.Proposed Start Date,distinct person (name+phone),Candidates.Source as recorded,raw Source = Job Board
18.75,3,16,8.15,False,True,hire started: Accepted and Proposed Start Date <= 2026-08-27,trailing 6m to 2026-08-27,Offers.Proposed Start Date,distinct person (name+phone),Applications.Referred By overrides Source,raw Source = Job Board
18.75,3,16,8.15,False,True,hire started: Accepted and Proposed Start Date <= 2026-09-14,trailing 6m to 2026-08-27,Offers.Proposed Start Date,distinct candidate record,Candidates.Source as recorded,raw Source = Job Board
18.75,3,16,8.15,False,True,hire started: Accepted and Proposed Start Date <= 2026-09-14,trailing 6m to 2026-08-27,Offers.Proposed Start Date,distinct candidate record,Applications.Referred By overrides Source,raw Source = Job Board
18.75,3,16,8.15,False,True,hire started: Accepted and Proposed Start Date <= 2026-09-14,trailing 6m to 2026-08-27,Offers.Proposed Start Date,distinct person (name+phone),Candidates.Source as recorded,raw Source = Job Board
18.75,3,16,8.15,False,True,hire started: Accepted and Proposed Start Date <= 2026-09-14,trailing 6m to 2026-08-27,Offers.Proposed Start Date,distinct person (name+phone),Applications.Referred By overrides Source,raw Source = Job Board
35.29,6,17,8.39,False,True,hired: Applications.Stage = Hired,trailing 6m to 2026-08-27,Offers.Proposed Start Date,application rows,Candidates.Source as recorded,bucket: Job Board + LinkedIn
35.29,6,17,8.39,False,True,hired: Applications.Stage = Hired,trailing 6m to 2026-08-27,Offers.Proposed Start Date,application rows,Applications.Referred By overrides Source,bucket: Job Board + LinkedIn
35.29,6,17,8.39,False,True,hired: Applications.Stage = Hired,trailing 6m to 2026-08-27,Offers.Proposed Start Date,distinct candidate+opening,Candidates.Source as recorded,bucket: Job Board + LinkedIn
35.29,6,17,8.39,False,True,hired: Applications.Stage = Hired,trailing 6m to 2026-08-27,Offers.Proposed Start Date,distinct candidate+opening,Applications.Referred By overrides Source,bucket: Job Board + LinkedIn
35.29,6,17,8.39,False,True,hired: Applications.Stage = Hired,2026 YTD to 2026-09-14,Applications.Closed On,distinct candidate record,Candidates.Source as recorded,bucket: Job Board + LinkedIn
35.29,6,17,8.39,False,True,hired: Applications.Stage = Hired,2026 YTD to 2026-09-14,Applications.Closed On,distinct candidate record,Applications.Referred By overrides Source,bucket: Job Board + LinkedIn
35.29,6,17,8.39,False,True,hired: Applications.Stage = Hired,2026 YTD to 2026-09-14,Applications.Closed On,distinct person (name+phone),Candidates.Source as recorded,bucket: Job Board + LinkedIn
35.29,6,17,8.39,False,True,hired: Applications.Stage = Hired,2026 YTD to 2026-09-14,Applications.Closed On,distinct person (name+phone),Applications.Referred By overrides Source,bucket: Job Board + LinkedIn
35.29,6,17,8.39,False,True,offer accepted: Offers.Status = Accepted,trailing 6m to 2026-08-27,Offers.Proposed Start Date,application rows,Candidates.Source as recorded,bucket: Job Board + LinkedIn
35.29,6,17,8.39,False,True,offer accepted: Offers.Status = Accepted,trailing 6m to 2026-08-27,Offers.Proposed Start Date,application rows,Applications.Referred By overrides Source,bucket: Job Board + LinkedIn
35.29,6,17,8.39,False,True,offer accepted: Offers.Status = Accepted,trailing 6m to 2026-08-27,Offers.Proposed Start Date,distinct candidate+opening,Candidates.Source as recorded,bucket: Job Board + LinkedIn
35.29,6,17,8.39,False,True,offer accepted: Offers.Status = Accepted,trailing 6m to 2026-08-27,Offers.Proposed Start Date,distinct candidate+opening,Applications.Referred By overrides Source,bucket: Job Board + LinkedIn
35.29,6,17,8.39,False,True,offer accepted: Offers.Status = Accepted,2026 YTD to 2026-09-14,Offers.Offered On,distinct candidate record,Candidates.Source as recorded,bucket: Job Board + LinkedIn
35.29,6,17,8.39,False,True,offer accepted: Offers.Status = Accepted,2026 YTD to 2026-09-14,Offers.Offered On,distinct candidate record,Applications.Referred By overrides Source,bucket: Job Board + LinkedIn
35.29,6,17,8.39,False,True,offer accepted: Offers.Status = Accepted,2026 YTD to 2026-09-14,Offers.Offered On,distinct person (name+phone),Candidates.Source as recorded,bucket: Job Board + LinkedIn
35.29,6,17,8.39,False,True,offer accepted: Offers.Status = Accepted,2026 YTD to 2026-09-14,Offers.Offered On,distinct person (name+phone),Applications.Referred By overrides Source,bucket: Job Board + LinkedIn
35.29,6,17,8.39,False,True,hire started: Accepted and Proposed Start Date <= 2026-08-27,trailing 6m to 2026-08-27,Offers.Proposed Start Date,application rows,Candidates.Source as recorded,bucket: Job Board + LinkedIn
35.29,6,17,8.39,False,True,hire started: Accepted and Proposed Start Date <= 2026-08-27,trailing 6m to 2026-08-27,Offers.Proposed Start Date,application rows,Applications.Referred By overrides Source,bucket: Job Board + LinkedIn
35.29,6,17,8.39,False,True,hire started: Accepted and Proposed Start Date <= 2026-08-27,trailing 6m to 2026-08-27,Offers.Proposed Start Date,distinct candidate+opening,Candidates.Source as recorded,bucket: Job Board + LinkedIn
35.29,6,17,8.39,False,True,hire started: Accepted and Proposed Start Date <= 2026-08-27,trailing 6m to 2026-08-27,Offers.Proposed Start Date,distinct candidate+opening,Applications.Referred By overrides Source,bucket: Job Board + LinkedIn
35.29,6,17,8.39,False,True,hire started: Accepted and Proposed Start Date <= 2026-09-14,trailing 6m to 2026-08-27,Offers.Proposed Start Date,application rows,Candidates.Source as recorded,bucket: Job Board + LinkedIn
35.29,6,17,8.39,False,True,hire started: Accepted and Proposed Start Date <= 2026-09-14,trailing 6m to 2026-08-27,Offers.Proposed Start Date,application rows,Applications.Referred By overrides Source,bucket: Job Board + LinkedIn
35.29,6,17,8.39,False,True,hire started: Accepted and Proposed Start Date <= 2026-09-14,trailing 6m to 2026-08-27,Offers.Proposed Start Date,distinct candidate+opening,Candidates.Source as recorded,bucket: Job Board + LinkedIn
35.29,6,17,8.39,False,True,hire started: Accepted and Proposed Start Date <= 2026-09-14,trailing 6m to 2026-08-27,Offers.Proposed Start Date,distinct candidate+opening,Applications.Referred By overrides Source,bucket: Job Board + LinkedIn
35.48,11,31,8.58,False,False,offer extended: any Offer record,all time,none (all time),distinct person (name+phone),Candidates.Source as recorded,raw Source = Job Board
35.48,11,31,8.58,False,False,offer extended: any Offer record,trailing 12m to 2026-08-27,Offers.Offered On,distinct person (name+phone),Candidates.Source as recorded,raw Source = Job Board
35.48,11,31,8.58,False,False,offer extended: any Offer record,trailing 12m to 2026-09-14,Offers.Offered On,distinct person (name+phone),Candidates.Source as recorded,raw Source = Job Board
18.18,2,11,8.72,False,True,hire on a Filled opening: Stage = Hired and Opening.Status = Filled,all time,none (all time),application rows,Candidates.Source as recorded,bucket: Job Board + LinkedIn
18.18,2,11,8.72,False,True,hire on a Filled opening: Stage = Hired and Opening.Status = Filled,all time,none (all time),application rows,Applications.Referred By overrides Source,bucket: Job Board + LinkedIn
18.18,2,11,8.72,False,True,hire on a Filled opening: Stage = Hired and Opening.Status = Filled,trailing 12m to 2026-08-27,Applications.Closed On,application rows,Candidates.Source as recorded,bucket: Job Board + LinkedIn
18.18,2,11,8.72,False,True,hire on a Filled opening: Stage = Hired and Opening.Status = Filled,trailing 12m to 2026-08-27,Applications.Closed On,application rows,Applications.Referred By overrides Source,bucket: Job Board + LinkedIn
18.18,2,11,8.72,False,True,hire on a Filled opening: Stage = Hired and Opening.Status = Filled,trailing 12m to 2026-09-14,Applications.Closed On,application rows,Candidates.Source as recorded,bucket: Job Board + LinkedIn
18.18,2,11,8.72,False,True,hire on a Filled opening: Stage = Hired and Opening.Status = Filled,trailing 12m to 2026-09-14,Applications.Closed On,application rows,Applications.Referred By overrides Source,bucket: Job Board + LinkedIn
35.71,5,14,8.81,False,True,hired: Applications.Stage = Hired,trailing 6m to 2026-08-27,Applications.Applied On,application rows,Candidates.Source as recorded,bucket: Job Board + LinkedIn
35.71,5,14,8.81,False,True,hired: Applications.Stage = Hired,trailing 6m to 2026-08-27,Applications.Applied On,application rows,Applications.Referred By overrides Source,bucket: Job Board + LinkedIn
35.71,5,14,8.81,False,True,hired: Applications.Stage = Hired,trailing 6m to 2026-08-27,Applications.Applied On,distinct candidate+opening,Candidates.Source as recorded,bucket: Job Board + LinkedIn
35.71,5,14,8.81,False,True,hired: Applications.Stage = Hired,trailing 6m to 2026-08-27,Applications.Applied On,distinct candidate+opening,Applications.Referred By overrides Source,bucket: Job Board + LinkedIn
35.71,5,14,8.81,False,True,hired: Applications.Stage = Hired,trailing 6m to 2026-08-27,Applications.Applied On,distinct candidate record,Candidates.Source as recorded,bucket: Job Board + LinkedIn
35.71,5,14,8.81,False,True,hired: Applications.Stage = Hired,trailing 6m to 2026-08-27,Applications.Applied On,distinct candidate record,Applications.Referred By overrides Source,bucket: Job Board + LinkedIn
35.71,5,14,8.81,False,True,hired: Applications.Stage = Hired,trailing 6m to 2026-08-27,Applications.Applied On,distinct person (name+phone),Candidates.Source as recorded,bucket: Job Board + LinkedIn
35.71,5,14,8.81,False,True,hired: Applications.Stage = Hired,trailing 6m to 2026-08-27,Applications.Applied On,distinct person (name+phone),Applications.Referred By overrides Source,bucket: Job Board + LinkedIn
35.71,5,14,8.81,False,True,hired: Applications.Stage = Hired,trailing 6m to 2026-09-14,Applications.Applied On,application rows,Candidates.Source as recorded,bucket: Job Board + LinkedIn
35.71,5,14,8.81,False,True,hired: Applications.Stage = Hired,trailing 6m to 2026-09-14,Applications.Applied On,application rows,Applications.Referred By overrides Source,bucket: Job Board + LinkedIn
35.71,5,14,8.81,False,True,hired: Applications.Stage = Hired,trailing 6m to 2026-09-14,Applications.Applied On,distinct candidate+opening,Candidates.Source as recorded,bucket: Job Board + LinkedIn
35.71,5,14,8.81,False,True,hired: Applications.Stage = Hired,trailing 6m to 2026-09-14,Applications.Applied On,distinct candidate+opening,Applications.Referred By overrides Source,bucket: Job Board + LinkedIn
35.71,5,14,8.81,False,True,hired: Applications.Stage = Hired,trailing 6m to 2026-09-14,Applications.Applied On,distinct candidate record,Candidates.Source as recorded,bucket: Job Board + LinkedIn
35.71,5,14,8.81,False,True,hired: Applications.Stage = Hired,trailing 6m to 2026-09-14,Applications.Applied On,distinct candidate record,Applications.Referred By overrides Source,bucket: Job Board + LinkedIn
35.71,5,14,8.81,False,True,hired: Applications.Stage = Hired,trailing 6m to 2026-09-14,Applications.Applied On,distinct person (name+phone),Candidates.Source as recorded,bucket: Job Board + LinkedIn
35.71,5,14,8.81,False,True,hired: Applications.Stage = Hired,trailing 6m to 2026-09-14,Applications.Applied On,distinct person (name+phone),Applications.Referred By overrides Source,bucket: Job Board + LinkedIn
35.71,5,14,8.81,False,True,offer accepted: Offers.Status = Accepted,trailing 6m to 2026-09-14,Offers.Offered On,distinct candidate record,Candidates.Source as recorded,bucket: Job Board + LinkedIn
35.71,5,14,8.81,False,True,offer accepted: Offers.Status = Accepted,trailing 6m to 2026-09-14,Offers.Offered On,distinct candidate record,Applications.Referred By overrides Source,bucket: Job Board + LinkedIn
35.71,5,14,8.81,False,True,offer accepted: Offers.Status = Accepted,trailing 6m to 2026-09-14,Offers.Offered On,distinct person (name+phone),Candidates.Source as recorded,bucket: Job Board + LinkedIn
35.71,5,14,8.81,False,True,offer accepted: Offers.Status = Accepted,trailing 6m to 2026-09-14,Offers.Offered On,distinct person (name+phone),Applications.Referred By overrides Source,bucket: Job Board + LinkedIn
36.0,9,25,9.1,False,True,hired: Applications.Stage = Hired,all time,none (all time),distinct candidate+opening,Applications.Referred By overrides Source,bucket: Job Board + LinkedIn
36.0,9,25,9.1,False,True,hired: Applications.Stage = Hired,trailing 12m to 2026-08-27,Applications.Closed On,distinct candidate+opening,Applications.Referred By overrides Source,bucket: Job Board + LinkedIn
36.0,9,25,9.1,False,True,hired: Applications.Stage = Hired,trailing 12m to 2026-08-27,Applications.Applied On,distinct candidate+opening,Applications.Referred By overrides Source,bucket: Job Board + LinkedIn
36.0,9,25,9.1,False,True,hired: Applications.Stage = Hired,trailing 12m to 2026-08-27,Offers.Decision On,distinct candidate+opening,Applications.Referred By overrides Source,bucket: Job Board + LinkedIn
36.0,9,25,9.1,False,True,hired: Applications.Stage = Hired,trailing 12m to 2026-09-14,Applications.Closed On,distinct candidate+opening,Applications.Referred By overrides Source,bucket: Job Board + LinkedIn
36.0,9,25,9.1,False,True,hired: Applications.Stage = Hired,trailing 12m to 2026-09-14,Applications.Applied On,application rows,Candidates.Source as recorded,bucket: Job Board + LinkedIn
36.0,9,25,9.1,False,True,hired: Applications.Stage = Hired,trailing 12m to 2026-09-14,Offers.Decision On,distinct candidate+opening,Applications.Referred By overrides Source,bucket: Job Board + LinkedIn
36.0,9,25,9.1,False,True,hired: Applications.Stage = Hired,trailing 12m to 2026-09-14,Offers.Proposed Start Date,application rows,Applications.Referred By overrides Source,bucket: Job Board + LinkedIn
36.0,9,25,9.1,False,True,offer accepted: Offers.Status = Accepted,all time,none (all time),distinct candidate+opening,Applications.Referred By overrides Source,bucket: Job Board + LinkedIn
36.0,9,25,9.1,False,True,offer accepted: Offers.Status = Accepted,trailing 12m to 2026-08-27,Offers.Decision On,distinct candidate+opening,Applications.Referred By overrides Source,bucket: Job Board + LinkedIn
36.0,9,25,9.1,False,True,offer accepted: Offers.Status = Accepted,trailing 12m to 2026-08-27,Offers.Offered On,distinct candidate+opening,Applications.Referred By overrides Source,bucket: Job Board + LinkedIn
36.0,9,25,9.1,False,True,offer accepted: Offers.Status = Accepted,trailing 12m to 2026-09-14,Offers.Decision On,distinct candidate+opening,Applications.Referred By overrides Source,bucket: Job Board + LinkedIn
36.0,9,25,9.1,False,True,offer accepted: Offers.Status = Accepted,trailing 12m to 2026-09-14,Offers.Offered On,distinct candidate+opening,Applications.Referred By overrides Source,bucket: Job Board + LinkedIn
36.0,9,25,9.1,False,True,offer accepted: Offers.Status = Accepted,trailing 12m to 2026-09-14,Offers.Proposed Start Date,application rows,Applications.Referred By overrides Source,bucket: Job Board + LinkedIn
36.0,9,25,9.1,False,True,hire started: Accepted and Proposed Start Date <= 2026-09-14,all time,none (all time),application rows,Applications.Referred By overrides Source,bucket: Job Board + LinkedIn
36.0,9,25,9.1,False,True,hire started: Accepted and Proposed Start Date <= 2026-09-14,trailing 12m to 2026-09-14,Offers.Proposed Start Date,application rows,Applications.Referred By overrides Source,bucket: Job Board + LinkedIn
36.11,13,36,9.21,False,False,offer extended: any Offer record,all time,none (all time),application rows,Candidates.Source as recorded,raw Source = Job Board
36.11,13,36,9.21,False,False,offer extended: any Offer record,trailing 12m to 2026-08-27,Offers.Offered On,application rows,Candidates.Source as recorded,raw Source = Job Board
36.11,13,36,9.21,False,False,offer extended: any Offer record,trailing 12m to 2026-09-14,Offers.Offered On,application rows,Candidates.Source as recorded,raw Source = Job Board
17.65,3,17,9.25,False,True,hired: Applications.Stage = Hired,trailing 6m to 2026-08-27,Offers.Proposed Start Date,application rows,Candidates.Source as recorded,raw Source = Job Board
17.65,3,17,9.25,False,True,hired: Applications.Stage = Hired,trailing 6m to 2026-08-27,Offers.Proposed Start Date,application rows,Applications.Referred By overrides Source,raw Source = Job Board
17.65,3,17,9.25,False,True,hired: Applications.Stage = Hired,trailing 6m to 2026-08-27,Offers.Proposed Start Date,distinct candidate+opening,Candidates.Source as recorded,raw Source = Job Board
17.65,3,17,9.25,False,True,hired: Applications.Stage = Hired,trailing 6m to 2026-08-27,Offers.Proposed Start Date,distinct candidate+opening,Applications.Referred By overrides Source,raw Source = Job Board
17.65,3,17,9.25,False,True,hired: Applications.Stage = Hired,2026 YTD to 2026-09-14,Applications.Closed On,distinct candidate record,Candidates.Source as recorded,raw Source = Job Board
17.65,3,17,9.25,False,True,hired: Applications.Stage = Hired,2026 YTD to 2026-09-14,Applications.Closed On,distinct candidate record,Applications.Referred By overrides Source,raw Source = Job Board
17.65,3,17,9.25,False,True,hired: Applications.Stage = Hired,2026 YTD to 2026-09-14,Applications.Closed On,distinct person (name+phone),Candidates.Source as recorded,raw Source = Job Board
17.65,3,17,9.25,False,True,hired: Applications.Stage = Hired,2026 YTD to 2026-09-14,Applications.Closed On,distinct person (name+phone),Applications.Referred By overrides Source,raw Source = Job Board
17.65,3,17,9.25,False,True,offer accepted: Offers.Status = Accepted,trailing 6m to 2026-08-27,Offers.Proposed Start Date,application rows,Candidates.Source as recorded,raw Source = Job Board
17.65,3,17,9.25,False,True,offer accepted: Offers.Status = Accepted,trailing 6m to 2026-08-27,Offers.Proposed Start Date,application rows,Applications.Referred By overrides Source,raw Source = Job Board
17.65,3,17,9.25,False,True,offer accepted: Offers.Status = Accepted,trailing 6m to 2026-08-27,Offers.Proposed Start Date,distinct candidate+opening,Candidates.Source as recorded,raw Source = Job Board
17.65,3,17,9.25,False,True,offer accepted: Offers.Status = Accepted,trailing 6m to 2026-08-27,Offers.Proposed Start Date,distinct candidate+opening,Applications.Referred By overrides Source,raw Source = Job Board
17.65,3,17,9.25,False,True,offer accepted: Offers.Status = Accepted,2026 YTD to 2026-09-14,Offers.Offered On,distinct candidate record,Candidates.Source as recorded,raw Source = Job Board
17.65,3,17,9.25,False,True,offer accepted: Offers.Status = Accepted,2026 YTD to 2026-09-14,Offers.Offered On,distinct candidate record,Applications.Referred By overrides Source,raw Source = Job Board
17.65,3,17,9.25,False,True,offer accepted: Offers.Status = Accepted,2026 YTD to 2026-09-14,Offers.Offered On,distinct person (name+phone),Candidates.Source as recorded,raw Source = Job Board
17.65,3,17,9.25,False,True,offer accepted: Offers.Status = Accepted,2026 YTD to 2026-09-14,Offers.Offered On,distinct person (name+phone),Applications.Referred By overrides Source,raw Source = Job Board
17.65,3,17,9.25,False,True,hire started: Accepted and Proposed Start Date <= 2026-08-27,trailing 6m to 2026-08-27,Offers.Proposed Start Date,application rows,Candidates.Source as recorded,raw Source = Job Board
17.65,3,17,9.25,False,True,hire started: Accepted and Proposed Start Date <= 2026-08-27,trailing 6m to 2026-08-27,Offers.Proposed Start Date,application rows,Applications.Referred By overrides Source,raw Source = Job Board
17.65,3,17,9.25,False,True,hire started: Accepted and Proposed Start Date <= 2026-08-27,trailing 6m to 2026-08-27,Offers.Proposed Start Date,distinct candidate+opening,Candidates.Source as recorded,raw Source = Job Board
17.65,3,17,9.25,False,True,hire started: Accepted and Proposed Start Date <= 2026-08-27,trailing 6m to 2026-08-27,Offers.Proposed Start Date,distinct candidate+opening,Applications.Referred By overrides Source,raw Source = Job Board
17.65,3,17,9.25,False,True,hire started: Accepted and Proposed Start Date <= 2026-09-14,trailing 6m to 2026-08-27,Offers.Proposed Start Date,application rows,Candidates.Source as recorded,raw Source = Job Board
17.65,3,17,9.25,False,True,hire started: Accepted and Proposed Start Date <= 2026-09-14,trailing 6m to 2026-08-27,Offers.Proposed Start Date,application rows,Applications.Referred By overrides Source,raw Source = Job Board
17.65,3,17,9.25,False,True,hire started: Accepted and Proposed Start Date <= 2026-09-14,trailing 6m to 2026-08-27,Offers.Proposed Start Date,distinct candidate+opening,Candidates.Source as recorded,raw Source = Job Board
17.65,3,17,9.25,False,True,hire started: Accepted and Proposed Start Date <= 2026-09-14,trailing 6m to 2026-08-27,Offers.Proposed Start Date,distinct candidate+opening,Applications.Referred By overrides Source,raw Source = Job Board
36.36,4,11,9.46,False,True,hired: Applications.Stage = Hired,trailing 3m to 2026-09-14,Offers.Proposed Start Date,application rows,Candidates.Source as recorded,bucket: Job Board + LinkedIn
36.36,4,11,9.46,False,True,hired: Applications.Stage = Hired,trailing 3m to 2026-09-14,Offers.Proposed Start Date,application rows,Applications.Referred By overrides Source,bucket: Job Board + LinkedIn
36.36,4,11,9.46,False,True,hired: Applications.Stage = Hired,trailing 3m to 2026-09-14,Offers.Proposed Start Date,distinct candidate+opening,Candidates.Source as recorded,bucket: Job Board + LinkedIn
36.36,4,11,9.46,False,True,hired: Applications.Stage = Hired,trailing 3m to 2026-09-14,Offers.Proposed Start Date,distinct candidate+opening,Applications.Referred By overrides Source,bucket: Job Board + LinkedIn
36.36,4,11,9.46,False,True,hired: Applications.Stage = Hired,trailing 3m to 2026-09-14,Offers.Proposed Start Date,distinct candidate record,Candidates.Source as recorded,bucket: Job Board + LinkedIn
36.36,4,11,9.46,False,True,hired: Applications.Stage = Hired,trailing 3m to 2026-09-14,Offers.Proposed Start Date,distinct candidate record,Applications.Referred By overrides Source,bucket: Job Board + LinkedIn
36.36,4,11,9.46,False,True,hired: Applications.Stage = Hired,trailing 3m to 2026-09-14,Offers.Proposed Start Date,distinct person (name+phone),Candidates.Source as recorded,bucket: Job Board + LinkedIn
36.36,4,11,9.46,False,True,hired: Applications.Stage = Hired,trailing 3m to 2026-09-14,Offers.Proposed Start Date,distinct person (name+phone),Applications.Referred By overrides Source,bucket: Job Board + LinkedIn
36.36,4,11,9.46,False,True,offer accepted: Offers.Status = Accepted,trailing 3m to 2026-09-14,Offers.Proposed Start Date,application rows,Candidates.Source as recorded,bucket: Job Board + LinkedIn
36.36,4,11,9.46,False,True,offer accepted: Offers.Status = Accepted,trailing 3m to 2026-09-14,Offers.Proposed Start Date,application rows,Applications.Referred By overrides Source,bucket: Job Board + LinkedIn
36.36,4,11,9.46,False,True,offer accepted: Offers.Status = Accepted,trailing 3m to 2026-09-14,Offers.Proposed Start Date,distinct candidate+opening,Candidates.Source as recorded,bucket: Job Board + LinkedIn
36.36,4,11,9.46,False,True,offer accepted: Offers.Status = Accepted,trailing 3m to 2026-09-14,Offers.Proposed Start Date,distinct candidate+opening,Applications.Referred By overrides Source,bucket: Job Board + LinkedIn
36.36,4,11,9.46,False,True,offer accepted: Offers.Status = Accepted,trailing 3m to 2026-09-14,Offers.Proposed Start Date,distinct candidate record,Candidates.Source as recorded,bucket: Job Board + LinkedIn
36.36,4,11,9.46,False,True,offer accepted: Offers.Status = Accepted,trailing 3m to 2026-09-14,Offers.Proposed Start Date,distinct candidate record,Applications.Referred By overrides Source,bucket: Job Board + LinkedIn
36.36,4,11,9.46,False,True,offer accepted: Offers.Status = Accepted,trailing 3m to 2026-09-14,Offers.Proposed Start Date,distinct person (name+phone),Candidates.Source as recorded,bucket: Job Board + LinkedIn
36.36,4,11,9.46,False,True,offer accepted: Offers.Status = Accepted,trailing 3m to 2026-09-14,Offers.Proposed Start Date,distinct person (name+phone),Applications.Referred By overrides Source,bucket: Job Board + LinkedIn
36.36,4,11,9.46,False,True,hire started: Accepted and Proposed Start Date <= 2026-09-14,trailing 3m to 2026-09-14,Offers.Proposed Start Date,application rows,Candidates.Source as recorded,bucket: Job Board + LinkedIn
36.36,4,11,9.46,False,True,hire started: Accepted and Proposed Start Date <= 2026-09-14,trailing 3m to 2026-09-14,Offers.Proposed Start Date,application rows,Applications.Referred By overrides Source,bucket: Job Board + LinkedIn
36.36,4,11,9.46,False,True,hire started: Accepted and Proposed Start Date <= 2026-09-14,trailing 3m to 2026-09-14,Offers.Proposed Start Date,distinct candidate+opening,Candidates.Source as recorded,bucket: Job Board + LinkedIn
36.36,4,11,9.46,False,True,hire started: Accepted and Proposed Start Date <= 2026-09-14,trailing 3m to 2026-09-14,Offers.Proposed Start Date,distinct candidate+opening,Applications.Referred By overrides Source,bucket: Job Board + LinkedIn
36.36,4,11,9.46,False,True,hire started: Accepted and Proposed Start Date <= 2026-09-14,trailing 3m to 2026-09-14,Offers.Proposed Start Date,distinct candidate record,Candidates.Source as recorded,bucket: Job Board + LinkedIn
36.36,4,11,9.46,False,True,hire started: Accepted and Proposed Start Date <= 2026-09-14,trailing 3m to 2026-09-14,Offers.Proposed Start Date,distinct candidate record,Applications.Referred By overrides Source,bucket: Job Board + LinkedIn
36.36,4,11,9.46,False,True,hire started: Accepted and Proposed Start Date <= 2026-09-14,trailing 3m to 2026-09-14,Offers.Proposed Start Date,distinct person (name+phone),Candidates.Source as recorded,bucket: Job Board + LinkedIn
36.36,4,11,9.46,False,True,hire started: Accepted and Proposed Start Date <= 2026-09-14,trailing 3m to 2026-09-14,Offers.Proposed Start Date,distinct person (name+phone),Applications.Referred By overrides Source,bucket: Job Board + LinkedIn
36.36,4,11,9.46,False,True,hire on a Filled opening: Stage = Hired and Opening.Status = Filled,all time,none (all time),application rows,Candidates.Source as recorded,bucket: Job Board + LinkedIn + Career Site
36.36,4,11,9.46,False,True,hire on a Filled opening: Stage = Hired and Opening.Status = Filled,all time,none (all time),application rows,Applications.Referred By overrides Source,bucket: Job Board + LinkedIn + Career Site
36.36,4,11,9.46,False,True,hire on a Filled opening: Stage = Hired and Opening.Status = Filled,trailing 12m to 2026-08-27,Applications.Closed On,application rows,Candidates.Source as recorded,bucket: Job Board + LinkedIn + Career Site
36.36,4,11,9.46,False,True,hire on a Filled opening: Stage = Hired and Opening.Status = Filled,trailing 12m to 2026-08-27,Applications.Closed On,application rows,Applications.Referred By overrides Source,bucket: Job Board + LinkedIn + Career Site
36.36,4,11,9.46,False,True,hire on a Filled opening: Stage = Hired and Opening.Status = Filled,trailing 12m to 2026-09-14,Applications.Closed On,application rows,Candidates.Source as recorded,bucket: Job Board + LinkedIn + Career Site
36.36,4,11,9.46,False,True,hire on a Filled opening: Stage = Hired and Opening.Status = Filled,trailing 12m to 2026-09-14,Applications.Closed On,application rows,Applications.Referred By overrides Source,bucket: Job Board + LinkedIn + Career Site
36.36,4,11,9.46,False,True,offer extended: any Offer record,trailing 3m to 2026-09-14,Offers.Offered On,application rows,Candidates.Source as recorded,bucket: Job Board + LinkedIn + Career Site
36.36,4,11,9.46,False,True,offer extended: any Offer record,trailing 3m to 2026-09-14,Offers.Offered On,application rows,Applications.Referred By overrides Source,bucket: Job Board + LinkedIn + Career Site
36.36,4,11,9.46,False,True,offer extended: any Offer record,trailing 3m to 2026-09-14,Offers.Offered On,distinct candidate+opening,Candidates.Source as recorded,bucket: Job Board + LinkedIn + Career Site
36.36,4,11,9.46,False,True,offer extended: any Offer record,trailing 3m to 2026-09-14,Offers.Offered On,distinct candidate+opening,Applications.Referred By overrides Source,bucket: Job Board + LinkedIn + Career Site
36.36,4,11,9.46,False,True,offer extended: any Offer record,trailing 3m to 2026-09-14,Offers.Offered On,distinct candidate record,Candidates.Source as recorded,bucket: Job Board + LinkedIn + Career Site
36.36,4,11,9.46,False,True,offer extended: any Offer record,trailing 3m to 2026-09-14,Offers.Offered On,distinct candidate record,Applications.Referred By overrides Source,bucket: Job Board + LinkedIn + Career Site
36.36,4,11,9.46,False,True,offer extended: any Offer record,trailing 3m to 2026-09-14,Offers.Offered On,distinct person (name+phone),Candidates.Source as recorded,bucket: Job Board + LinkedIn + Career Site
36.36,4,11,9.46,False,True,offer extended: any Offer record,trailing 3m to 2026-09-14,Offers.Offered On,distinct person (name+phone),Applications.Referred By overrides Source,bucket: Job Board + LinkedIn + Career Site
36.84,7,19,9.94,False,True,hired: Applications.Stage = Hired,2026 YTD to 2026-09-14,Offers.Proposed Start Date,distinct candidate+opening,Candidates.Source as recorded,bucket: Job Board + LinkedIn
36.84,7,19,9.94,False,True,hired: Applications.Stage = Hired,2026 YTD to 2026-09-14,Offers.Proposed Start Date,distinct candidate+opening,Applications.Referred By overrides Source,bucket: Job Board + LinkedIn
36.84,7,19,9.94,False,True,offer accepted: Offers.Status = Accepted,2026 YTD to 2026-09-14,Offers.Proposed Start Date,distinct candidate+opening,Candidates.Source as recorded,bucket: Job Board + LinkedIn
36.84,7,19,9.94,False,True,offer accepted: Offers.Status = Accepted,2026 YTD to 2026-09-14,Offers.Proposed Start Date,distinct candidate+opening,Applications.Referred By overrides Source,bucket: Job Board + LinkedIn
36.84,7,19,9.94,False,True,hire started: Accepted and Proposed Start Date <= 2026-08-27,2026 YTD to 2026-09-14,Offers.Proposed Start Date,application rows,Candidates.Source as recorded,bucket: Job Board + LinkedIn
36.84,7,19,9.94,False,True,hire started: Accepted and Proposed Start Date <= 2026-08-27,2026 YTD to 2026-09-14,Offers.Proposed Start Date,application rows,Applications.Referred By overrides Source,bucket: Job Board + LinkedIn
36.84,7,19,9.94,False,True,hire started: Accepted and Proposed Start Date <= 2026-08-27,2026 YTD to 2026-09-14,Offers.Proposed Start Date,distinct candidate+opening,Candidates.Source as recorded,bucket: Job Board + LinkedIn
36.84,7,19,9.94,False,True,hire started: Accepted and Proposed Start Date <= 2026-08-27,2026 YTD to 2026-09-14,Offers.Proposed Start Date,distinct candidate+opening,Applications.Referred By overrides Source,bucket: Job Board + LinkedIn
36.84,7,19,9.94,False,True,hire started: Accepted and Proposed Start Date <= 2026-09-14,2026 YTD to 2026-09-14,Offers.Proposed Start Date,distinct candidate+opening,Candidates.Source as recorded,bucket: Job Board + LinkedIn
36.84,7,19,9.94,False,True,hire started: Accepted and Proposed Start Date <= 2026-09-14,2026 YTD to 2026-09-14,Offers.Proposed Start Date,distinct candidate+opening,Applications.Referred By overrides Source,bucket: Job Board + LinkedIn
16.67,3,18,10.23,False,True,hired: Applications.Stage = Hired,2026 YTD to 2026-09-14,Applications.Closed On,distinct candidate+opening,Candidates.Source as recorded,raw Source = Job Board
16.67,3,18,10.23,False,True,hired: Applications.Stage = Hired,2026 YTD to 2026-09-14,Applications.Closed On,distinct candidate+opening,Applications.Referred By overrides Source,raw Source = Job Board
16.67,3,18,10.23,False,True,hired: Applications.Stage = Hired,2026 YTD to 2026-09-14,Offers.Decision On,distinct candidate record,Candidates.Source as recorded,raw Source = Job Board
16.67,3,18,10.23,False,True,hired: Applications.Stage = Hired,2026 YTD to 2026-09-14,Offers.Decision On,distinct candidate record,Applications.Referred By overrides Source,raw Source = Job Board
16.67,3,18,10.23,False,True,hired: Applications.Stage = Hired,2026 YTD to 2026-09-14,Offers.Decision On,distinct person (name+phone),Candidates.Source as recorded,raw Source = Job Board
16.67,3,18,10.23,False,True,hired: Applications.Stage = Hired,2026 YTD to 2026-09-14,Offers.Decision On,distinct person (name+phone),Applications.Referred By overrides Source,raw Source = Job Board
16.67,3,18,10.23,False,True,offer accepted: Offers.Status = Accepted,2026 YTD to 2026-09-14,Offers.Decision On,distinct candidate record,Candidates.Source as recorded,raw Source = Job Board
16.67,3,18,10.23,False,True,offer accepted: Offers.Status = Accepted,2026 YTD to 2026-09-14,Offers.Decision On,distinct candidate record,Applications.Referred By overrides Source,raw Source = Job Board
16.67,3,18,10.23,False,True,offer accepted: Offers.Status = Accepted,2026 YTD to 2026-09-14,Offers.Decision On,distinct person (name+phone),Candidates.Source as recorded,raw Source = Job Board
16.67,3,18,10.23,False,True,offer accepted: Offers.Status = Accepted,2026 YTD to 2026-09-14,Offers.Decision On,distinct person (name+phone),Applications.Referred By overrides Source,raw Source = Job Board
16.67,3,18,10.23,False,True,offer accepted: Offers.Status = Accepted,2026 YTD to 2026-09-14,Offers.Offered On,distinct candidate+opening,Candidates.Source as recorded,raw Source = Job Board
16.67,3,18,10.23,False,True,offer accepted: Offers.Status = Accepted,2026 YTD to 2026-09-14,Offers.Offered On,distinct candidate+opening,Applications.Referred By overrides Source,raw Source = Job Board
16.67,2,12,10.23,False,True,hired: Applications.Stage = Hired,trailing 3m to 2026-08-27,Offers.Proposed Start Date,application rows,Candidates.Source as recorded,raw Source = Job Board
16.67,2,12,10.23,False,True,hired: Applications.Stage = Hired,trailing 3m to 2026-08-27,Offers.Proposed Start Date,application rows,Applications.Referred By overrides Source,raw Source = Job Board
16.67,2,12,10.23,False,True,hired: Applications.Stage = Hired,trailing 3m to 2026-08-27,Offers.Proposed Start Date,distinct candidate+opening,Candidates.Source as recorded,raw Source = Job Board
16.67,2,12,10.23,False,True,hired: Applications.Stage = Hired,trailing 3m to 2026-08-27,Offers.Proposed Start Date,distinct candidate+opening,Applications.Referred By overrides Source,raw Source = Job Board
16.67,2,12,10.23,False,True,hired: Applications.Stage = Hired,trailing 3m to 2026-08-27,Offers.Proposed Start Date,distinct candidate record,Candidates.Source as recorded,raw Source = Job Board
16.67,2,12,10.23,False,True,hired: Applications.Stage = Hired,trailing 3m to 2026-08-27,Offers.Proposed Start Date,distinct candidate record,Applications.Referred By overrides Source,raw Source = Job Board
16.67,2,12,10.23,False,True,hired: Applications.Stage = Hired,trailing 3m to 2026-08-27,Offers.Proposed Start Date,distinct person (name+phone),Candidates.Source as recorded,raw Source = Job Board
16.67,2,12,10.23,False,True,hired: Applications.Stage = Hired,trailing 3m to 2026-08-27,Offers.Proposed Start Date,distinct person (name+phone),Applications.Referred By overrides Source,raw Source = Job Board
16.67,2,12,10.23,False,True,offer accepted: Offers.Status = Accepted,trailing 3m to 2026-08-27,Offers.Proposed Start Date,application rows,Candidates.Source as recorded,raw Source = Job Board
16.67,2,12,10.23,False,True,offer accepted: Offers.Status = Accepted,trailing 3m to 2026-08-27,Offers.Proposed Start Date,application rows,Applications.Referred By overrides Source,raw Source = Job Board
16.67,2,12,10.23,False,True,offer accepted: Offers.Status = Accepted,trailing 3m to 2026-08-27,Offers.Proposed Start Date,distinct candidate+opening,Candidates.Source as recorded,raw Source = Job Board
16.67,2,12,10.23,False,True,offer accepted: Offers.Status = Accepted,trailing 3m to 2026-08-27,Offers.Proposed Start Date,distinct candidate+opening,Applications.Referred By overrides Source,raw Source = Job Board
16.67,2,12,10.23,False,True,offer accepted: Offers.Status = Accepted,trailing 3m to 2026-08-27,Offers.Proposed Start Date,distinct candidate record,Candidates.Source as recorded,raw Source = Job Board
16.67,2,12,10.23,False,True,offer accepted: Offers.Status = Accepted,trailing 3m to 2026-08-27,Offers.Proposed Start Date,distinct candidate record,Applications.Referred By overrides Source,raw Source = Job Board
16.67,2,12,10.23,False,True,offer accepted: Offers.Status = Accepted,trailing 3m to 2026-08-27,Offers.Proposed Start Date,distinct person (name+phone),Candidates.Source as recorded,raw Source = Job Board
16.67,2,12,10.23,False,True,offer accepted: Offers.Status = Accepted,trailing 3m to 2026-08-27,Offers.Proposed Start Date,distinct person (name+phone),Applications.Referred By overrides Source,raw Source = Job Board
16.67,2,12,10.23,False,True,hire started: Accepted and Proposed Start Date <= 2026-08-27,trailing 3m to 2026-08-27,Offers.Proposed Start Date,application rows,Candidates.Source as recorded,raw Source = Job Board
16.67,2,12,10.23,False,True,hire started: Accepted and Proposed Start Date <= 2026-08-27,trailing 3m to 2026-08-27,Offers.Proposed Start Date,application rows,Applications.Referred By overrides Source,raw Source = Job Board
16.67,2,12,10.23,False,True,hire started: Accepted and Proposed Start Date <= 2026-08-27,trailing 3m to 2026-08-27,Offers.Proposed Start Date,distinct candidate+opening,Candidates.Source as recorded,raw Source = Job Board
16.67,2,12,10.23,False,True,hire started: Accepted and Proposed Start Date <= 2026-08-27,trailing 3m to 2026-08-27,Offers.Proposed Start Date,distinct candidate+opening,Applications.Referred By overrides Source,raw Source = Job Board
16.67,2,12,10.23,False,True,hire started: Accepted and Proposed Start Date <= 2026-08-27,trailing 3m to 2026-08-27,Offers.Proposed Start Date,distinct candidate record,Candidates.Source as recorded,raw Source = Job Board
16.67,2,12,10.23,False,True,hire started: Accepted and Proposed Start Date <= 2026-08-27,trailing 3m to 2026-08-27,Offers.Proposed Start Date,distinct candidate record,Applications.Referred By overrides Source,raw Source = Job Board
16.67,2,12,10.23,False,True,hire started: Accepted and Proposed Start Date <= 2026-08-27,trailing 3m to 2026-08-27,Offers.Proposed Start Date,distinct person (name+phone),Candidates.Source as recorded,raw Source = Job Board
16.67,2,12,10.23,False,True,hire started: Accepted and Proposed Start Date <= 2026-08-27,trailing 3m to 2026-08-27,Offers.Proposed Start Date,distinct person (name+phone),Applications.Referred By overrides Source,raw Source = Job Board
16.67,2,12,10.23,False,True,hire started: Accepted and Proposed Start Date <= 2026-09-14,trailing 3m to 2026-08-27,Offers.Proposed Start Date,application rows,Candidates.Source as recorded,raw Source = Job Board
16.67,2,12,10.23,False,True,hire started: Accepted and Proposed Start Date <= 2026-09-14,trailing 3m to 2026-08-27,Offers.Proposed Start Date,application rows,Applications.Referred By overrides Source,raw Source = Job Board
16.67,2,12,10.23,False,True,hire started: Accepted and Proposed Start Date <= 2026-09-14,trailing 3m to 2026-08-27,Offers.Proposed Start Date,distinct candidate+opening,Candidates.Source as recorded,raw Source = Job Board
16.67,2,12,10.23,False,True,hire started: Accepted and Proposed Start Date <= 2026-09-14,trailing 3m to 2026-08-27,Offers.Proposed Start Date,distinct candidate+opening,Applications.Referred By overrides Source,raw Source = Job Board
16.67,2,12,10.23,False,True,hire started: Accepted and Proposed Start Date <= 2026-09-14,trailing 3m to 2026-08-27,Offers.Proposed Start Date,distinct candidate record,Candidates.Source as recorded,raw Source = Job Board
16.67,2,12,10.23,False,True,hire started: Accepted and Proposed Start Date <= 2026-09-14,trailing 3m to 2026-08-27,Offers.Proposed Start Date,distinct candidate record,Applications.Referred By overrides Source,raw Source = Job Board
16.67,2,12,10.23,False,True,hire started: Accepted and Proposed Start Date <= 2026-09-14,trailing 3m to 2026-08-27,Offers.Proposed Start Date,distinct person (name+phone),Candidates.Source as recorded,raw Source = Job Board
16.67,2,12,10.23,False,True,hire started: Accepted and Proposed Start Date <= 2026-09-14,trailing 3m to 2026-08-27,Offers.Proposed Start Date,distinct person (name+phone),Applications.Referred By overrides Source,raw Source = Job Board
37.14,13,35,10.24,False,False,offer extended: any Offer record,all time,none (all time),distinct candidate+opening,Candidates.Source as recorded,raw Source = Job Board
37.14,13,35,10.24,False,False,offer extended: any Offer record,trailing 12m to 2026-08-27,Offers.Offered On,distinct candidate+opening,Candidates.Source as recorded,raw Source = Job Board
37.14,13,35,10.24,False,False,offer extended: any Offer record,trailing 12m to 2026-09-14,Offers.Offered On,distinct candidate+opening,Candidates.Source as recorded,raw Source = Job Board
37.5,9,24,10.6,False,True,hired: Applications.Stage = Hired,all time,none (all time),distinct candidate record,Applications.Referred By overrides Source,bucket: Job Board + LinkedIn
37.5,9,24,10.6,False,True,hired: Applications.Stage = Hired,trailing 12m to 2026-08-27,Applications.Closed On,distinct candidate record,Applications.Referred By overrides Source,bucket: Job Board + LinkedIn
37.5,9,24,10.6,False,True,hired: Applications.Stage = Hired,trailing 12m to 2026-08-27,Applications.Applied On,distinct candidate record,Applications.Referred By overrides Source,bucket: Job Board + LinkedIn
37.5,9,24,10.6,False,True,hired: Applications.Stage = Hired,trailing 12m to 2026-08-27,Offers.Decision On,distinct candidate record,Applications.Referred By overrides Source,bucket: Job Board + LinkedIn
37.5,9,24,10.6,False,True,hired: Applications.Stage = Hired,trailing 12m to 2026-08-27,Offers.Proposed Start Date,application rows,Applications.Referred By overrides Source,bucket: Job Board + LinkedIn
37.5,9,24,10.6,False,True,hired: Applications.Stage = Hired,trailing 12m to 2026-08-27,Offers.Proposed Start Date,distinct candidate+opening,Applications.Referred By overrides Source,bucket: Job Board + LinkedIn
37.5,9,24,10.6,False,True,hired: Applications.Stage = Hired,trailing 12m to 2026-09-14,Applications.Closed On,distinct candidate record,Applications.Referred By overrides Source,bucket: Job Board + LinkedIn
37.5,9,24,10.6,False,True,hired: Applications.Stage = Hired,trailing 12m to 2026-09-14,Applications.Applied On,distinct candidate+opening,Candidates.Source as recorded,bucket: Job Board + LinkedIn
37.5,9,24,10.6,False,True,hired: Applications.Stage = Hired,trailing 12m to 2026-09-14,Offers.Decision On,distinct candidate record,Applications.Referred By overrides Source,bucket: Job Board + LinkedIn
37.5,9,24,10.6,False,True,hired: Applications.Stage = Hired,trailing 12m to 2026-09-14,Offers.Proposed Start Date,distinct candidate+opening,Applications.Referred By overrides Source,bucket: Job Board + LinkedIn
37.5,9,24,10.6,False,True,offer accepted: Offers.Status = Accepted,all time,none (all time),distinct candidate record,Applications.Referred By overrides Source,bucket: Job Board + LinkedIn
37.5,9,24,10.6,False,True,offer accepted: Offers.Status = Accepted,trailing 12m to 2026-08-27,Offers.Decision On,distinct candidate record,Applications.Referred By overrides Source,bucket: Job Board + LinkedIn
37.5,9,24,10.6,False,True,offer accepted: Offers.Status = Accepted,trailing 12m to 2026-08-27,Offers.Offered On,distinct candidate record,Applications.Referred By overrides Source,bucket: Job Board + LinkedIn
37.5,9,24,10.6,False,True,offer accepted: Offers.Status = Accepted,trailing 12m to 2026-08-27,Offers.Proposed Start Date,application rows,Applications.Referred By overrides Source,bucket: Job Board + LinkedIn
37.5,9,24,10.6,False,True,offer accepted: Offers.Status = Accepted,trailing 12m to 2026-08-27,Offers.Proposed Start Date,distinct candidate+opening,Applications.Referred By overrides Source,bucket: Job Board + LinkedIn
37.5,9,24,10.6,False,True,offer accepted: Offers.Status = Accepted,trailing 12m to 2026-09-14,Offers.Decision On,distinct candidate record,Applications.Referred By overrides Source,bucket: Job Board + LinkedIn
37.5,9,24,10.6,False,True,offer accepted: Offers.Status = Accepted,trailing 12m to 2026-09-14,Offers.Offered On,distinct candidate record,Applications.Referred By overrides Source,bucket: Job Board + LinkedIn
37.5,9,24,10.6,False,True,offer accepted: Offers.Status = Accepted,trailing 12m to 2026-09-14,Offers.Proposed Start Date,distinct candidate+opening,Applications.Referred By overrides Source,bucket: Job Board + LinkedIn
37.5,9,24,10.6,False,True,hire started: Accepted and Proposed Start Date <= 2026-08-27,all time,none (all time),application rows,Applications.Referred By overrides Source,bucket: Job Board + LinkedIn
37.5,9,24,10.6,False,True,hire started: Accepted and Proposed Start Date <= 2026-08-27,all time,none (all time),distinct candidate+opening,Applications.Referred By overrides Source,bucket: Job Board + LinkedIn
37.5,9,24,10.6,False,True,hire started: Accepted and Proposed Start Date <= 2026-08-27,trailing 12m to 2026-08-27,Offers.Proposed Start Date,application rows,Applications.Referred By overrides Source,bucket: Job Board + LinkedIn
37.5,9,24,10.6,False,True,hire started: Accepted and Proposed Start Date <= 2026-08-27,trailing 12m to 2026-08-27,Offers.Proposed Start Date,distinct candidate+opening,Applications.Referred By overrides Source,bucket: Job Board + LinkedIn
37.5,9,24,10.6,False,True,hire started: Accepted and Proposed Start Date <= 2026-08-27,trailing 12m to 2026-09-14,Offers.Proposed Start Date,application rows,Applications.Referred By overrides Source,bucket: Job Board + LinkedIn
37.5,9,24,10.6,False,True,hire started: Accepted and Proposed Start Date <= 2026-08-27,trailing 12m to 2026-09-14,Offers.Proposed Start Date,distinct candidate+opening,Applications.Referred By overrides Source,bucket: Job Board + LinkedIn
37.5,9,24,10.6,False,True,hire started: Accepted and Proposed Start Date <= 2026-09-14,all time,none (all time),distinct candidate+opening,Applications.Referred By overrides Source,bucket: Job Board + LinkedIn
37.5,9,24,10.6,False,True,hire started: Accepted and Proposed Start Date <= 2026-09-14,trailing 12m to 2026-08-27,Offers.Proposed Start Date,application rows,Applications.Referred By overrides Source,bucket: Job Board + LinkedIn
37.5,9,24,10.6,False,True,hire started: Accepted and Proposed Start Date <= 2026-09-14,trailing 12m to 2026-08-27,Offers.Proposed Start Date,distinct candidate+opening,Applications.Referred By overrides Source,bucket: Job Board + LinkedIn
37.5,9,24,10.6,False,True,hire started: Accepted and Proposed Start Date <= 2026-09-14,trailing 12m to 2026-09-14,Offers.Proposed Start Date,distinct candidate+opening,Applications.Referred By overrides Source,bucket: Job Board + LinkedIn
37.5,6,16,10.6,False,True,hired: Applications.Stage = Hired,trailing 6m to 2026-08-27,Offers.Proposed Start Date,distinct candidate record,Candidates.Source as recorded,bucket: Job Board + LinkedIn
37.5,6,16,10.6,False,True,hired: Applications.Stage = Hired,trailing 6m to 2026-08-27,Offers.Proposed Start Date,distinct candidate record,Applications.Referred By overrides Source,bucket: Job Board + LinkedIn
37.5,6,16,10.6,False,True,hired: Applications.Stage = Hired,trailing 6m to 2026-08-27,Offers.Proposed Start Date,distinct person (name+phone),Candidates.Source as recorded,bucket: Job Board + LinkedIn
37.5,6,16,10.6,False,True,hired: Applications.Stage = Hired,trailing 6m to 2026-08-27,Offers.Proposed Start Date,distinct person (name+phone),Applications.Referred By overrides Source,bucket: Job Board + LinkedIn
37.5,6,16,10.6,False,True,offer accepted: Offers.Status = Accepted,trailing 6m to 2026-08-27,Offers.Proposed Start Date,distinct candidate record,Candidates.Source as recorded,bucket: Job Board + LinkedIn
37.5,6,16,10.6,False,True,offer accepted: Offers.Status = Accepted,trailing 6m to 2026-08-27,Offers.Proposed Start Date,distinct candidate record,Applications.Referred By overrides Source,bucket: Job Board + LinkedIn
37.5,6,16,10.6,False,True,offer accepted: Offers.Status = Accepted,trailing 6m to 2026-08-27,Offers.Proposed Start Date,distinct person (name+phone),Candidates.Source as recorded,bucket: Job Board + LinkedIn
37.5,6,16,10.6,False,True,offer accepted: Offers.Status = Accepted,trailing 6m to 2026-08-27,Offers.Proposed Start Date,distinct person (name+phone),Applications.Referred By overrides Source,bucket: Job Board + LinkedIn
37.5,6,16,10.6,False,True,hire started: Accepted and Proposed Start Date <= 2026-08-27,trailing 6m to 2026-08-27,Offers.Proposed Start Date,distinct candidate record,Candidates.Source as recorded,bucket: Job Board + LinkedIn
37.5,6,16,10.6,False,True,hire started: Accepted and Proposed Start Date <= 2026-08-27,trailing 6m to 2026-08-27,Offers.Proposed Start Date,distinct candidate record,Applications.Referred By overrides Source,bucket: Job Board + LinkedIn
37.5,6,16,10.6,False,True,hire started: Accepted and Proposed Start Date <= 2026-08-27,trailing 6m to 2026-08-27,Offers.Proposed Start Date,distinct person (name+phone),Candidates.Source as recorded,bucket: Job Board + LinkedIn
37.5,6,16,10.6,False,True,hire started: Accepted and Proposed Start Date <= 2026-08-27,trailing 6m to 2026-08-27,Offers.Proposed Start Date,distinct person (name+phone),Applications.Referred By overrides Source,bucket: Job Board + LinkedIn
37.5,6,16,10.6,False,True,hire started: Accepted and Proposed Start Date <= 2026-09-14,trailing 6m to 2026-08-27,Offers.Proposed Start Date,distinct candidate record,Candidates.Source as recorded,bucket: Job Board + LinkedIn
37.5,6,16,10.6,False,True,hire started: Accepted and Proposed Start Date <= 2026-09-14,trailing 6m to 2026-08-27,Offers.Proposed Start Date,distinct candidate record,Applications.Referred By overrides Source,bucket: Job Board + LinkedIn
37.5,6,16,10.6,False,True,hire started: Accepted and Proposed Start Date <= 2026-09-14,trailing 6m to 2026-08-27,Offers.Proposed Start Date,distinct person (name+phone),Candidates.Source as recorded,bucket: Job Board + LinkedIn
37.5,6,16,10.6,False,True,hire started: Accepted and Proposed Start Date <= 2026-09-14,trailing 6m to 2026-08-27,Offers.Proposed Start Date,distinct person (name+phone),Applications.Referred By overrides Source,bucket: Job Board + LinkedIn
37.5,6,16,10.6,False,True,offer extended: any Offer record,trailing 3m to 2026-08-27,Offers.Offered On,application rows,Candidates.Source as recorded,bucket: Job Board + LinkedIn
37.5,6,16,10.6,False,True,offer extended: any Offer record,trailing 3m to 2026-08-27,Offers.Offered On,application rows,Applications.Referred By overrides Source,bucket: Job Board + LinkedIn
37.5,6,16,10.6,False,True,offer extended: any Offer record,trailing 3m to 2026-08-27,Offers.Offered On,distinct candidate+opening,Candidates.Source as recorded,bucket: Job Board + LinkedIn
37.5,6,16,10.6,False,True,offer extended: any Offer record,trailing 3m to 2026-08-27,Offers.Offered On,distinct candidate+opening,Applications.Referred By overrides Source,bucket: Job Board + LinkedIn
37.5,6,16,10.6,False,True,offer extended: any Offer record,trailing 3m to 2026-08-27,Offers.Offered On,distinct candidate record,Candidates.Source as recorded,bucket: Job Board + LinkedIn
37.5,6,16,10.6,False,True,offer extended: any Offer record,trailing 3m to 2026-08-27,Offers.Offered On,distinct candidate record,Applications.Referred By overrides Source,bucket: Job Board + LinkedIn
37.5,6,16,10.6,False,True,offer extended: any Offer record,trailing 3m to 2026-08-27,Offers.Offered On,distinct person (name+phone),Candidates.Source as recorded,bucket: Job Board + LinkedIn
37.5,6,16,10.6,False,True,offer extended: any Offer record,trailing 3m to 2026-08-27,Offers.Offered On,distinct person (name+phone),Applications.Referred By overrides Source,bucket: Job Board + LinkedIn
37.5,3,8,10.6,False,True,offer extended: any Offer record,calendar 2025,Offers.Offered On,application rows,Applications.Referred By overrides Source,raw Source = Job Board
37.5,3,8,10.6,False,True,offer extended: any Offer record,calendar 2025,Offers.Offered On,distinct candidate+opening,Applications.Referred By overrides Source,raw Source = Job Board
37.5,3,8,10.6,False,True,offer extended: any Offer record,calendar 2025,Offers.Offered On,distinct candidate record,Applications.Referred By overrides Source,raw Source = Job Board
15.79,3,19,11.11,False,True,hired: Applications.Stage = Hired,2026 YTD to 2026-09-14,Applications.Closed On,application rows,Candidates.Source as recorded,raw Source = Job Board
15.79,3,19,11.11,False,True,hired: Applications.Stage = Hired,2026 YTD to 2026-09-14,Applications.Closed On,application rows,Applications.Referred By overrides Source,raw Source = Job Board
15.79,3,19,11.11,False,True,hired: Applications.Stage = Hired,2026 YTD to 2026-09-14,Offers.Decision On,distinct candidate+opening,Candidates.Source as recorded,raw Source = Job Board
15.79,3,19,11.11,False,True,hired: Applications.Stage = Hired,2026 YTD to 2026-09-14,Offers.Decision On,distinct candidate+opening,Applications.Referred By overrides Source,raw Source = Job Board
15.79,3,19,11.11,False,True,offer accepted: Offers.Status = Accepted,2026 YTD to 2026-09-14,Offers.Decision On,distinct candidate+opening,Candidates.Source as recorded,raw Source = Job Board
15.79,3,19,11.11,False,True,offer accepted: Offers.Status = Accepted,2026 YTD to 2026-09-14,Offers.Decision On,distinct candidate+opening,Applications.Referred By overrides Source,raw Source = Job Board
15.79,3,19,11.11,False,True,offer accepted: Offers.Status = Accepted,2026 YTD to 2026-09-14,Offers.Offered On,application rows,Candidates.Source as recorded,raw Source = Job Board
15.79,3,19,11.11,False,True,offer accepted: Offers.Status = Accepted,2026 YTD to 2026-09-14,Offers.Offered On,application rows,Applications.Referred By overrides Source,raw Source = Job Board
38.46,10,26,11.56,False,True,hired: Applications.Stage = Hired,all time,none (all time),application rows,Candidates.Source as recorded,bucket: Job Board + LinkedIn
38.46,10,26,11.56,False,True,hired: Applications.Stage = Hired,trailing 12m to 2026-08-27,Applications.Closed On,application rows,Candidates.Source as recorded,bucket: Job Board + LinkedIn
38.46,10,26,11.56,False,True,hired: Applications.Stage = Hired,trailing 12m to 2026-08-27,Applications.Applied On,application rows,Candidates.Source as recorded,bucket: Job Board + LinkedIn
38.46,10,26,11.56,False,True,hired: Applications.Stage = Hired,trailing 12m to 2026-08-27,Offers.Decision On,application rows,Candidates.Source as recorded,bucket: Job Board + LinkedIn
38.46,10,26,11.56,False,True,hired: Applications.Stage = Hired,trailing 12m to 2026-09-14,Applications.Closed On,application rows,Candidates.Source as recorded,bucket: Job Board + LinkedIn
38.46,10,26,11.56,False,True,hired: Applications.Stage = Hired,trailing 12m to 2026-09-14,Offers.Decision On,application rows,Candidates.Source as recorded,bucket: Job Board + LinkedIn
38.46,10,26,11.56,False,True,offer accepted: Offers.Status = Accepted,all time,none (all time),application rows,Candidates.Source as recorded,bucket: Job Board + LinkedIn
38.46,10,26,11.56,False,True,offer accepted: Offers.Status = Accepted,trailing 12m to 2026-08-27,Offers.Decision On,application rows,Candidates.Source as recorded,bucket: Job Board + LinkedIn
38.46,10,26,11.56,False,True,offer accepted: Offers.Status = Accepted,trailing 12m to 2026-08-27,Offers.Offered On,application rows,Candidates.Source as recorded,bucket: Job Board + LinkedIn
38.46,10,26,11.56,False,True,offer accepted: Offers.Status = Accepted,trailing 12m to 2026-09-14,Offers.Decision On,application rows,Candidates.Source as recorded,bucket: Job Board + LinkedIn
38.46,10,26,11.56,False,True,offer accepted: Offers.Status = Accepted,trailing 12m to 2026-09-14,Offers.Offered On,application rows,Candidates.Source as recorded,bucket: Job Board + LinkedIn
15.0,3,20,11.9,False,True,hired: Applications.Stage = Hired,2026 YTD to 2026-09-14,Offers.Decision On,application rows,Candidates.Source as recorded,raw Source = Job Board
15.0,3,20,11.9,False,True,hired: Applications.Stage = Hired,2026 YTD to 2026-09-14,Offers.Decision On,application rows,Applications.Referred By overrides Source,raw Source = Job Board
15.0,3,20,11.9,False,True,offer accepted: Offers.Status = Accepted,2026 YTD to 2026-09-14,Offers.Decision On,application rows,Candidates.Source as recorded,raw Source = Job Board
15.0,3,20,11.9,False,True,offer accepted: Offers.Status = Accepted,2026 YTD to 2026-09-14,Offers.Decision On,application rows,Applications.Referred By overrides Source,raw Source = Job Board
38.89,7,18,11.99,False,True,hired: Applications.Stage = Hired,2026 YTD to 2026-09-14,Offers.Proposed Start Date,distinct candidate record,Candidates.Source as recorded,bucket: Job Board + LinkedIn
38.89,7,18,11.99,False,True,hired: Applications.Stage = Hired,2026 YTD to 2026-09-14,Offers.Proposed Start Date,distinct candidate record,Applications.Referred By overrides Source,bucket: Job Board + LinkedIn
38.89,7,18,11.99,False,True,hired: Applications.Stage = Hired,2026 YTD to 2026-09-14,Offers.Proposed Start Date,distinct person (name+phone),Candidates.Source as recorded,bucket: Job Board + LinkedIn
38.89,7,18,11.99,False,True,hired: Applications.Stage = Hired,2026 YTD to 2026-09-14,Offers.Proposed Start Date,distinct person (name+phone),Applications.Referred By overrides Source,bucket: Job Board + LinkedIn
38.89,7,18,11.99,False,True,offer accepted: Offers.Status = Accepted,2026 YTD to 2026-09-14,Offers.Proposed Start Date,distinct candidate record,Candidates.Source as recorded,bucket: Job Board + LinkedIn
38.89,7,18,11.99,False,True,offer accepted: Offers.Status = Accepted,2026 YTD to 2026-09-14,Offers.Proposed Start Date,distinct candidate record,Applications.Referred By overrides Source,bucket: Job Board + LinkedIn
38.89,7,18,11.99,False,True,offer accepted: Offers.Status = Accepted,2026 YTD to 2026-09-14,Offers.Proposed Start Date,distinct person (name+phone),Candidates.Source as recorded,bucket: Job Board + LinkedIn
38.89,7,18,11.99,False,True,offer accepted: Offers.Status = Accepted,2026 YTD to 2026-09-14,Offers.Proposed Start Date,distinct person (name+phone),Applications.Referred By overrides Source,bucket: Job Board + LinkedIn
38.89,7,18,11.99,False,True,hire started: Accepted and Proposed Start Date <= 2026-08-27,2026 YTD to 2026-09-14,Offers.Proposed Start Date,distinct candidate record,Candidates.Source as recorded,bucket: Job Board + LinkedIn
38.89,7,18,11.99,False,True,hire started: Accepted and Proposed Start Date <= 2026-08-27,2026 YTD to 2026-09-14,Offers.Proposed Start Date,distinct candidate record,Applications.Referred By overrides Source,bucket: Job Board + LinkedIn
38.89,7,18,11.99,False,True,hire started: Accepted and Proposed Start Date <= 2026-08-27,2026 YTD to 2026-09-14,Offers.Proposed Start Date,distinct person (name+phone),Candidates.Source as recorded,bucket: Job Board + LinkedIn
38.89,7,18,11.99,False,True,hire started: Accepted and Proposed Start Date <= 2026-08-27,2026 YTD to 2026-09-14,Offers.Proposed Start Date,distinct person (name+phone),Applications.Referred By overrides Source,bucket: Job Board + LinkedIn
38.89,7,18,11.99,False,True,hire started: Accepted and Proposed Start Date <= 2026-09-14,2026 YTD to 2026-09-14,Offers.Proposed Start Date,distinct candidate record,Candidates.Source as recorded,bucket: Job Board + LinkedIn
38.89,7,18,11.99,False,True,hire started: Accepted and Proposed Start Date <= 2026-09-14,2026 YTD to 2026-09-14,Offers.Proposed Start Date,distinct candidate record,Applications.Referred By overrides Source,bucket: Job Board + LinkedIn
38.89,7,18,11.99,False,True,hire started: Accepted and Proposed Start Date <= 2026-09-14,2026 YTD to 2026-09-14,Offers.Proposed Start Date,distinct person (name+phone),Candidates.Source as recorded,bucket: Job Board + LinkedIn
38.89,7,18,11.99,False,True,hire started: Accepted and Proposed Start Date <= 2026-09-14,2026 YTD to 2026-09-14,Offers.Proposed Start Date,distinct person (name+phone),Applications.Referred By overrides Source,bucket: Job Board + LinkedIn
39.13,9,23,12.23,False,True,hired: Applications.Stage = Hired,trailing 12m to 2026-08-27,Offers.Proposed Start Date,distinct candidate record,Applications.Referred By overrides Source,bucket: Job Board + LinkedIn
39.13,9,23,12.23,False,True,hired: Applications.Stage = Hired,trailing 12m to 2026-09-14,Applications.Applied On,distinct candidate record,Candidates.Source as recorded,bucket: Job Board + LinkedIn
39.13,9,23,12.23,False,True,hired: Applications.Stage = Hired,trailing 12m to 2026-09-14,Applications.Applied On,distinct person (name+phone),Applications.Referred By overrides Source,bucket: Job Board + LinkedIn
39.13,9,23,12.23,False,True,hired: Applications.Stage = Hired,trailing 12m to 2026-09-14,Offers.Proposed Start Date,distinct candidate record,Applications.Referred By overrides Source,bucket: Job Board + LinkedIn
39.13,9,23,12.23,False,True,offer accepted: Offers.Status = Accepted,trailing 12m to 2026-08-27,Offers.Proposed Start Date,distinct candidate record,Applications.Referred By overrides Source,bucket: Job Board + LinkedIn
39.13,9,23,12.23,False,True,offer accepted: Offers.Status = Accepted,trailing 12m to 2026-09-14,Offers.Proposed Start Date,distinct candidate record,Applications.Referred By overrides Source,bucket: Job Board + LinkedIn
39.13,9,23,12.23,False,True,hire started: Accepted and Proposed Start Date <= 2026-08-27,all time,none (all time),distinct candidate record,Applications.Referred By overrides Source,bucket: Job Board + LinkedIn
39.13,9,23,12.23,False,True,hire started: Accepted and Proposed Start Date <= 2026-08-27,trailing 12m to 2026-08-27,Offers.Proposed Start Date,distinct candidate record,Applications.Referred By overrides Source,bucket: Job Board + LinkedIn
39.13,9,23,12.23,False,True,hire started: Accepted and Proposed Start Date <= 2026-08-27,trailing 12m to 2026-09-14,Offers.Proposed Start Date,distinct candidate record,Applications.Referred By overrides Source,bucket: Job Board + LinkedIn
39.13,9,23,12.23,False,True,hire started: Accepted and Proposed Start Date <= 2026-09-14,all time,none (all time),distinct candidate record,Applications.Referred By overrides Source,bucket: Job Board + LinkedIn
39.13,9,23,12.23,False,True,hire started: Accepted and Proposed Start Date <= 2026-09-14,trailing 12m to 2026-08-27,Offers.Proposed Start Date,distinct candidate record,Applications.Referred By overrides Source,bucket: Job Board + LinkedIn
39.13,9,23,12.23,False,True,hire started: Accepted and Proposed Start Date <= 2026-09-14,trailing 12m to 2026-09-14,Offers.Proposed Start Date,distinct candidate record,Applications.Referred By overrides Source,bucket: Job Board + LinkedIn
14.29,2,14,12.61,False,True,hired: Applications.Stage = Hired,trailing 6m to 2026-08-27,Applications.Applied On,application rows,Candidates.Source as recorded,raw Source = Job Board
14.29,2,14,12.61,False,True,hired: Applications.Stage = Hired,trailing 6m to 2026-08-27,Applications.Applied On,application rows,Applications.Referred By overrides Source,raw Source = Job Board
14.29,2,14,12.61,False,True,hired: Applications.Stage = Hired,trailing 6m to 2026-08-27,Applications.Applied On,distinct candidate+opening,Candidates.Source as recorded,raw Source = Job Board
14.29,2,14,12.61,False,True,hired: Applications.Stage = Hired,trailing 6m to 2026-08-27,Applications.Applied On,distinct candidate+opening,Applications.Referred By overrides Source,raw Source = Job Board
14.29,2,14,12.61,False,True,hired: Applications.Stage = Hired,trailing 6m to 2026-08-27,Applications.Applied On,distinct candidate record,Candidates.Source as recorded,raw Source = Job Board
14.29,2,14,12.61,False,True,hired: Applications.Stage = Hired,trailing 6m to 2026-08-27,Applications.Applied On,distinct candidate record,Applications.Referred By overrides Source,raw Source = Job Board
14.29,2,14,12.61,False,True,hired: Applications.Stage = Hired,trailing 6m to 2026-08-27,Applications.Applied On,distinct person (name+phone),Candidates.Source as recorded,raw Source = Job Board
14.29,2,14,12.61,False,True,hired: Applications.Stage = Hired,trailing 6m to 2026-08-27,Applications.Applied On,distinct person (name+phone),Applications.Referred By overrides Source,raw Source = Job Board
14.29,2,14,12.61,False,True,hired: Applications.Stage = Hired,trailing 6m to 2026-09-14,Applications.Applied On,application rows,Candidates.Source as recorded,raw Source = Job Board
14.29,2,14,12.61,False,True,hired: Applications.Stage = Hired,trailing 6m to 2026-09-14,Applications.Applied On,application rows,Applications.Referred By overrides Source,raw Source = Job Board
14.29,2,14,12.61,False,True,hired: Applications.Stage = Hired,trailing 6m to 2026-09-14,Applications.Applied On,distinct candidate+opening,Candidates.Source as recorded,raw Source = Job Board
14.29,2,14,12.61,False,True,hired: Applications.Stage = Hired,trailing 6m to 2026-09-14,Applications.Applied On,distinct candidate+opening,Applications.Referred By overrides Source,raw Source = Job Board
14.29,2,14,12.61,False,True,hired: Applications.Stage = Hired,trailing 6m to 2026-09-14,Applications.Applied On,distinct candidate record,Candidates.Source as recorded,raw Source = Job Board
14.29,2,14,12.61,False,True,hired: Applications.Stage = Hired,trailing 6m to 2026-09-14,Applications.Applied On,distinct candidate record,Applications.Referred By overrides Source,raw Source = Job Board
14.29,2,14,12.61,False,True,hired: Applications.Stage = Hired,trailing 6m to 2026-09-14,Applications.Applied On,distinct person (name+phone),Candidates.Source as recorded,raw Source = Job Board
14.29,2,14,12.61,False,True,hired: Applications.Stage = Hired,trailing 6m to 2026-09-14,Applications.Applied On,distinct person (name+phone),Applications.Referred By overrides Source,raw Source = Job Board
14.29,2,14,12.61,False,True,offer accepted: Offers.Status = Accepted,trailing 6m to 2026-09-14,Offers.Offered On,distinct candidate record,Candidates.Source as recorded,raw Source = Job Board
14.29,2,14,12.61,False,True,offer accepted: Offers.Status = Accepted,trailing 6m to 2026-09-14,Offers.Offered On,distinct candidate record,Applications.Referred By overrides Source,raw Source = Job Board
14.29,2,14,12.61,False,True,offer accepted: Offers.Status = Accepted,trailing 6m to 2026-09-14,Offers.Offered On,distinct person (name+phone),Candidates.Source as recorded,raw Source = Job Board
14.29,2,14,12.61,False,True,offer accepted: Offers.Status = Accepted,trailing 6m to 2026-09-14,Offers.Offered On,distinct person (name+phone),Applications.Referred By overrides Source,raw Source = Job Board
40.0,10,25,13.1,False,True,hired: Applications.Stage = Hired,all time,none (all time),distinct candidate+opening,Candidates.Source as recorded,bucket: Job Board + LinkedIn
40.0,10,25,13.1,False,True,hired: Applications.Stage = Hired,trailing 12m to 2026-08-27,Applications.Closed On,distinct candidate+opening,Candidates.Source as recorded,bucket: Job Board + LinkedIn
40.0,10,25,13.1,False,True,hired: Applications.Stage = Hired,trailing 12m to 2026-08-27,Applications.Applied On,distinct candidate+opening,Candidates.Source as recorded,bucket: Job Board + LinkedIn
40.0,10,25,13.1,False,True,hired: Applications.Stage = Hired,trailing 12m to 2026-08-27,Offers.Decision On,distinct candidate+opening,Candidates.Source as recorded,bucket: Job Board + LinkedIn
40.0,10,25,13.1,False,True,hired: Applications.Stage = Hired,trailing 12m to 2026-09-14,Applications.Closed On,distinct candidate+opening,Candidates.Source as recorded,bucket: Job Board + LinkedIn
40.0,10,25,13.1,False,True,hired: Applications.Stage = Hired,trailing 12m to 2026-09-14,Offers.Decision On,distinct candidate+opening,Candidates.Source as recorded,bucket: Job Board + LinkedIn
40.0,10,25,13.1,False,True,hired: Applications.Stage = Hired,trailing 12m to 2026-09-14,Offers.Proposed Start Date,application rows,Candidates.Source as recorded,bucket: Job Board + LinkedIn
40.0,10,25,13.1,False,True,offer accepted: Offers.Status = Accepted,all time,none (all time),distinct candidate+opening,Candidates.Source as recorded,bucket: Job Board + LinkedIn
40.0,10,25,13.1,False,True,offer accepted: Offers.Status = Accepted,trailing 12m to 2026-08-27,Offers.Decision On,distinct candidate+opening,Candidates.Source as recorded,bucket: Job Board + LinkedIn
40.0,10,25,13.1,False,True,offer accepted: Offers.Status = Accepted,trailing 12m to 2026-08-27,Offers.Offered On,distinct candidate+opening,Candidates.Source as recorded,bucket: Job Board + LinkedIn
40.0,10,25,13.1,False,True,offer accepted: Offers.Status = Accepted,trailing 12m to 2026-09-14,Offers.Decision On,distinct candidate+opening,Candidates.Source as recorded,bucket: Job Board + LinkedIn
40.0,10,25,13.1,False,True,offer accepted: Offers.Status = Accepted,trailing 12m to 2026-09-14,Offers.Offered On,distinct candidate+opening,Candidates.Source as recorded,bucket: Job Board + LinkedIn
40.0,10,25,13.1,False,True,offer accepted: Offers.Status = Accepted,trailing 12m to 2026-09-14,Offers.Proposed Start Date,application rows,Candidates.Source as recorded,bucket: Job Board + LinkedIn
40.0,10,25,13.1,False,True,hire started: Accepted and Proposed Start Date <= 2026-09-14,all time,none (all time),application rows,Candidates.Source as recorded,bucket: Job Board + LinkedIn
40.0,10,25,13.1,False,True,hire started: Accepted and Proposed Start Date <= 2026-09-14,trailing 12m to 2026-09-14,Offers.Proposed Start Date,application rows,Candidates.Source as recorded,bucket: Job Board + LinkedIn
40.0,4,10,13.1,False,True,hire started: Accepted and Proposed Start Date <= 2026-08-27,trailing 3m to 2026-09-14,Offers.Proposed Start Date,application rows,Candidates.Source as recorded,bucket: Job Board + LinkedIn
40.0,4,10,13.1,False,True,hire started: Accepted and Proposed Start Date <= 2026-08-27,trailing 3m to 2026-09-14,Offers.Proposed Start Date,application rows,Applications.Referred By overrides Source,bucket: Job Board + LinkedIn
40.0,4,10,13.1,False,True,hire started: Accepted and Proposed Start Date <= 2026-08-27,trailing 3m to 2026-09-14,Offers.Proposed Start Date,distinct candidate+opening,Candidates.Source as recorded,bucket: Job Board + LinkedIn
40.0,4,10,13.1,False,True,hire started: Accepted and Proposed Start Date <= 2026-08-27,trailing 3m to 2026-09-14,Offers.Proposed Start Date,distinct candidate+opening,Applications.Referred By overrides Source,bucket: Job Board + LinkedIn
40.0,4,10,13.1,False,True,hire started: Accepted and Proposed Start Date <= 2026-08-27,trailing 3m to 2026-09-14,Offers.Proposed Start Date,distinct candidate record,Candidates.Source as recorded,bucket: Job Board + LinkedIn
40.0,4,10,13.1,False,True,hire started: Accepted and Proposed Start Date <= 2026-08-27,trailing 3m to 2026-09-14,Offers.Proposed Start Date,distinct candidate record,Applications.Referred By overrides Source,bucket: Job Board + LinkedIn
40.0,4,10,13.1,False,True,hire started: Accepted and Proposed Start Date <= 2026-08-27,trailing 3m to 2026-09-14,Offers.Proposed Start Date,distinct person (name+phone),Candidates.Source as recorded,bucket: Job Board + LinkedIn
40.0,4,10,13.1,False,True,hire started: Accepted and Proposed Start Date <= 2026-08-27,trailing 3m to 2026-09-14,Offers.Proposed Start Date,distinct person (name+phone),Applications.Referred By overrides Source,bucket: Job Board + LinkedIn
40.0,4,10,13.1,False,True,hire on a Filled opening: Stage = Hired and Opening.Status = Filled,all time,none (all time),distinct candidate+opening,Candidates.Source as recorded,bucket: Job Board + LinkedIn + Career Site
40.0,4,10,13.1,False,True,hire on a Filled opening: Stage = Hired and Opening.Status = Filled,all time,none (all time),distinct candidate+opening,Applications.Referred By overrides Source,bucket: Job Board + LinkedIn + Career Site
40.0,4,10,13.1,False,True,hire on a Filled opening: Stage = Hired and Opening.Status = Filled,trailing 12m to 2026-08-27,Applications.Closed On,distinct candidate+opening,Candidates.Source as recorded,bucket: Job Board + LinkedIn + Career Site
40.0,4,10,13.1,False,True,hire on a Filled opening: Stage = Hired and Opening.Status = Filled,trailing 12m to 2026-08-27,Applications.Closed On,distinct candidate+opening,Applications.Referred By overrides Source,bucket: Job Board + LinkedIn + Career Site
40.0,4,10,13.1,False,True,hire on a Filled opening: Stage = Hired and Opening.Status = Filled,trailing 12m to 2026-09-14,Applications.Closed On,distinct candidate+opening,Candidates.Source as recorded,bucket: Job Board + LinkedIn + Career Site
40.0,4,10,13.1,False,True,hire on a Filled opening: Stage = Hired and Opening.Status = Filled,trailing 12m to 2026-09-14,Applications.Closed On,distinct candidate+opening,Applications.Referred By overrides Source,bucket: Job Board + LinkedIn + Career Site
40.0,4,10,13.1,False,True,hire on a Filled opening: Stage = Hired and Opening.Status = Filled,2026 YTD to 2026-09-14,Applications.Closed On,application rows,Candidates.Source as recorded,bucket: Job Board + LinkedIn + Career Site
40.0,4,10,13.1,False,True,hire on a Filled opening: Stage = Hired and Opening.Status = Filled,2026 YTD to 2026-09-14,Applications.Closed On,application rows,Applications.Referred By overrides Source,bucket: Job Board + LinkedIn + Career Site
40.0,2,5,13.1,False,True,hired: Applications.Stage = Hired,trailing 3m to 2026-08-27,Applications.Applied On,application rows,Candidates.Source as recorded,bucket: Job Board + LinkedIn + Career Site
40.0,2,5,13.1,False,True,hired: Applications.Stage = Hired,trailing 3m to 2026-08-27,Applications.Applied On,application rows,Applications.Referred By overrides Source,bucket: Job Board + LinkedIn + Career Site
40.0,2,5,13.1,False,True,hired: Applications.Stage = Hired,trailing 3m to 2026-08-27,Applications.Applied On,distinct candidate+opening,Candidates.Source as recorded,bucket: Job Board + LinkedIn + Career Site
40.0,2,5,13.1,False,True,hired: Applications.Stage = Hired,trailing 3m to 2026-08-27,Applications.Applied On,distinct candidate+opening,Applications.Referred By overrides Source,bucket: Job Board + LinkedIn + Career Site
40.0,2,5,13.1,False,True,hired: Applications.Stage = Hired,trailing 3m to 2026-08-27,Applications.Applied On,distinct candidate record,Candidates.Source as recorded,bucket: Job Board + LinkedIn + Career Site
40.0,2,5,13.1,False,True,hired: Applications.Stage = Hired,trailing 3m to 2026-08-27,Applications.Applied On,distinct candidate record,Applications.Referred By overrides Source,bucket: Job Board + LinkedIn + Career Site
40.0,2,5,13.1,False,True,hired: Applications.Stage = Hired,trailing 3m to 2026-08-27,Applications.Applied On,distinct person (name+phone),Candidates.Source as recorded,bucket: Job Board + LinkedIn + Career Site
40.0,2,5,13.1,False,True,hired: Applications.Stage = Hired,trailing 3m to 2026-08-27,Applications.Applied On,distinct person (name+phone),Applications.Referred By overrides Source,bucket: Job Board + LinkedIn + Career Site
40.0,2,5,13.1,False,True,hired: Applications.Stage = Hired,calendar 2025,Offers.Proposed Start Date,application rows,Applications.Referred By overrides Source,raw Source = Job Board
40.0,2,5,13.1,False,True,hired: Applications.Stage = Hired,calendar 2025,Offers.Proposed Start Date,application rows,Applications.Referred By overrides Source,bucket: Job Board + LinkedIn
40.0,2,5,13.1,False,True,hired: Applications.Stage = Hired,calendar 2025,Offers.Proposed Start Date,application rows,Applications.Referred By overrides Source,bucket: Job Board + LinkedIn + Career Site
40.0,2,5,13.1,False,True,hired: Applications.Stage = Hired,calendar 2025,Offers.Proposed Start Date,distinct candidate+opening,Applications.Referred By overrides Source,raw Source = Job Board
40.0,2,5,13.1,False,True,hired: Applications.Stage = Hired,calendar 2025,Offers.Proposed Start Date,distinct candidate+opening,Applications.Referred By overrides Source,bucket: Job Board + LinkedIn
40.0,2,5,13.1,False,True,hired: Applications.Stage = Hired,calendar 2025,Offers.Proposed Start Date,distinct candidate+opening,Applications.Referred By overrides Source,bucket: Job Board + LinkedIn + Career Site
40.0,2,5,13.1,False,True,hired: Applications.Stage = Hired,calendar 2025,Offers.Proposed Start Date,distinct candidate record,Applications.Referred By overrides Source,raw Source = Job Board
40.0,2,5,13.1,False,True,hired: Applications.Stage = Hired,calendar 2025,Offers.Proposed Start Date,distinct candidate record,Applications.Referred By overrides Source,bucket: Job Board + LinkedIn
40.0,2,5,13.1,False,True,hired: Applications.Stage = Hired,calendar 2025,Offers.Proposed Start Date,distinct candidate record,Applications.Referred By overrides Source,bucket: Job Board + LinkedIn + Career Site
40.0,2,5,13.1,False,True,offer accepted: Offers.Status = Accepted,calendar 2025,Offers.Proposed Start Date,application rows,Applications.Referred By overrides Source,raw Source = Job Board
40.0,2,5,13.1,False,True,offer accepted: Offers.Status = Accepted,calendar 2025,Offers.Proposed Start Date,application rows,Applications.Referred By overrides Source,bucket: Job Board + LinkedIn
40.0,2,5,13.1,False,True,offer accepted: Offers.Status = Accepted,calendar 2025,Offers.Proposed Start Date,application rows,Applications.Referred By overrides Source,bucket: Job Board + LinkedIn + Career Site
40.0,2,5,13.1,False,True,offer accepted: Offers.Status = Accepted,calendar 2025,Offers.Proposed Start Date,distinct candidate+opening,Applications.Referred By overrides Source,raw Source = Job Board
40.0,2,5,13.1,False,True,offer accepted: Offers.Status = Accepted,calendar 2025,Offers.Proposed Start Date,distinct candidate+opening,Applications.Referred By overrides Source,bucket: Job Board + LinkedIn
40.0,2,5,13.1,False,True,offer accepted: Offers.Status = Accepted,calendar 2025,Offers.Proposed Start Date,distinct candidate+opening,Applications.Referred By overrides Source,bucket: Job Board + LinkedIn + Career Site
40.0,2,5,13.1,False,True,offer accepted: Offers.Status = Accepted,calendar 2025,Offers.Proposed Start Date,distinct candidate record,Applications.Referred By overrides Source,raw Source = Job Board
40.0,2,5,13.1,False,True,offer accepted: Offers.Status = Accepted,calendar 2025,Offers.Proposed Start Date,distinct candidate record,Applications.Referred By overrides Source,bucket: Job Board + LinkedIn
40.0,2,5,13.1,False,True,offer accepted: Offers.Status = Accepted,calendar 2025,Offers.Proposed Start Date,distinct candidate record,Applications.Referred By overrides Source,bucket: Job Board + LinkedIn + Career Site
40.0,2,5,13.1,False,True,hire started: Accepted and Proposed Start Date <= 2026-08-27,calendar 2025,Offers.Proposed Start Date,application rows,Applications.Referred By overrides Source,raw Source = Job Board
40.0,2,5,13.1,False,True,hire started: Accepted and Proposed Start Date <= 2026-08-27,calendar 2025,Offers.Proposed Start Date,application rows,Applications.Referred By overrides Source,bucket: Job Board + LinkedIn
40.0,2,5,13.1,False,True,hire started: Accepted and Proposed Start Date <= 2026-08-27,calendar 2025,Offers.Proposed Start Date,application rows,Applications.Referred By overrides Source,bucket: Job Board + LinkedIn + Career Site
40.0,2,5,13.1,False,True,hire started: Accepted and Proposed Start Date <= 2026-08-27,calendar 2025,Offers.Proposed Start Date,distinct candidate+opening,Applications.Referred By overrides Source,raw Source = Job Board
40.0,2,5,13.1,False,True,hire started: Accepted and Proposed Start Date <= 2026-08-27,calendar 2025,Offers.Proposed Start Date,distinct candidate+opening,Applications.Referred By overrides Source,bucket: Job Board + LinkedIn
40.0,2,5,13.1,False,True,hire started: Accepted and Proposed Start Date <= 2026-08-27,calendar 2025,Offers.Proposed Start Date,distinct candidate+opening,Applications.Referred By overrides Source,bucket: Job Board + LinkedIn + Career Site
40.0,2,5,13.1,False,True,hire started: Accepted and Proposed Start Date <= 2026-08-27,calendar 2025,Offers.Proposed Start Date,distinct candidate record,Applications.Referred By overrides Source,raw Source = Job Board
40.0,2,5,13.1,False,True,hire started: Accepted and Proposed Start Date <= 2026-08-27,calendar 2025,Offers.Proposed Start Date,distinct candidate record,Applications.Referred By overrides Source,bucket: Job Board + LinkedIn
40.0,2,5,13.1,False,True,hire started: Accepted and Proposed Start Date <= 2026-08-27,calendar 2025,Offers.Proposed Start Date,distinct candidate record,Applications.Referred By overrides Source,bucket: Job Board + LinkedIn + Career Site
40.0,2,5,13.1,False,True,hire started: Accepted and Proposed Start Date <= 2026-09-14,calendar 2025,Offers.Proposed Start Date,application rows,Applications.Referred By overrides Source,raw Source = Job Board
40.0,2,5,13.1,False,True,hire started: Accepted and Proposed Start Date <= 2026-09-14,calendar 2025,Offers.Proposed Start Date,application rows,Applications.Referred By overrides Source,bucket: Job Board + LinkedIn
40.0,2,5,13.1,False,True,hire started: Accepted and Proposed Start Date <= 2026-09-14,calendar 2025,Offers.Proposed Start Date,application rows,Applications.Referred By overrides Source,bucket: Job Board + LinkedIn + Career Site
40.0,2,5,13.1,False,True,hire started: Accepted and Proposed Start Date <= 2026-09-14,calendar 2025,Offers.Proposed Start Date,distinct candidate+opening,Applications.Referred By overrides Source,raw Source = Job Board
40.0,2,5,13.1,False,True,hire started: Accepted and Proposed Start Date <= 2026-09-14,calendar 2025,Offers.Proposed Start Date,distinct candidate+opening,Applications.Referred By overrides Source,bucket: Job Board + LinkedIn
40.0,2,5,13.1,False,True,hire started: Accepted and Proposed Start Date <= 2026-09-14,calendar 2025,Offers.Proposed Start Date,distinct candidate+opening,Applications.Referred By overrides Source,bucket: Job Board + LinkedIn + Career Site
40.0,2,5,13.1,False,True,hire started: Accepted and Proposed Start Date <= 2026-09-14,calendar 2025,Offers.Proposed Start Date,distinct candidate record,Applications.Referred By overrides Source,raw Source = Job Board
40.0,2,5,13.1,False,True,hire started: Accepted and Proposed Start Date <= 2026-09-14,calendar 2025,Offers.Proposed Start Date,distinct candidate record,Applications.Referred By overrides Source,bucket: Job Board + LinkedIn
40.0,2,5,13.1,False,True,hire started: Accepted and Proposed Start Date <= 2026-09-14,calendar 2025,Offers.Proposed Start Date,distinct candidate record,Applications.Referred By overrides Source,bucket: Job Board + LinkedIn + Career Site
13.33,2,15,13.57,False,True,hired: Applications.Stage = Hired,trailing 6m to 2026-08-27,Applications.Closed On,distinct candidate record,Candidates.Source as recorded,raw Source = Job Board
13.33,2,15,13.57,False,True,hired: Applications.Stage = Hired,trailing 6m to 2026-08-27,Applications.Closed On,distinct candidate record,Applications.Referred By overrides Source,raw Source = Job Board
13.33,2,15,13.57,False,True,hired: Applications.Stage = Hired,trailing 6m to 2026-08-27,Applications.Closed On,distinct person (name+phone),Candidates.Source as recorded,raw Source = Job Board
13.33,2,15,13.57,False,True,hired: Applications.Stage = Hired,trailing 6m to 2026-08-27,Applications.Closed On,distinct person (name+phone),Applications.Referred By overrides Source,raw Source = Job Board
13.33,2,15,13.57,False,True,hired: Applications.Stage = Hired,trailing 6m to 2026-08-27,Offers.Decision On,distinct candidate record,Candidates.Source as recorded,raw Source = Job Board
13.33,2,15,13.57,False,True,hired: Applications.Stage = Hired,trailing 6m to 2026-08-27,Offers.Decision On,distinct candidate record,Applications.Referred By overrides Source,raw Source = Job Board
13.33,2,15,13.57,False,True,hired: Applications.Stage = Hired,trailing 6m to 2026-08-27,Offers.Decision On,distinct person (name+phone),Candidates.Source as recorded,raw Source = Job Board
13.33,2,15,13.57,False,True,hired: Applications.Stage = Hired,trailing 6m to 2026-08-27,Offers.Decision On,distinct person (name+phone),Applications.Referred By overrides Source,raw Source = Job Board
13.33,2,15,13.57,False,True,hired: Applications.Stage = Hired,trailing 6m to 2026-09-14,Applications.Closed On,distinct candidate record,Candidates.Source as recorded,raw Source = Job Board
13.33,2,15,13.57,False,True,hired: Applications.Stage = Hired,trailing 6m to 2026-09-14,Applications.Closed On,distinct candidate record,Applications.Referred By overrides Source,raw Source = Job Board
13.33,2,15,13.57,False,True,hired: Applications.Stage = Hired,trailing 6m to 2026-09-14,Applications.Closed On,distinct person (name+phone),Candidates.Source as recorded,raw Source = Job Board
13.33,2,15,13.57,False,True,hired: Applications.Stage = Hired,trailing 6m to 2026-09-14,Applications.Closed On,distinct person (name+phone),Applications.Referred By overrides Source,raw Source = Job Board
13.33,2,15,13.57,False,True,hired: Applications.Stage = Hired,trailing 6m to 2026-09-14,Offers.Decision On,distinct candidate record,Candidates.Source as recorded,raw Source = Job Board
13.33,2,15,13.57,False,True,hired: Applications.Stage = Hired,trailing 6m to 2026-09-14,Offers.Decision On,distinct candidate record,Applications.Referred By overrides Source,raw Source = Job Board
13.33,2,15,13.57,False,True,hired: Applications.Stage = Hired,trailing 6m to 2026-09-14,Offers.Decision On,distinct person (name+phone),Candidates.Source as recorded,raw Source = Job Board
13.33,2,15,13.57,False,True,hired: Applications.Stage = Hired,trailing 6m to 2026-09-14,Offers.Decision On,distinct person (name+phone),Applications.Referred By overrides Source,raw Source = Job Board
13.33,2,15,13.57,False,True,hired: Applications.Stage = Hired,trailing 6m to 2026-09-14,Offers.Proposed Start Date,distinct candidate record,Candidates.Source as recorded,raw Source = Job Board
13.33,2,15,13.57,False,True,hired: Applications.Stage = Hired,trailing 6m to 2026-09-14,Offers.Proposed Start Date,distinct candidate record,Applications.Referred By overrides Source,raw Source = Job Board
13.33,2,15,13.57,False,True,hired: Applications.Stage = Hired,trailing 6m to 2026-09-14,Offers.Proposed Start Date,distinct person (name+phone),Candidates.Source as recorded,raw Source = Job Board
13.33,2,15,13.57,False,True,hired: Applications.Stage = Hired,trailing 6m to 2026-09-14,Offers.Proposed Start Date,distinct person (name+phone),Applications.Referred By overrides Source,raw Source = Job Board
13.33,2,15,13.57,False,True,offer accepted: Offers.Status = Accepted,trailing 6m to 2026-08-27,Offers.Decision On,distinct candidate record,Candidates.Source as recorded,raw Source = Job Board
13.33,2,15,13.57,False,True,offer accepted: Offers.Status = Accepted,trailing 6m to 2026-08-27,Offers.Decision On,distinct candidate record,Applications.Referred By overrides Source,raw Source = Job Board
13.33,2,15,13.57,False,True,offer accepted: Offers.Status = Accepted,trailing 6m to 2026-08-27,Offers.Decision On,distinct person (name+phone),Candidates.Source as recorded,raw Source = Job Board
13.33,2,15,13.57,False,True,offer accepted: Offers.Status = Accepted,trailing 6m to 2026-08-27,Offers.Decision On,distinct person (name+phone),Applications.Referred By overrides Source,raw Source = Job Board
13.33,2,15,13.57,False,True,offer accepted: Offers.Status = Accepted,trailing 6m to 2026-08-27,Offers.Offered On,distinct candidate record,Candidates.Source as recorded,raw Source = Job Board
13.33,2,15,13.57,False,True,offer accepted: Offers.Status = Accepted,trailing 6m to 2026-08-27,Offers.Offered On,distinct candidate record,Applications.Referred By overrides Source,raw Source = Job Board
13.33,2,15,13.57,False,True,offer accepted: Offers.Status = Accepted,trailing 6m to 2026-08-27,Offers.Offered On,distinct person (name+phone),Candidates.Source as recorded,raw Source = Job Board
13.33,2,15,13.57,False,True,offer accepted: Offers.Status = Accepted,trailing 6m to 2026-08-27,Offers.Offered On,distinct person (name+phone),Applications.Referred By overrides Source,raw Source = Job Board
13.33,2,15,13.57,False,True,offer accepted: Offers.Status = Accepted,trailing 6m to 2026-09-14,Offers.Decision On,distinct candidate record,Candidates.Source as recorded,raw Source = Job Board
13.33,2,15,13.57,False,True,offer accepted: Offers.Status = Accepted,trailing 6m to 2026-09-14,Offers.Decision On,distinct candidate record,Applications.Referred By overrides Source,raw Source = Job Board
13.33,2,15,13.57,False,True,offer accepted: Offers.Status = Accepted,trailing 6m to 2026-09-14,Offers.Decision On,distinct person (name+phone),Candidates.Source as recorded,raw Source = Job Board
13.33,2,15,13.57,False,True,offer accepted: Offers.Status = Accepted,trailing 6m to 2026-09-14,Offers.Decision On,distinct person (name+phone),Applications.Referred By overrides Source,raw Source = Job Board
13.33,2,15,13.57,False,True,offer accepted: Offers.Status = Accepted,trailing 6m to 2026-09-14,Offers.Offered On,application rows,Candidates.Source as recorded,raw Source = Job Board
13.33,2,15,13.57,False,True,offer accepted: Offers.Status = Accepted,trailing 6m to 2026-09-14,Offers.Offered On,application rows,Applications.Referred By overrides Source,raw Source = Job Board
13.33,2,15,13.57,False,True,offer accepted: Offers.Status = Accepted,trailing 6m to 2026-09-14,Offers.Offered On,distinct candidate+opening,Candidates.Source as recorded,raw Source = Job Board
13.33,2,15,13.57,False,True,offer accepted: Offers.Status = Accepted,trailing 6m to 2026-09-14,Offers.Offered On,distinct candidate+opening,Applications.Referred By overrides Source,raw Source = Job Board
13.33,2,15,13.57,False,True,offer accepted: Offers.Status = Accepted,trailing 6m to 2026-09-14,Offers.Proposed Start Date,distinct candidate record,Candidates.Source as recorded,raw Source = Job Board
13.33,2,15,13.57,False,True,offer accepted: Offers.Status = Accepted,trailing 6m to 2026-09-14,Offers.Proposed Start Date,distinct candidate record,Applications.Referred By overrides Source,raw Source = Job Board
13.33,2,15,13.57,False,True,offer accepted: Offers.Status = Accepted,trailing 6m to 2026-09-14,Offers.Proposed Start Date,distinct person (name+phone),Candidates.Source as recorded,raw Source = Job Board
13.33,2,15,13.57,False,True,offer accepted: Offers.Status = Accepted,trailing 6m to 2026-09-14,Offers.Proposed Start Date,distinct person (name+phone),Applications.Referred By overrides Source,raw Source = Job Board
13.33,2,15,13.57,False,True,hire started: Accepted and Proposed Start Date <= 2026-08-27,trailing 6m to 2026-09-14,Offers.Proposed Start Date,distinct candidate record,Candidates.Source as recorded,raw Source = Job Board
13.33,2,15,13.57,False,True,hire started: Accepted and Proposed Start Date <= 2026-08-27,trailing 6m to 2026-09-14,Offers.Proposed Start Date,distinct candidate record,Applications.Referred By overrides Source,raw Source = Job Board
13.33,2,15,13.57,False,True,hire started: Accepted and Proposed Start Date <= 2026-08-27,trailing 6m to 2026-09-14,Offers.Proposed Start Date,distinct person (name+phone),Candidates.Source as recorded,raw Source = Job Board
13.33,2,15,13.57,False,True,hire started: Accepted and Proposed Start Date <= 2026-08-27,trailing 6m to 2026-09-14,Offers.Proposed Start Date,distinct person (name+phone),Applications.Referred By overrides Source,raw Source = Job Board
13.33,2,15,13.57,False,True,hire started: Accepted and Proposed Start Date <= 2026-09-14,trailing 6m to 2026-09-14,Offers.Proposed Start Date,distinct candidate record,Candidates.Source as recorded,raw Source = Job Board
13.33,2,15,13.57,False,True,hire started: Accepted and Proposed Start Date <= 2026-09-14,trailing 6m to 2026-09-14,Offers.Proposed Start Date,distinct candidate record,Applications.Referred By overrides Source,raw Source = Job Board
13.33,2,15,13.57,False,True,hire started: Accepted and Proposed Start Date <= 2026-09-14,trailing 6m to 2026-09-14,Offers.Proposed Start Date,distinct person (name+phone),Candidates.Source as recorded,raw Source = Job Board
13.33,2,15,13.57,False,True,hire started: Accepted and Proposed Start Date <= 2026-09-14,trailing 6m to 2026-09-14,Offers.Proposed Start Date,distinct person (name+phone),Applications.Referred By overrides Source,raw Source = Job Board
12.5,2,16,14.4,False,True,hired: Applications.Stage = Hired,trailing 6m to 2026-08-27,Applications.Closed On,application rows,Candidates.Source as recorded,raw Source = Job Board
12.5,2,16,14.4,False,True,hired: Applications.Stage = Hired,trailing 6m to 2026-08-27,Applications.Closed On,application rows,Applications.Referred By overrides Source,raw Source = Job Board
12.5,2,16,14.4,False,True,hired: Applications.Stage = Hired,trailing 6m to 2026-08-27,Applications.Closed On,distinct candidate+opening,Candidates.Source as recorded,raw Source = Job Board
12.5,2,16,14.4,False,True,hired: Applications.Stage = Hired,trailing 6m to 2026-08-27,Applications.Closed On,distinct candidate+opening,Applications.Referred By overrides Source,raw Source = Job Board
12.5,2,16,14.4,False,True,hired: Applications.Stage = Hired,trailing 6m to 2026-08-27,Offers.Decision On,application rows,Candidates.Source as recorded,raw Source = Job Board
12.5,2,16,14.4,False,True,hired: Applications.Stage = Hired,trailing 6m to 2026-08-27,Offers.Decision On,application rows,Applications.Referred By overrides Source,raw Source = Job Board
12.5,2,16,14.4,False,True,hired: Applications.Stage = Hired,trailing 6m to 2026-08-27,Offers.Decision On,distinct candidate+opening,Candidates.Source as recorded,raw Source = Job Board
12.5,2,16,14.4,False,True,hired: Applications.Stage = Hired,trailing 6m to 2026-08-27,Offers.Decision On,distinct candidate+opening,Applications.Referred By overrides Source,raw Source = Job Board
12.5,2,16,14.4,False,True,hired: Applications.Stage = Hired,trailing 6m to 2026-09-14,Applications.Closed On,application rows,Candidates.Source as recorded,raw Source = Job Board
12.5,2,16,14.4,False,True,hired: Applications.Stage = Hired,trailing 6m to 2026-09-14,Applications.Closed On,application rows,Applications.Referred By overrides Source,raw Source = Job Board
12.5,2,16,14.4,False,True,hired: Applications.Stage = Hired,trailing 6m to 2026-09-14,Applications.Closed On,distinct candidate+opening,Candidates.Source as recorded,raw Source = Job Board
12.5,2,16,14.4,False,True,hired: Applications.Stage = Hired,trailing 6m to 2026-09-14,Applications.Closed On,distinct candidate+opening,Applications.Referred By overrides Source,raw Source = Job Board
12.5,2,16,14.4,False,True,hired: Applications.Stage = Hired,trailing 6m to 2026-09-14,Offers.Decision On,application rows,Candidates.Source as recorded,raw Source = Job Board
12.5,2,16,14.4,False,True,hired: Applications.Stage = Hired,trailing 6m to 2026-09-14,Offers.Decision On,application rows,Applications.Referred By overrides Source,raw Source = Job Board
12.5,2,16,14.4,False,True,hired: Applications.Stage = Hired,trailing 6m to 2026-09-14,Offers.Decision On,distinct candidate+opening,Candidates.Source as recorded,raw Source = Job Board
12.5,2,16,14.4,False,True,hired: Applications.Stage = Hired,trailing 6m to 2026-09-14,Offers.Decision On,distinct candidate+opening,Applications.Referred By overrides Source,raw Source = Job Board
12.5,2,16,14.4,False,True,hired: Applications.Stage = Hired,trailing 6m to 2026-09-14,Offers.Proposed Start Date,distinct candidate+opening,Candidates.Source as recorded,raw Source = Job Board
12.5,2,16,14.4,False,True,hired: Applications.Stage = Hired,trailing 6m to 2026-09-14,Offers.Proposed Start Date,distinct candidate+opening,Applications.Referred By overrides Source,raw Source = Job Board
12.5,2,16,14.4,False,True,hired: Applications.Stage = Hired,2026 YTD to 2026-09-14,Applications.Applied On,distinct candidate record,Candidates.Source as recorded,raw Source = Job Board
12.5,2,16,14.4,False,True,hired: Applications.Stage = Hired,2026 YTD to 2026-09-14,Applications.Applied On,distinct candidate record,Applications.Referred By overrides Source,raw Source = Job Board
12.5,2,16,14.4,False,True,hired: Applications.Stage = Hired,2026 YTD to 2026-09-14,Applications.Applied On,distinct person (name+phone),Candidates.Source as recorded,raw Source = Job Board
12.5,2,16,14.4,False,True,hired: Applications.Stage = Hired,2026 YTD to 2026-09-14,Applications.Applied On,distinct person (name+phone),Applications.Referred By overrides Source,raw Source = Job Board
12.5,2,16,14.4,False,True,offer accepted: Offers.Status = Accepted,trailing 6m to 2026-08-27,Offers.Decision On,application rows,Candidates.Source as recorded,raw Source = Job Board
12.5,2,16,14.4,False,True,offer accepted: Offers.Status = Accepted,trailing 6m to 2026-08-27,Offers.Decision On,application rows,Applications.Referred By overrides Source,raw Source = Job Board
12.5,2,16,14.4,False,True,offer accepted: Offers.Status = Accepted,trailing 6m to 2026-08-27,Offers.Decision On,distinct candidate+opening,Candidates.Source as recorded,raw Source = Job Board
12.5,2,16,14.4,False,True,offer accepted: Offers.Status = Accepted,trailing 6m to 2026-08-27,Offers.Decision On,distinct candidate+opening,Applications.Referred By overrides Source,raw Source = Job Board
12.5,2,16,14.4,False,True,offer accepted: Offers.Status = Accepted,trailing 6m to 2026-08-27,Offers.Offered On,application rows,Candidates.Source as recorded,raw Source = Job Board
12.5,2,16,14.4,False,True,offer accepted: Offers.Status = Accepted,trailing 6m to 2026-08-27,Offers.Offered On,application rows,Applications.Referred By overrides Source,raw Source = Job Board
12.5,2,16,14.4,False,True,offer accepted: Offers.Status = Accepted,trailing 6m to 2026-08-27,Offers.Offered On,distinct candidate+opening,Candidates.Source as recorded,raw Source = Job Board
12.5,2,16,14.4,False,True,offer accepted: Offers.Status = Accepted,trailing 6m to 2026-08-27,Offers.Offered On,distinct candidate+opening,Applications.Referred By overrides Source,raw Source = Job Board
12.5,2,16,14.4,False,True,offer accepted: Offers.Status = Accepted,trailing 6m to 2026-09-14,Offers.Decision On,application rows,Candidates.Source as recorded,raw Source = Job Board
12.5,2,16,14.4,False,True,offer accepted: Offers.Status = Accepted,trailing 6m to 2026-09-14,Offers.Decision On,application rows,Applications.Referred By overrides Source,raw Source = Job Board
12.5,2,16,14.4,False,True,offer accepted: Offers.Status = Accepted,trailing 6m to 2026-09-14,Offers.Decision On,distinct candidate+opening,Candidates.Source as recorded,raw Source = Job Board
12.5,2,16,14.4,False,True,offer accepted: Offers.Status = Accepted,trailing 6m to 2026-09-14,Offers.Decision On,distinct candidate+opening,Applications.Referred By overrides Source,raw Source = Job Board
12.5,2,16,14.4,False,True,offer accepted: Offers.Status = Accepted,trailing 6m to 2026-09-14,Offers.Proposed Start Date,distinct candidate+opening,Candidates.Source as recorded,raw Source = Job Board
12.5,2,16,14.4,False,True,offer accepted: Offers.Status = Accepted,trailing 6m to 2026-09-14,Offers.Proposed Start Date,distinct candidate+opening,Applications.Referred By overrides Source,raw Source = Job Board
12.5,2,16,14.4,False,True,hire started: Accepted and Proposed Start Date <= 2026-08-27,trailing 6m to 2026-09-14,Offers.Proposed Start Date,application rows,Candidates.Source as recorded,raw Source = Job Board
12.5,2,16,14.4,False,True,hire started: Accepted and Proposed Start Date <= 2026-08-27,trailing 6m to 2026-09-14,Offers.Proposed Start Date,application rows,Applications.Referred By overrides Source,raw Source = Job Board
12.5,2,16,14.4,False,True,hire started: Accepted and Proposed Start Date <= 2026-08-27,trailing 6m to 2026-09-14,Offers.Proposed Start Date,distinct candidate+opening,Candidates.Source as recorded,raw Source = Job Board
12.5,2,16,14.4,False,True,hire started: Accepted and Proposed Start Date <= 2026-08-27,trailing 6m to 2026-09-14,Offers.Proposed Start Date,distinct candidate+opening,Applications.Referred By overrides Source,raw Source = Job Board
12.5,2,16,14.4,False,True,hire started: Accepted and Proposed Start Date <= 2026-09-14,trailing 6m to 2026-09-14,Offers.Proposed Start Date,distinct candidate+opening,Candidates.Source as recorded,raw Source = Job Board
12.5,2,16,14.4,False,True,hire started: Accepted and Proposed Start Date <= 2026-09-14,trailing 6m to 2026-09-14,Offers.Proposed Start Date,distinct candidate+opening,Applications.Referred By overrides Source,raw Source = Job Board
12.5,2,16,14.4,False,True,offer extended: any Offer record,trailing 3m to 2026-08-27,Offers.Offered On,application rows,Candidates.Source as recorded,raw Source = Job Board
12.5,2,16,14.4,False,True,offer extended: any Offer record,trailing 3m to 2026-08-27,Offers.Offered On,application rows,Applications.Referred By overrides Source,raw Source = Job Board
12.5,2,16,14.4,False,True,offer extended: any Offer record,trailing 3m to 2026-08-27,Offers.Offered On,distinct candidate+opening,Candidates.Source as recorded,raw Source = Job Board
12.5,2,16,14.4,False,True,offer extended: any Offer record,trailing 3m to 2026-08-27,Offers.Offered On,distinct candidate+opening,Applications.Referred By overrides Source,raw Source = Job Board
12.5,2,16,14.4,False,True,offer extended: any Offer record,trailing 3m to 2026-08-27,Offers.Offered On,distinct candidate record,Candidates.Source as recorded,raw Source = Job Board
12.5,2,16,14.4,False,True,offer extended: any Offer record,trailing 3m to 2026-08-27,Offers.Offered On,distinct candidate record,Applications.Referred By overrides Source,raw Source = Job Board
12.5,2,16,14.4,False,True,offer extended: any Offer record,trailing 3m to 2026-08-27,Offers.Offered On,distinct person (name+phone),Candidates.Source as recorded,raw Source = Job Board
12.5,2,16,14.4,False,True,offer extended: any Offer record,trailing 3m to 2026-08-27,Offers.Offered On,distinct person (name+phone),Applications.Referred By overrides Source,raw Source = Job Board
12.5,1,8,14.4,False,True,offer accepted: Offers.Status = Accepted,trailing 3m to 2026-09-14,Offers.Offered On,application rows,Candidates.Source as recorded,bucket: Job Board + LinkedIn
12.5,1,8,14.4,False,True,offer accepted: Offers.Status = Accepted,trailing 3m to 2026-09-14,Offers.Offered On,application rows,Applications.Referred By overrides Source,bucket: Job Board + LinkedIn
12.5,1,8,14.4,False,True,offer accepted: Offers.Status = Accepted,trailing 3m to 2026-09-14,Offers.Offered On,distinct candidate+opening,Candidates.Source as recorded,bucket: Job Board + LinkedIn
12.5,1,8,14.4,False,True,offer accepted: Offers.Status = Accepted,trailing 3m to 2026-09-14,Offers.Offered On,distinct candidate+opening,Applications.Referred By overrides Source,bucket: Job Board + LinkedIn
12.5,1,8,14.4,False,True,offer accepted: Offers.Status = Accepted,trailing 3m to 2026-09-14,Offers.Offered On,distinct candidate record,Candidates.Source as recorded,bucket: Job Board + LinkedIn
12.5,1,8,14.4,False,True,offer accepted: Offers.Status = Accepted,trailing 3m to 2026-09-14,Offers.Offered On,distinct candidate record,Applications.Referred By overrides Source,bucket: Job Board + LinkedIn
12.5,1,8,14.4,False,True,offer accepted: Offers.Status = Accepted,trailing 3m to 2026-09-14,Offers.Offered On,distinct person (name+phone),Candidates.Source as recorded,bucket: Job Board + LinkedIn
12.5,1,8,14.4,False,True,offer accepted: Offers.Status = Accepted,trailing 3m to 2026-09-14,Offers.Offered On,distinct person (name+phone),Applications.Referred By overrides Source,bucket: Job Board + LinkedIn
41.67,10,24,14.77,False,True,hired: Applications.Stage = Hired,all time,none (all time),distinct candidate record,Candidates.Source as recorded,bucket: Job Board + LinkedIn
41.67,10,24,14.77,False,True,hired: Applications.Stage = Hired,all time,none (all time),distinct person (name+phone),Applications.Referred By overrides Source,bucket: Job Board + LinkedIn
41.67,10,24,14.77,False,True,hired: Applications.Stage = Hired,trailing 12m to 2026-08-27,Applications.Closed On,distinct candidate record,Candidates.Source as recorded,bucket: Job Board + LinkedIn
41.67,10,24,14.77,False,True,hired: Applications.Stage = Hired,trailing 12m to 2026-08-27,Applications.Closed On,distinct person (name+phone),Applications.Referred By overrides Source,bucket: Job Board + LinkedIn
41.67,10,24,14.77,False,True,hired: Applications.Stage = Hired,trailing 12m to 2026-08-27,Applications.Applied On,distinct candidate record,Candidates.Source as recorded,bucket: Job Board + LinkedIn
41.67,10,24,14.77,False,True,hired: Applications.Stage = Hired,trailing 12m to 2026-08-27,Applications.Applied On,distinct person (name+phone),Applications.Referred By overrides Source,bucket: Job Board + LinkedIn
41.67,10,24,14.77,False,True,hired: Applications.Stage = Hired,trailing 12m to 2026-08-27,Offers.Decision On,distinct candidate record,Candidates.Source as recorded,bucket: Job Board + LinkedIn
41.67,10,24,14.77,False,True,hired: Applications.Stage = Hired,trailing 12m to 2026-08-27,Offers.Decision On,distinct person (name+phone),Applications.Referred By overrides Source,bucket: Job Board + LinkedIn
41.67,10,24,14.77,False,True,hired: Applications.Stage = Hired,trailing 12m to 2026-08-27,Offers.Proposed Start Date,application rows,Candidates.Source as recorded,bucket: Job Board + LinkedIn
41.67,10,24,14.77,False,True,hired: Applications.Stage = Hired,trailing 12m to 2026-08-27,Offers.Proposed Start Date,distinct candidate+opening,Candidates.Source as recorded,bucket: Job Board + LinkedIn
41.67,10,24,14.77,False,True,hired: Applications.Stage = Hired,trailing 12m to 2026-09-14,Applications.Closed On,distinct candidate record,Candidates.Source as recorded,bucket: Job Board + LinkedIn
41.67,10,24,14.77,False,True,hired: Applications.Stage = Hired,trailing 12m to 2026-09-14,Applications.Closed On,distinct person (name+phone),Applications.Referred By overrides Source,bucket: Job Board + LinkedIn
41.67,10,24,14.77,False,True,hired: Applications.Stage = Hired,trailing 12m to 2026-09-14,Offers.Decision On,distinct candidate record,Candidates.Source as recorded,bucket: Job Board + LinkedIn
41.67,10,24,14.77,False,True,hired: Applications.Stage = Hired,trailing 12m to 2026-09-14,Offers.Decision On,distinct person (name+phone),Applications.Referred By overrides Source,bucket: Job Board + LinkedIn
41.67,10,24,14.77,False,True,hired: Applications.Stage = Hired,trailing 12m to 2026-09-14,Offers.Proposed Start Date,distinct candidate+opening,Candidates.Source as recorded,bucket: Job Board + LinkedIn
41.67,10,24,14.77,False,True,offer accepted: Offers.Status = Accepted,all time,none (all time),distinct candidate record,Candidates.Source as recorded,bucket: Job Board + LinkedIn
41.67,10,24,14.77,False,True,offer accepted: Offers.Status = Accepted,all time,none (all time),distinct person (name+phone),Applications.Referred By overrides Source,bucket: Job Board + LinkedIn
41.67,10,24,14.77,False,True,offer accepted: Offers.Status = Accepted,trailing 12m to 2026-08-27,Offers.Decision On,distinct candidate record,Candidates.Source as recorded,bucket: Job Board + LinkedIn
41.67,10,24,14.77,False,True,offer accepted: Offers.Status = Accepted,trailing 12m to 2026-08-27,Offers.Decision On,distinct person (name+phone),Applications.Referred By overrides Source,bucket: Job Board + LinkedIn
41.67,10,24,14.77,False,True,offer accepted: Offers.Status = Accepted,trailing 12m to 2026-08-27,Offers.Offered On,distinct candidate record,Candidates.Source as recorded,bucket: Job Board + LinkedIn
41.67,10,24,14.77,False,True,offer accepted: Offers.Status = Accepted,trailing 12m to 2026-08-27,Offers.Offered On,distinct person (name+phone),Applications.Referred By overrides Source,bucket: Job Board + LinkedIn
41.67,10,24,14.77,False,True,offer accepted: Offers.Status = Accepted,trailing 12m to 2026-08-27,Offers.Proposed Start Date,application rows,Candidates.Source as recorded,bucket: Job Board + LinkedIn
41.67,10,24,14.77,False,True,offer accepted: Offers.Status = Accepted,trailing 12m to 2026-08-27,Offers.Proposed Start Date,distinct candidate+opening,Candidates.Source as recorded,bucket: Job Board + LinkedIn
41.67,10,24,14.77,False,True,offer accepted: Offers.Status = Accepted,trailing 12m to 2026-09-14,Offers.Decision On,distinct candidate record,Candidates.Source as recorded,bucket: Job Board + LinkedIn
41.67,10,24,14.77,False,True,offer accepted: Offers.Status = Accepted,trailing 12m to 2026-09-14,Offers.Decision On,distinct person (name+phone),Applications.Referred By overrides Source,bucket: Job Board + LinkedIn
41.67,10,24,14.77,False,True,offer accepted: Offers.Status = Accepted,trailing 12m to 2026-09-14,Offers.Offered On,distinct candidate record,Candidates.Source as recorded,bucket: Job Board + LinkedIn
41.67,10,24,14.77,False,True,offer accepted: Offers.Status = Accepted,trailing 12m to 2026-09-14,Offers.Offered On,distinct person (name+phone),Applications.Referred By overrides Source,bucket: Job Board + LinkedIn
41.67,10,24,14.77,False,True,offer accepted: Offers.Status = Accepted,trailing 12m to 2026-09-14,Offers.Proposed Start Date,distinct candidate+opening,Candidates.Source as recorded,bucket: Job Board + LinkedIn
41.67,10,24,14.77,False,True,hire started: Accepted and Proposed Start Date <= 2026-08-27,all time,none (all time),application rows,Candidates.Source as recorded,bucket: Job Board + LinkedIn
41.67,10,24,14.77,False,True,hire started: Accepted and Proposed Start Date <= 2026-08-27,all time,none (all time),distinct candidate+opening,Candidates.Source as recorded,bucket: Job Board + LinkedIn
41.67,10,24,14.77,False,True,hire started: Accepted and Proposed Start Date <= 2026-08-27,trailing 12m to 2026-08-27,Offers.Proposed Start Date,application rows,Candidates.Source as recorded,bucket: Job Board + LinkedIn
41.67,10,24,14.77,False,True,hire started: Accepted and Proposed Start Date <= 2026-08-27,trailing 12m to 2026-08-27,Offers.Proposed Start Date,distinct candidate+opening,Candidates.Source as recorded,bucket: Job Board + LinkedIn
41.67,10,24,14.77,False,True,hire started: Accepted and Proposed Start Date <= 2026-08-27,trailing 12m to 2026-09-14,Offers.Proposed Start Date,application rows,Candidates.Source as recorded,bucket: Job Board + LinkedIn
41.67,10,24,14.77,False,True,hire started: Accepted and Proposed Start Date <= 2026-08-27,trailing 12m to 2026-09-14,Offers.Proposed Start Date,distinct candidate+opening,Candidates.Source as recorded,bucket: Job Board + LinkedIn
41.67,10,24,14.77,False,True,hire started: Accepted and Proposed Start Date <= 2026-09-14,all time,none (all time),distinct candidate+opening,Candidates.Source as recorded,bucket: Job Board + LinkedIn
41.67,10,24,14.77,False,True,hire started: Accepted and Proposed Start Date <= 2026-09-14,trailing 12m to 2026-08-27,Offers.Proposed Start Date,application rows,Candidates.Source as recorded,bucket: Job Board + LinkedIn
41.67,10,24,14.77,False,True,hire started: Accepted and Proposed Start Date <= 2026-09-14,trailing 12m to 2026-08-27,Offers.Proposed Start Date,distinct candidate+opening,Candidates.Source as recorded,bucket: Job Board + LinkedIn
41.67,10,24,14.77,False,True,hire started: Accepted and Proposed Start Date <= 2026-09-14,trailing 12m to 2026-09-14,Offers.Proposed Start Date,distinct candidate+opening,Candidates.Source as recorded,bucket: Job Board + LinkedIn
41.67,5,12,14.77,False,True,hired: Applications.Stage = Hired,trailing 3m to 2026-08-27,Offers.Proposed Start Date,application rows,Candidates.Source as recorded,bucket: Job Board + LinkedIn
41.67,5,12,14.77,False,True,hired: Applications.Stage = Hired,trailing 3m to 2026-08-27,Offers.Proposed Start Date,application rows,Applications.Referred By overrides Source,bucket: Job Board + LinkedIn
41.67,5,12,14.77,False,True,hired: Applications.Stage = Hired,trailing 3m to 2026-08-27,Offers.Proposed Start Date,distinct candidate+opening,Candidates.Source as recorded,bucket: Job Board + LinkedIn
41.67,5,12,14.77,False,True,hired: Applications.Stage = Hired,trailing 3m to 2026-08-27,Offers.Proposed Start Date,distinct candidate+opening,Applications.Referred By overrides Source,bucket: Job Board + LinkedIn
41.67,5,12,14.77,False,True,hired: Applications.Stage = Hired,trailing 3m to 2026-08-27,Offers.Proposed Start Date,distinct candidate record,Candidates.Source as recorded,bucket: Job Board + LinkedIn
41.67,5,12,14.77,False,True,hired: Applications.Stage = Hired,trailing 3m to 2026-08-27,Offers.Proposed Start Date,distinct candidate record,Applications.Referred By overrides Source,bucket: Job Board + LinkedIn
41.67,5,12,14.77,False,True,hired: Applications.Stage = Hired,trailing 3m to 2026-08-27,Offers.Proposed Start Date,distinct person (name+phone),Candidates.Source as recorded,bucket: Job Board + LinkedIn
41.67,5,12,14.77,False,True,hired: Applications.Stage = Hired,trailing 3m to 2026-08-27,Offers.Proposed Start Date,distinct person (name+phone),Applications.Referred By overrides Source,bucket: Job Board + LinkedIn
41.67,5,12,14.77,False,True,offer accepted: Offers.Status = Accepted,trailing 3m to 2026-08-27,Offers.Proposed Start Date,application rows,Candidates.Source as recorded,bucket: Job Board + LinkedIn
41.67,5,12,14.77,False,True,offer accepted: Offers.Status = Accepted,trailing 3m to 2026-08-27,Offers.Proposed Start Date,application rows,Applications.Referred By overrides Source,bucket: Job Board + LinkedIn
41.67,5,12,14.77,False,True,offer accepted: Offers.Status = Accepted,trailing 3m to 2026-08-27,Offers.Proposed Start Date,distinct candidate+opening,Candidates.Source as recorded,bucket: Job Board + LinkedIn
41.67,5,12,14.77,False,True,offer accepted: Offers.Status = Accepted,trailing 3m to 2026-08-27,Offers.Proposed Start Date,distinct candidate+opening,Applications.Referred By overrides Source,bucket: Job Board + LinkedIn
41.67,5,12,14.77,False,True,offer accepted: Offers.Status = Accepted,trailing 3m to 2026-08-27,Offers.Proposed Start Date,distinct candidate record,Candidates.Source as recorded,bucket: Job Board + LinkedIn
41.67,5,12,14.77,False,True,offer accepted: Offers.Status = Accepted,trailing 3m to 2026-08-27,Offers.Proposed Start Date,distinct candidate record,Applications.Referred By overrides Source,bucket: Job Board + LinkedIn
41.67,5,12,14.77,False,True,offer accepted: Offers.Status = Accepted,trailing 3m to 2026-08-27,Offers.Proposed Start Date,distinct person (name+phone),Candidates.Source as recorded,bucket: Job Board + LinkedIn
41.67,5,12,14.77,False,True,offer accepted: Offers.Status = Accepted,trailing 3m to 2026-08-27,Offers.Proposed Start Date,distinct person (name+phone),Applications.Referred By overrides Source,bucket: Job Board + LinkedIn
41.67,5,12,14.77,False,True,hire started: Accepted and Proposed Start Date <= 2026-08-27,trailing 3m to 2026-08-27,Offers.Proposed Start Date,application rows,Candidates.Source as recorded,bucket: Job Board + LinkedIn
41.67,5,12,14.77,False,True,hire started: Accepted and Proposed Start Date <= 2026-08-27,trailing 3m to 2026-08-27,Offers.Proposed Start Date,application rows,Applications.Referred By overrides Source,bucket: Job Board + LinkedIn
41.67,5,12,14.77,False,True,hire started: Accepted and Proposed Start Date <= 2026-08-27,trailing 3m to 2026-08-27,Offers.Proposed Start Date,distinct candidate+opening,Candidates.Source as recorded,bucket: Job Board + LinkedIn
41.67,5,12,14.77,False,True,hire started: Accepted and Proposed Start Date <= 2026-08-27,trailing 3m to 2026-08-27,Offers.Proposed Start Date,distinct candidate+opening,Applications.Referred By overrides Source,bucket: Job Board + LinkedIn
41.67,5,12,14.77,False,True,hire started: Accepted and Proposed Start Date <= 2026-08-27,trailing 3m to 2026-08-27,Offers.Proposed Start Date,distinct candidate record,Candidates.Source as recorded,bucket: Job Board + LinkedIn
41.67,5,12,14.77,False,True,hire started: Accepted and Proposed Start Date <= 2026-08-27,trailing 3m to 2026-08-27,Offers.Proposed Start Date,distinct candidate record,Applications.Referred By overrides Source,bucket: Job Board + LinkedIn
41.67,5,12,14.77,False,True,hire started: Accepted and Proposed Start Date <= 2026-08-27,trailing 3m to 2026-08-27,Offers.Proposed Start Date,distinct person (name+phone),Candidates.Source as recorded,bucket: Job Board + LinkedIn
41.67,5,12,14.77,False,True,hire started: Accepted and Proposed Start Date <= 2026-08-27,trailing 3m to 2026-08-27,Offers.Proposed Start Date,distinct person (name+phone),Applications.Referred By overrides Source,bucket: Job Board + LinkedIn
41.67,5,12,14.77,False,True,hire started: Accepted and Proposed Start Date <= 2026-09-14,trailing 3m to 2026-08-27,Offers.Proposed Start Date,application rows,Candidates.Source as recorded,bucket: Job Board + LinkedIn
41.67,5,12,14.77,False,True,hire started: Accepted and Proposed Start Date <= 2026-09-14,trailing 3m to 2026-08-27,Offers.Proposed Start Date,application rows,Applications.Referred By overrides Source,bucket: Job Board + LinkedIn
41.67,5,12,14.77,False,True,hire started: Accepted and Proposed Start Date <= 2026-09-14,trailing 3m to 2026-08-27,Offers.Proposed Start Date,distinct candidate+opening,Candidates.Source as recorded,bucket: Job Board + LinkedIn
41.67,5,12,14.77,False,True,hire started: Accepted and Proposed Start Date <= 2026-09-14,trailing 3m to 2026-08-27,Offers.Proposed Start Date,distinct candidate+opening,Applications.Referred By overrides Source,bucket: Job Board + LinkedIn
41.67,5,12,14.77,False,True,hire started: Accepted and Proposed Start Date <= 2026-09-14,trailing 3m to 2026-08-27,Offers.Proposed Start Date,distinct candidate record,Candidates.Source as recorded,bucket: Job Board + LinkedIn
41.67,5,12,14.77,False,True,hire started: Accepted and Proposed Start Date <= 2026-09-14,trailing 3m to 2026-08-27,Offers.Proposed Start Date,distinct candidate record,Applications.Referred By overrides Source,bucket: Job Board + LinkedIn
41.67,5,12,14.77,False,True,hire started: Accepted and Proposed Start Date <= 2026-09-14,trailing 3m to 2026-08-27,Offers.Proposed Start Date,distinct person (name+phone),Candidates.Source as recorded,bucket: Job Board + LinkedIn
41.67,5,12,14.77,False,True,hire started: Accepted and Proposed Start Date <= 2026-09-14,trailing 3m to 2026-08-27,Offers.Proposed Start Date,distinct person (name+phone),Applications.Referred By overrides Source,bucket: Job Board + LinkedIn
11.76,2,17,15.14,False,True,hired: Applications.Stage = Hired,trailing 6m to 2026-09-14,Offers.Proposed Start Date,application rows,Candidates.Source as recorded,raw Source = Job Board
11.76,2,17,15.14,False,True,hired: Applications.Stage = Hired,trailing 6m to 2026-09-14,Offers.Proposed Start Date,application rows,Applications.Referred By overrides Source,raw Source = Job Board
11.76,2,17,15.14,False,True,hired: Applications.Stage = Hired,2026 YTD to 2026-09-14,Applications.Applied On,distinct candidate+opening,Candidates.Source as recorded,raw Source = Job Board
11.76,2,17,15.14,False,True,hired: Applications.Stage = Hired,2026 YTD to 2026-09-14,Applications.Applied On,distinct candidate+opening,Applications.Referred By overrides Source,raw Source = Job Board
11.76,2,17,15.14,False,True,offer accepted: Offers.Status = Accepted,trailing 6m to 2026-09-14,Offers.Proposed Start Date,application rows,Candidates.Source as recorded,raw Source = Job Board
11.76,2,17,15.14,False,True,offer accepted: Offers.Status = Accepted,trailing 6m to 2026-09-14,Offers.Proposed Start Date,application rows,Applications.Referred By overrides Source,raw Source = Job Board
11.76,2,17,15.14,False,True,hire started: Accepted and Proposed Start Date <= 2026-09-14,trailing 6m to 2026-09-14,Offers.Proposed Start Date,application rows,Candidates.Source as recorded,raw Source = Job Board
11.76,2,17,15.14,False,True,hire started: Accepted and Proposed Start Date <= 2026-09-14,trailing 6m to 2026-09-14,Offers.Proposed Start Date,application rows,Applications.Referred By overrides Source,raw Source = Job Board
11.11,2,18,15.79,False,True,hired: Applications.Stage = Hired,2026 YTD to 2026-09-14,Applications.Applied On,application rows,Candidates.Source as recorded,raw Source = Job Board
11.11,2,18,15.79,False,True,hired: Applications.Stage = Hired,2026 YTD to 2026-09-14,Applications.Applied On,application rows,Applications.Referred By overrides Source,raw Source = Job Board
42.86,3,7,15.96,False,True,hired: Applications.Stage = Hired,calendar 2025,Applications.Closed On,application rows,Applications.Referred By overrides Source,raw Source = Job Board
42.86,3,7,15.96,False,True,hired: Applications.Stage = Hired,calendar 2025,Applications.Closed On,application rows,Applications.Referred By overrides Source,bucket: Job Board + LinkedIn
42.86,3,7,15.96,False,True,hired: Applications.Stage = Hired,calendar 2025,Applications.Closed On,distinct candidate+opening,Applications.Referred By overrides Source,raw Source = Job Board
42.86,3,7,15.96,False,True,hired: Applications.Stage = Hired,calendar 2025,Applications.Closed On,distinct candidate+opening,Applications.Referred By overrides Source,bucket: Job Board + LinkedIn
42.86,3,7,15.96,False,True,hired: Applications.Stage = Hired,calendar 2025,Applications.Closed On,distinct candidate record,Applications.Referred By overrides Source,raw Source = Job Board
42.86,3,7,15.96,False,True,hired: Applications.Stage = Hired,calendar 2025,Applications.Closed On,distinct candidate record,Applications.Referred By overrides Source,bucket: Job Board + LinkedIn
42.86,3,7,15.96,False,True,offer accepted: Offers.Status = Accepted,calendar 2025,Offers.Offered On,application rows,Applications.Referred By overrides Source,raw Source = Job Board
42.86,3,7,15.96,False,True,offer accepted: Offers.Status = Accepted,calendar 2025,Offers.Offered On,application rows,Applications.Referred By overrides Source,bucket: Job Board + LinkedIn
42.86,3,7,15.96,False,True,offer accepted: Offers.Status = Accepted,calendar 2025,Offers.Offered On,distinct candidate+opening,Applications.Referred By overrides Source,raw Source = Job Board
42.86,3,7,15.96,False,True,offer accepted: Offers.Status = Accepted,calendar 2025,Offers.Offered On,distinct candidate+opening,Applications.Referred By overrides Source,bucket: Job Board + LinkedIn
42.86,3,7,15.96,False,True,offer accepted: Offers.Status = Accepted,calendar 2025,Offers.Offered On,distinct candidate record,Applications.Referred By overrides Source,raw Source = Job Board
42.86,3,7,15.96,False,True,offer accepted: Offers.Status = Accepted,calendar 2025,Offers.Offered On,distinct candidate record,Applications.Referred By overrides Source,bucket: Job Board + LinkedIn
42.86,3,7,15.96,False,True,hire on a Filled opening: Stage = Hired and Opening.Status = Filled,trailing 3m to 2026-09-14,Applications.Closed On,application rows,Candidates.Source as recorded,bucket: Job Board + LinkedIn + Career Site
42.86,3,7,15.96,False,True,hire on a Filled opening: Stage = Hired and Opening.Status = Filled,trailing 3m to 2026-09-14,Applications.Closed On,application rows,Applications.Referred By overrides Source,bucket: Job Board + LinkedIn + Career Site
42.86,3,7,15.96,False,True,hire on a Filled opening: Stage = Hired and Opening.Status = Filled,trailing 3m to 2026-09-14,Applications.Closed On,distinct candidate+opening,Candidates.Source as recorded,bucket: Job Board + LinkedIn + Career Site
42.86,3,7,15.96,False,True,hire on a Filled opening: Stage = Hired and Opening.Status = Filled,trailing 3m to 2026-09-14,Applications.Closed On,distinct candidate+opening,Applications.Referred By overrides Source,bucket: Job Board + LinkedIn + Career Site
42.86,3,7,15.96,False,True,hire on a Filled opening: Stage = Hired and Opening.Status = Filled,trailing 3m to 2026-09-14,Applications.Closed On,distinct candidate record,Candidates.Source as recorded,bucket: Job Board + LinkedIn + Career Site
42.86,3,7,15.96,False,True,hire on a Filled opening: Stage = Hired and Opening.Status = Filled,trailing 3m to 2026-09-14,Applications.Closed On,distinct candidate record,Applications.Referred By overrides Source,bucket: Job Board + LinkedIn + Career Site
42.86,3,7,15.96,False,True,hire on a Filled opening: Stage = Hired and Opening.Status = Filled,trailing 3m to 2026-09-14,Applications.Closed On,distinct person (name+phone),Candidates.Source as recorded,bucket: Job Board + LinkedIn + Career Site
42.86,3,7,15.96,False,True,hire on a Filled opening: Stage = Hired and Opening.Status = Filled,trailing 3m to 2026-09-14,Applications.Closed On,distinct person (name+phone),Applications.Referred By overrides Source,bucket: Job Board + LinkedIn + Career Site
43.48,10,23,16.58,False,True,hired: Applications.Stage = Hired,trailing 12m to 2026-08-27,Offers.Proposed Start Date,distinct candidate record,Candidates.Source as recorded,bucket: Job Board + LinkedIn
43.48,10,23,16.58,False,True,hired: Applications.Stage = Hired,trailing 12m to 2026-08-27,Offers.Proposed Start Date,distinct person (name+phone),Applications.Referred By overrides Source,bucket: Job Board + LinkedIn
43.48,10,23,16.58,False,True,hired: Applications.Stage = Hired,trailing 12m to 2026-09-14,Applications.Applied On,distinct person (name+phone),Candidates.Source as recorded,bucket: Job Board + LinkedIn
43.48,10,23,16.58,False,True,hired: Applications.Stage = Hired,trailing 12m to 2026-09-14,Offers.Proposed Start Date,distinct candidate record,Candidates.Source as recorded,bucket: Job Board + LinkedIn
43.48,10,23,16.58,False,True,hired: Applications.Stage = Hired,trailing 12m to 2026-09-14,Offers.Proposed Start Date,distinct person (name+phone),Applications.Referred By overrides Source,bucket: Job Board + LinkedIn
43.48,10,23,16.58,False,True,offer accepted: Offers.Status = Accepted,trailing 12m to 2026-08-27,Offers.Proposed Start Date,distinct candidate record,Candidates.Source as recorded,bucket: Job Board + LinkedIn
43.48,10,23,16.58,False,True,offer accepted: Offers.Status = Accepted,trailing 12m to 2026-08-27,Offers.Proposed Start Date,distinct person (name+phone),Applications.Referred By overrides Source,bucket: Job Board + LinkedIn
43.48,10,23,16.58,False,True,offer accepted: Offers.Status = Accepted,trailing 12m to 2026-09-14,Offers.Proposed Start Date,distinct candidate record,Candidates.Source as recorded,bucket: Job Board + LinkedIn
43.48,10,23,16.58,False,True,offer accepted: Offers.Status = Accepted,trailing 12m to 2026-09-14,Offers.Proposed Start Date,distinct person (name+phone),Applications.Referred By overrides Source,bucket: Job Board + LinkedIn
43.48,10,23,16.58,False,True,hire started: Accepted and Proposed Start Date <= 2026-08-27,all time,none (all time),distinct candidate record,Candidates.Source as recorded,bucket: Job Board + LinkedIn
43.48,10,23,16.58,False,True,hire started: Accepted and Proposed Start Date <= 2026-08-27,all time,none (all time),distinct person (name+phone),Applications.Referred By overrides Source,bucket: Job Board + LinkedIn
43.48,10,23,16.58,False,True,hire started: Accepted and Proposed Start Date <= 2026-08-27,trailing 12m to 2026-08-27,Offers.Proposed Start Date,distinct candidate record,Candidates.Source as recorded,bucket: Job Board + LinkedIn
43.48,10,23,16.58,False,True,hire started: Accepted and Proposed Start Date <= 2026-08-27,trailing 12m to 2026-08-27,Offers.Proposed Start Date,distinct person (name+phone),Applications.Referred By overrides Source,bucket: Job Board + LinkedIn
43.48,10,23,16.58,False,True,hire started: Accepted and Proposed Start Date <= 2026-08-27,trailing 12m to 2026-09-14,Offers.Proposed Start Date,distinct candidate record,Candidates.Source as recorded,bucket: Job Board + LinkedIn
43.48,10,23,16.58,False,True,hire started: Accepted and Proposed Start Date <= 2026-08-27,trailing 12m to 2026-09-14,Offers.Proposed Start Date,distinct person (name+phone),Applications.Referred By overrides Source,bucket: Job Board + LinkedIn
43.48,10,23,16.58,False,True,hire started: Accepted and Proposed Start Date <= 2026-09-14,all time,none (all time),distinct candidate record,Candidates.Source as recorded,bucket: Job Board + LinkedIn
43.48,10,23,16.58,False,True,hire started: Accepted and Proposed Start Date <= 2026-09-14,all time,none (all time),distinct person (name+phone),Applications.Referred By overrides Source,bucket: Job Board + LinkedIn
43.48,10,23,16.58,False,True,hire started: Accepted and Proposed Start Date <= 2026-09-14,trailing 12m to 2026-08-27,Offers.Proposed Start Date,distinct candidate record,Candidates.Source as recorded,bucket: Job Board + LinkedIn
43.48,10,23,16.58,False,True,hire started: Accepted and Proposed Start Date <= 2026-09-14,trailing 12m to 2026-08-27,Offers.Proposed Start Date,distinct person (name+phone),Applications.Referred By overrides Source,bucket: Job Board + LinkedIn
43.48,10,23,16.58,False,True,hire started: Accepted and Proposed Start Date <= 2026-09-14,trailing 12m to 2026-09-14,Offers.Proposed Start Date,distinct candidate record,Candidates.Source as recorded,bucket: Job Board + LinkedIn
43.48,10,23,16.58,False,True,hire started: Accepted and Proposed Start Date <= 2026-09-14,trailing 12m to 2026-09-14,Offers.Proposed Start Date,distinct person (name+phone),Applications.Referred By overrides Source,bucket: Job Board + LinkedIn
10.0,1,10,16.9,False,True,hire started: Accepted and Proposed Start Date <= 2026-08-27,trailing 3m to 2026-09-14,Offers.Proposed Start Date,application rows,Candidates.Source as recorded,raw Source = Job Board
10.0,1,10,16.9,False,True,hire started: Accepted and Proposed Start Date <= 2026-08-27,trailing 3m to 2026-09-14,Offers.Proposed Start Date,application rows,Applications.Referred By overrides Source,raw Source = Job Board
10.0,1,10,16.9,False,True,hire started: Accepted and Proposed Start Date <= 2026-08-27,trailing 3m to 2026-09-14,Offers.Proposed Start Date,distinct candidate+opening,Candidates.Source as recorded,raw Source = Job Board
10.0,1,10,16.9,False,True,hire started: Accepted and Proposed Start Date <= 2026-08-27,trailing 3m to 2026-09-14,Offers.Proposed Start Date,distinct candidate+opening,Applications.Referred By overrides Source,raw Source = Job Board
10.0,1,10,16.9,False,True,hire started: Accepted and Proposed Start Date <= 2026-08-27,trailing 3m to 2026-09-14,Offers.Proposed Start Date,distinct candidate record,Candidates.Source as recorded,raw Source = Job Board
10.0,1,10,16.9,False,True,hire started: Accepted and Proposed Start Date <= 2026-08-27,trailing 3m to 2026-09-14,Offers.Proposed Start Date,distinct candidate record,Applications.Referred By overrides Source,raw Source = Job Board
10.0,1,10,16.9,False,True,hire started: Accepted and Proposed Start Date <= 2026-08-27,trailing 3m to 2026-09-14,Offers.Proposed Start Date,distinct person (name+phone),Candidates.Source as recorded,raw Source = Job Board
10.0,1,10,16.9,False,True,hire started: Accepted and Proposed Start Date <= 2026-08-27,trailing 3m to 2026-09-14,Offers.Proposed Start Date,distinct person (name+phone),Applications.Referred By overrides Source,raw Source = Job Board
44.44,8,18,17.54,False,True,hired: Applications.Stage = Hired,2026 YTD to 2026-09-14,Applications.Applied On,application rows,Applications.Referred By overrides Source,bucket: Job Board + LinkedIn + Career Site
44.44,4,9,17.54,False,True,hire on a Filled opening: Stage = Hired and Opening.Status = Filled,all time,none (all time),distinct candidate record,Candidates.Source as recorded,bucket: Job Board + LinkedIn + Career Site
44.44,4,9,17.54,False,True,hire on a Filled opening: Stage = Hired and Opening.Status = Filled,all time,none (all time),distinct candidate record,Applications.Referred By overrides Source,bucket: Job Board + LinkedIn + Career Site
44.44,4,9,17.54,False,True,hire on a Filled opening: Stage = Hired and Opening.Status = Filled,all time,none (all time),distinct person (name+phone),Candidates.Source as recorded,bucket: Job Board + LinkedIn + Career Site
44.44,4,9,17.54,False,True,hire on a Filled opening: Stage = Hired and Opening.Status = Filled,all time,none (all time),distinct person (name+phone),Applications.Referred By overrides Source,bucket: Job Board + LinkedIn + Career Site
44.44,4,9,17.54,False,True,hire on a Filled opening: Stage = Hired and Opening.Status = Filled,trailing 12m to 2026-08-27,Applications.Closed On,distinct candidate record,Candidates.Source as recorded,bucket: Job Board + LinkedIn + Career Site
44.44,4,9,17.54,False,True,hire on a Filled opening: Stage = Hired and Opening.Status = Filled,trailing 12m to 2026-08-27,Applications.Closed On,distinct candidate record,Applications.Referred By overrides Source,bucket: Job Board + LinkedIn + Career Site
44.44,4,9,17.54,False,True,hire on a Filled opening: Stage = Hired and Opening.Status = Filled,trailing 12m to 2026-08-27,Applications.Closed On,distinct person (name+phone),Candidates.Source as recorded,bucket: Job Board + LinkedIn + Career Site
44.44,4,9,17.54,False,True,hire on a Filled opening: Stage = Hired and Opening.Status = Filled,trailing 12m to 2026-08-27,Applications.Closed On,distinct person (name+phone),Applications.Referred By overrides Source,bucket: Job Board + LinkedIn + Career Site
44.44,4,9,17.54,False,True,hire on a Filled opening: Stage = Hired and Opening.Status = Filled,trailing 6m to 2026-08-27,Applications.Closed On,application rows,Candidates.Source as recorded,bucket: Job Board + LinkedIn + Career Site
44.44,4,9,17.54,False,True,hire on a Filled opening: Stage = Hired and Opening.Status = Filled,trailing 6m to 2026-08-27,Applications.Closed On,application rows,Applications.Referred By overrides Source,bucket: Job Board + LinkedIn + Career Site
44.44,4,9,17.54,False,True,hire on a Filled opening: Stage = Hired and Opening.Status = Filled,trailing 6m to 2026-08-27,Applications.Closed On,distinct candidate+opening,Candidates.Source as recorded,bucket: Job Board + LinkedIn + Career Site
44.44,4,9,17.54,False,True,hire on a Filled opening: Stage = Hired and Opening.Status = Filled,trailing 6m to 2026-08-27,Applications.Closed On,distinct candidate+opening,Applications.Referred By overrides Source,bucket: Job Board + LinkedIn + Career Site
44.44,4,9,17.54,False,True,hire on a Filled opening: Stage = Hired and Opening.Status = Filled,trailing 12m to 2026-09-14,Applications.Closed On,distinct candidate record,Candidates.Source as recorded,bucket: Job Board + LinkedIn + Career Site
44.44,4,9,17.54,False,True,hire on a Filled opening: Stage = Hired and Opening.Status = Filled,trailing 12m to 2026-09-14,Applications.Closed On,distinct candidate record,Applications.Referred By overrides Source,bucket: Job Board + LinkedIn + Career Site
44.44,4,9,17.54,False,True,hire on a Filled opening: Stage = Hired and Opening.Status = Filled,trailing 12m to 2026-09-14,Applications.Closed On,distinct person (name+phone),Candidates.Source as recorded,bucket: Job Board + LinkedIn + Career Site
44.44,4,9,17.54,False,True,hire on a Filled opening: Stage = Hired and Opening.Status = Filled,trailing 12m to 2026-09-14,Applications.Closed On,distinct person (name+phone),Applications.Referred By overrides Source,bucket: Job Board + LinkedIn + Career Site
44.44,4,9,17.54,False,True,hire on a Filled opening: Stage = Hired and Opening.Status = Filled,trailing 6m to 2026-09-14,Applications.Closed On,application rows,Candidates.Source as recorded,bucket: Job Board + LinkedIn + Career Site
44.44,4,9,17.54,False,True,hire on a Filled opening: Stage = Hired and Opening.Status = Filled,trailing 6m to 2026-09-14,Applications.Closed On,application rows,Applications.Referred By overrides Source,bucket: Job Board + LinkedIn + Career Site
44.44,4,9,17.54,False,True,hire on a Filled opening: Stage = Hired and Opening.Status = Filled,trailing 6m to 2026-09-14,Applications.Closed On,distinct candidate+opening,Candidates.Source as recorded,bucket: Job Board + LinkedIn + Career Site
44.44,4,9,17.54,False,True,hire on a Filled opening: Stage = Hired and Opening.Status = Filled,trailing 6m to 2026-09-14,Applications.Closed On,distinct candidate+opening,Applications.Referred By overrides Source,bucket: Job Board + LinkedIn + Career Site
44.44,4,9,17.54,False,True,hire on a Filled opening: Stage = Hired and Opening.Status = Filled,2026 YTD to 2026-09-14,Applications.Closed On,distinct candidate+opening,Candidates.Source as recorded,bucket: Job Board + LinkedIn + Career Site
44.44,4,9,17.54,False,True,hire on a Filled opening: Stage = Hired and Opening.Status = Filled,2026 YTD to 2026-09-14,Applications.Closed On,distinct candidate+opening,Applications.Referred By overrides Source,bucket: Job Board + LinkedIn + Career Site
9.09,1,11,17.81,False,True,hired: Applications.Stage = Hired,trailing 3m to 2026-09-14,Offers.Proposed Start Date,application rows,Candidates.Source as recorded,raw Source = Job Board
9.09,1,11,17.81,False,True,hired: Applications.Stage = Hired,trailing 3m to 2026-09-14,Offers.Proposed Start Date,application rows,Applications.Referred By overrides Source,raw Source = Job Board
9.09,1,11,17.81,False,True,hired: Applications.Stage = Hired,trailing 3m to 2026-09-14,Offers.Proposed Start Date,distinct candidate+opening,Candidates.Source as recorded,raw Source = Job Board
9.09,1,11,17.81,False,True,hired: Applications.Stage = Hired,trailing 3m to 2026-09-14,Offers.Proposed Start Date,distinct candidate+opening,Applications.Referred By overrides Source,raw Source = Job Board
9.09,1,11,17.81,False,True,hired: Applications.Stage = Hired,trailing 3m to 2026-09-14,Offers.Proposed Start Date,distinct candidate record,Candidates.Source as recorded,raw Source = Job Board
9.09,1,11,17.81,False,True,hired: Applications.Stage = Hired,trailing 3m to 2026-09-14,Offers.Proposed Start Date,distinct candidate record,Applications.Referred By overrides Source,raw Source = Job Board
9.09,1,11,17.81,False,True,hired: Applications.Stage = Hired,trailing 3m to 2026-09-14,Offers.Proposed Start Date,distinct person (name+phone),Candidates.Source as recorded,raw Source = Job Board
9.09,1,11,17.81,False,True,hired: Applications.Stage = Hired,trailing 3m to 2026-09-14,Offers.Proposed Start Date,distinct person (name+phone),Applications.Referred By overrides Source,raw Source = Job Board
9.09,1,11,17.81,False,True,offer accepted: Offers.Status = Accepted,trailing 3m to 2026-09-14,Offers.Proposed Start Date,application rows,Candidates.Source as recorded,raw Source = Job Board
9.09,1,11,17.81,False,True,offer accepted: Offers.Status = Accepted,trailing 3m to 2026-09-14,Offers.Proposed Start Date,application rows,Applications.Referred By overrides Source,raw Source = Job Board
9.09,1,11,17.81,False,True,offer accepted: Offers.Status = Accepted,trailing 3m to 2026-09-14,Offers.Proposed Start Date,distinct candidate+opening,Candidates.Source as recorded,raw Source = Job Board
9.09,1,11,17.81,False,True,offer accepted: Offers.Status = Accepted,trailing 3m to 2026-09-14,Offers.Proposed Start Date,distinct candidate+opening,Applications.Referred By overrides Source,raw Source = Job Board
9.09,1,11,17.81,False,True,offer accepted: Offers.Status = Accepted,trailing 3m to 2026-09-14,Offers.Proposed Start Date,distinct candidate record,Candidates.Source as recorded,raw Source = Job Board
9.09,1,11,17.81,False,True,offer accepted: Offers.Status = Accepted,trailing 3m to 2026-09-14,Offers.Proposed Start Date,distinct candidate record,Applications.Referred By overrides Source,raw Source = Job Board
9.09,1,11,17.81,False,True,offer accepted: Offers.Status = Accepted,trailing 3m to 2026-09-14,Offers.Proposed Start Date,distinct person (name+phone),Candidates.Source as recorded,raw Source = Job Board
9.09,1,11,17.81,False,True,offer accepted: Offers.Status = Accepted,trailing 3m to 2026-09-14,Offers.Proposed Start Date,distinct person (name+phone),Applications.Referred By overrides Source,raw Source = Job Board
9.09,1,11,17.81,False,True,hire started: Accepted and Proposed Start Date <= 2026-09-14,trailing 3m to 2026-09-14,Offers.Proposed Start Date,application rows,Candidates.Source as recorded,raw Source = Job Board
9.09,1,11,17.81,False,True,hire started: Accepted and Proposed Start Date <= 2026-09-14,trailing 3m to 2026-09-14,Offers.Proposed Start Date,application rows,Applications.Referred By overrides Source,raw Source = Job Board
9.09,1,11,17.81,False,True,hire started: Accepted and Proposed Start Date <= 2026-09-14,trailing 3m to 2026-09-14,Offers.Proposed Start Date,distinct candidate+opening,Candidates.Source as recorded,raw Source = Job Board
9.09,1,11,17.81,False,True,hire started: Accepted and Proposed Start Date <= 2026-09-14,trailing 3m to 2026-09-14,Offers.Proposed Start Date,distinct candidate+opening,Applications.Referred By overrides Source,raw Source = Job Board
9.09,1,11,17.81,False,True,hire started: Accepted and Proposed Start Date <= 2026-09-14,trailing 3m to 2026-09-14,Offers.Proposed Start Date,distinct candidate record,Candidates.Source as recorded,raw Source = Job Board
9.09,1,11,17.81,False,True,hire started: Accepted and Proposed Start Date <= 2026-09-14,trailing 3m to 2026-09-14,Offers.Proposed Start Date,distinct candidate record,Applications.Referred By overrides Source,raw Source = Job Board
9.09,1,11,17.81,False,True,hire started: Accepted and Proposed Start Date <= 2026-09-14,trailing 3m to 2026-09-14,Offers.Proposed Start Date,distinct person (name+phone),Candidates.Source as recorded,raw Source = Job Board
9.09,1,11,17.81,False,True,hire started: Accepted and Proposed Start Date <= 2026-09-14,trailing 3m to 2026-09-14,Offers.Proposed Start Date,distinct person (name+phone),Applications.Referred By overrides Source,raw Source = Job Board
9.09,1,11,17.81,False,True,offer extended: any Offer record,trailing 3m to 2026-09-14,Offers.Offered On,application rows,Candidates.Source as recorded,raw Source = Job Board
9.09,1,11,17.81,False,True,offer extended: any Offer record,trailing 3m to 2026-09-14,Offers.Offered On,application rows,Applications.Referred By overrides Source,raw Source = Job Board
9.09,1,11,17.81,False,True,offer extended: any Offer record,trailing 3m to 2026-09-14,Offers.Offered On,distinct candidate+opening,Candidates.Source as recorded,raw Source = Job Board
9.09,1,11,17.81,False,True,offer extended: any Offer record,trailing 3m to 2026-09-14,Offers.Offered On,distinct candidate+opening,Applications.Referred By overrides Source,raw Source = Job Board
9.09,1,11,17.81,False,True,offer extended: any Offer record,trailing 3m to 2026-09-14,Offers.Offered On,distinct candidate record,Candidates.Source as recorded,raw Source = Job Board
9.09,1,11,17.81,False,True,offer extended: any Offer record,trailing 3m to 2026-09-14,Offers.Offered On,distinct candidate record,Applications.Referred By overrides Source,raw Source = Job Board
9.09,1,11,17.81,False,True,offer extended: any Offer record,trailing 3m to 2026-09-14,Offers.Offered On,distinct person (name+phone),Candidates.Source as recorded,raw Source = Job Board
9.09,1,11,17.81,False,True,offer extended: any Offer record,trailing 3m to 2026-09-14,Offers.Offered On,distinct person (name+phone),Applications.Referred By overrides Source,raw Source = Job Board
45.0,9,20,18.1,False,True,hired: Applications.Stage = Hired,2026 YTD to 2026-09-14,Offers.Decision On,application rows,Applications.Referred By overrides Source,bucket: Job Board + LinkedIn + Career Site
45.0,9,20,18.1,False,True,offer accepted: Offers.Status = Accepted,2026 YTD to 2026-09-14,Offers.Decision On,application rows,Applications.Referred By overrides Source,bucket: Job Board + LinkedIn + Career Site
45.45,5,11,18.55,False,True,hired: Applications.Stage = Hired,trailing 3m to 2026-09-14,Offers.Decision On,application rows,Candidates.Source as recorded,bucket: Job Board + LinkedIn + Career Site
45.45,5,11,18.55,False,True,hired: Applications.Stage = Hired,trailing 3m to 2026-09-14,Offers.Decision On,application rows,Applications.Referred By overrides Source,bucket: Job Board + LinkedIn + Career Site
45.45,5,11,18.55,False,True,hired: Applications.Stage = Hired,trailing 3m to 2026-09-14,Offers.Decision On,distinct candidate+opening,Candidates.Source as recorded,bucket: Job Board + LinkedIn + Career Site
45.45,5,11,18.55,False,True,hired: Applications.Stage = Hired,trailing 3m to 2026-09-14,Offers.Decision On,distinct candidate+opening,Applications.Referred By overrides Source,bucket: Job Board + LinkedIn + Career Site
45.45,5,11,18.55,False,True,hired: Applications.Stage = Hired,trailing 3m to 2026-09-14,Offers.Decision On,distinct candidate record,Candidates.Source as recorded,bucket: Job Board + LinkedIn + Career Site
45.45,5,11,18.55,False,True,hired: Applications.Stage = Hired,trailing 3m to 2026-09-14,Offers.Decision On,distinct candidate record,Applications.Referred By overrides Source,bucket: Job Board + LinkedIn + Career Site
45.45,5,11,18.55,False,True,hired: Applications.Stage = Hired,trailing 3m to 2026-09-14,Offers.Decision On,distinct person (name+phone),Candidates.Source as recorded,bucket: Job Board + LinkedIn + Career Site
45.45,5,11,18.55,False,True,hired: Applications.Stage = Hired,trailing 3m to 2026-09-14,Offers.Decision On,distinct person (name+phone),Applications.Referred By overrides Source,bucket: Job Board + LinkedIn + Career Site
45.45,5,11,18.55,False,True,offer accepted: Offers.Status = Accepted,trailing 3m to 2026-09-14,Offers.Decision On,application rows,Candidates.Source as recorded,bucket: Job Board + LinkedIn + Career Site
45.45,5,11,18.55,False,True,offer accepted: Offers.Status = Accepted,trailing 3m to 2026-09-14,Offers.Decision On,application rows,Applications.Referred By overrides Source,bucket: Job Board + LinkedIn + Career Site
45.45,5,11,18.55,False,True,offer accepted: Offers.Status = Accepted,trailing 3m to 2026-09-14,Offers.Decision On,distinct candidate+opening,Candidates.Source as recorded,bucket: Job Board + LinkedIn + Career Site
45.45,5,11,18.55,False,True,offer accepted: Offers.Status = Accepted,trailing 3m to 2026-09-14,Offers.Decision On,distinct candidate+opening,Applications.Referred By overrides Source,bucket: Job Board + LinkedIn + Career Site
45.45,5,11,18.55,False,True,offer accepted: Offers.Status = Accepted,trailing 3m to 2026-09-14,Offers.Decision On,distinct candidate record,Candidates.Source as recorded,bucket: Job Board + LinkedIn + Career Site
45.45,5,11,18.55,False,True,offer accepted: Offers.Status = Accepted,trailing 3m to 2026-09-14,Offers.Decision On,distinct candidate record,Applications.Referred By overrides Source,bucket: Job Board + LinkedIn + Career Site
45.45,5,11,18.55,False,True,offer accepted: Offers.Status = Accepted,trailing 3m to 2026-09-14,Offers.Decision On,distinct person (name+phone),Candidates.Source as recorded,bucket: Job Board + LinkedIn + Career Site
45.45,5,11,18.55,False,True,offer accepted: Offers.Status = Accepted,trailing 3m to 2026-09-14,Offers.Decision On,distinct person (name+phone),Applications.Referred By overrides Source,bucket: Job Board + LinkedIn + Career Site
45.83,11,24,18.93,False,True,hired: Applications.Stage = Hired,all time,none (all time),distinct person (name+phone),Candidates.Source as recorded,bucket: Job Board + LinkedIn
45.83,11,24,18.93,False,True,hired: Applications.Stage = Hired,trailing 12m to 2026-08-27,Applications.Closed On,distinct person (name+phone),Candidates.Source as recorded,bucket: Job Board + LinkedIn
45.83,11,24,18.93,False,True,hired: Applications.Stage = Hired,trailing 12m to 2026-08-27,Applications.Applied On,distinct person (name+phone),Candidates.Source as recorded,bucket: Job Board + LinkedIn
45.83,11,24,18.93,False,True,hired: Applications.Stage = Hired,trailing 12m to 2026-08-27,Offers.Decision On,distinct person (name+phone),Candidates.Source as recorded,bucket: Job Board + LinkedIn
45.83,11,24,18.93,False,True,hired: Applications.Stage = Hired,trailing 12m to 2026-09-14,Applications.Closed On,distinct person (name+phone),Candidates.Source as recorded,bucket: Job Board + LinkedIn
45.83,11,24,18.93,False,True,hired: Applications.Stage = Hired,trailing 12m to 2026-09-14,Offers.Decision On,distinct person (name+phone),Candidates.Source as recorded,bucket: Job Board + LinkedIn
45.83,11,24,18.93,False,True,offer accepted: Offers.Status = Accepted,all time,none (all time),distinct person (name+phone),Candidates.Source as recorded,bucket: Job Board + LinkedIn
45.83,11,24,18.93,False,True,offer accepted: Offers.Status = Accepted,trailing 12m to 2026-08-27,Offers.Decision On,distinct person (name+phone),Candidates.Source as recorded,bucket: Job Board + LinkedIn
45.83,11,24,18.93,False,True,offer accepted: Offers.Status = Accepted,trailing 12m to 2026-08-27,Offers.Offered On,distinct person (name+phone),Candidates.Source as recorded,bucket: Job Board + LinkedIn
45.83,11,24,18.93,False,True,offer accepted: Offers.Status = Accepted,trailing 12m to 2026-09-14,Offers.Decision On,distinct person (name+phone),Candidates.Source as recorded,bucket: Job Board + LinkedIn
45.83,11,24,18.93,False,True,offer accepted: Offers.Status = Accepted,trailing 12m to 2026-09-14,Offers.Offered On,distinct person (name+phone),Candidates.Source as recorded,bucket: Job Board + LinkedIn
45.83,11,24,18.93,False,True,offer extended: any Offer record,trailing 6m to 2026-08-27,Offers.Offered On,application rows,Candidates.Source as recorded,bucket: Job Board + LinkedIn
45.83,11,24,18.93,False,True,offer extended: any Offer record,trailing 6m to 2026-08-27,Offers.Offered On,application rows,Applications.Referred By overrides Source,bucket: Job Board + LinkedIn
45.83,11,24,18.93,False,True,offer extended: any Offer record,trailing 6m to 2026-08-27,Offers.Offered On,distinct candidate+opening,Candidates.Source as recorded,bucket: Job Board + LinkedIn
45.83,11,24,18.93,False,True,offer extended: any Offer record,trailing 6m to 2026-08-27,Offers.Offered On,distinct candidate+opening,Applications.Referred By overrides Source,bucket: Job Board + LinkedIn
46.15,12,26,19.25,False,True,offer extended: any Offer record,2026 YTD to 2026-09-14,Offers.Offered On,distinct person (name+phone),Candidates.Source as recorded,bucket: Job Board + LinkedIn
46.15,12,26,19.25,False,True,offer extended: any Offer record,2026 YTD to 2026-09-14,Offers.Offered On,distinct person (name+phone),Applications.Referred By overrides Source,bucket: Job Board + LinkedIn
46.43,13,28,19.53,False,True,offer extended: any Offer record,2026 YTD to 2026-09-14,Offers.Offered On,application rows,Candidates.Source as recorded,bucket: Job Board + LinkedIn
46.43,13,28,19.53,False,True,offer extended: any Offer record,2026 YTD to 2026-09-14,Offers.Offered On,application rows,Applications.Referred By overrides Source,bucket: Job Board + LinkedIn
46.88,15,32,19.98,False,False,offer extended: any Offer record,all time,none (all time),distinct candidate record,Applications.Referred By overrides Source,bucket: Job Board + LinkedIn
46.88,15,32,19.98,False,False,offer extended: any Offer record,trailing 12m to 2026-08-27,Offers.Offered On,distinct candidate record,Applications.Referred By overrides Source,bucket: Job Board + LinkedIn
46.88,15,32,19.98,False,False,offer extended: any Offer record,trailing 12m to 2026-09-14,Offers.Offered On,distinct candidate record,Applications.Referred By overrides Source,bucket: Job Board + LinkedIn
47.06,8,17,20.16,False,True,hired: Applications.Stage = Hired,trailing 6m to 2026-09-14,Offers.Proposed Start Date,application rows,Applications.Referred By overrides Source,bucket: Job Board + LinkedIn + Career Site
47.06,8,17,20.16,False,True,hired: Applications.Stage = Hired,2026 YTD to 2026-09-14,Applications.Applied On,distinct candidate+opening,Applications.Referred By overrides Source,bucket: Job Board + LinkedIn + Career Site
47.06,8,17,20.16,False,True,offer accepted: Offers.Status = Accepted,trailing 6m to 2026-09-14,Offers.Proposed Start Date,application rows,Applications.Referred By overrides Source,bucket: Job Board + LinkedIn + Career Site
47.06,8,17,20.16,False,True,hire started: Accepted and Proposed Start Date <= 2026-09-14,trailing 6m to 2026-09-14,Offers.Proposed Start Date,application rows,Applications.Referred By overrides Source,bucket: Job Board + LinkedIn + Career Site
47.22,17,36,20.32,False,False,offer extended: any Offer record,all time,none (all time),application rows,Applications.Referred By overrides Source,bucket: Job Board + LinkedIn
47.22,17,36,20.32,False,False,offer extended: any Offer record,trailing 12m to 2026-08-27,Offers.Offered On,application rows,Applications.Referred By overrides Source,bucket: Job Board + LinkedIn
47.22,17,36,20.32,False,False,offer extended: any Offer record,trailing 12m to 2026-09-14,Offers.Offered On,application rows,Applications.Referred By overrides Source,bucket: Job Board + LinkedIn
47.37,9,19,20.47,False,True,hired: Applications.Stage = Hired,2026 YTD to 2026-09-14,Applications.Closed On,application rows,Applications.Referred By overrides Source,bucket: Job Board + LinkedIn + Career Site
47.37,9,19,20.47,False,True,hired: Applications.Stage = Hired,2026 YTD to 2026-09-14,Offers.Decision On,distinct candidate+opening,Applications.Referred By overrides Source,bucket: Job Board + LinkedIn + Career Site
47.37,9,19,20.47,False,True,offer accepted: Offers.Status = Accepted,2026 YTD to 2026-09-14,Offers.Decision On,distinct candidate+opening,Applications.Referred By overrides Source,bucket: Job Board + LinkedIn + Career Site
47.37,9,19,20.47,False,True,offer accepted: Offers.Status = Accepted,2026 YTD to 2026-09-14,Offers.Offered On,application rows,Applications.Referred By overrides Source,bucket: Job Board + LinkedIn + Career Site
47.83,11,23,20.93,False,True,hired: Applications.Stage = Hired,trailing 12m to 2026-08-27,Offers.Proposed Start Date,distinct person (name+phone),Candidates.Source as recorded,bucket: Job Board + LinkedIn
47.83,11,23,20.93,False,True,hired: Applications.Stage = Hired,trailing 12m to 2026-09-14,Offers.Proposed Start Date,distinct person (name+phone),Candidates.Source as recorded,bucket: Job Board + LinkedIn
47.83,11,23,20.93,False,True,offer accepted: Offers.Status = Accepted,trailing 12m to 2026-08-27,Offers.Proposed Start Date,distinct person (name+phone),Candidates.Source as recorded,bucket: Job Board + LinkedIn
47.83,11,23,20.93,False,True,offer accepted: Offers.Status = Accepted,trailing 12m to 2026-09-14,Offers.Proposed Start Date,distinct person (name+phone),Candidates.Source as recorded,bucket: Job Board + LinkedIn
47.83,11,23,20.93,False,True,hire started: Accepted and Proposed Start Date <= 2026-08-27,all time,none (all time),distinct person (name+phone),Candidates.Source as recorded,bucket: Job Board + LinkedIn
47.83,11,23,20.93,False,True,hire started: Accepted and Proposed Start Date <= 2026-08-27,trailing 12m to 2026-08-27,Offers.Proposed Start Date,distinct person (name+phone),Candidates.Source as recorded,bucket: Job Board + LinkedIn
47.83,11,23,20.93,False,True,hire started: Accepted and Proposed Start Date <= 2026-08-27,trailing 12m to 2026-09-14,Offers.Proposed Start Date,distinct person (name+phone),Candidates.Source as recorded,bucket: Job Board + LinkedIn
47.83,11,23,20.93,False,True,hire started: Accepted and Proposed Start Date <= 2026-09-14,all time,none (all time),distinct person (name+phone),Candidates.Source as recorded,bucket: Job Board + LinkedIn
47.83,11,23,20.93,False,True,hire started: Accepted and Proposed Start Date <= 2026-09-14,trailing 12m to 2026-08-27,Offers.Proposed Start Date,distinct person (name+phone),Candidates.Source as recorded,bucket: Job Board + LinkedIn
47.83,11,23,20.93,False,True,hire started: Accepted and Proposed Start Date <= 2026-09-14,trailing 12m to 2026-09-14,Offers.Proposed Start Date,distinct person (name+phone),Candidates.Source as recorded,bucket: Job Board + LinkedIn
47.83,11,23,20.93,False,True,offer extended: any Offer record,trailing 6m to 2026-08-27,Offers.Offered On,distinct candidate record,Candidates.Source as recorded,bucket: Job Board + LinkedIn
47.83,11,23,20.93,False,True,offer extended: any Offer record,trailing 6m to 2026-08-27,Offers.Offered On,distinct candidate record,Applications.Referred By overrides Source,bucket: Job Board + LinkedIn
47.83,11,23,20.93,False,True,offer extended: any Offer record,trailing 6m to 2026-08-27,Offers.Offered On,distinct person (name+phone),Candidates.Source as recorded,bucket: Job Board + LinkedIn
47.83,11,23,20.93,False,True,offer extended: any Offer record,trailing 6m to 2026-08-27,Offers.Offered On,distinct person (name+phone),Applications.Referred By overrides Source,bucket: Job Board + LinkedIn
47.83,11,23,20.93,False,True,offer extended: any Offer record,trailing 6m to 2026-09-14,Offers.Offered On,application rows,Candidates.Source as recorded,bucket: Job Board + LinkedIn
47.83,11,23,20.93,False,True,offer extended: any Offer record,trailing 6m to 2026-09-14,Offers.Offered On,application rows,Applications.Referred By overrides Source,bucket: Job Board + LinkedIn
47.83,11,23,20.93,False,True,offer extended: any Offer record,trailing 6m to 2026-09-14,Offers.Offered On,distinct candidate+opening,Candidates.Source as recorded,bucket: Job Board + LinkedIn
47.83,11,23,20.93,False,True,offer extended: any Offer record,trailing 6m to 2026-09-14,Offers.Offered On,distinct candidate+opening,Applications.Referred By overrides Source,bucket: Job Board + LinkedIn
48.0,12,25,21.1,False,True,hired: Applications.Stage = Hired,trailing 12m to 2026-09-14,Applications.Applied On,application rows,Applications.Referred By overrides Source,bucket: Job Board + LinkedIn + Career Site
48.15,13,27,21.25,False,True,offer extended: any Offer record,2026 YTD to 2026-09-14,Offers.Offered On,distinct candidate+opening,Candidates.Source as recorded,bucket: Job Board + LinkedIn
48.15,13,27,21.25,False,True,offer extended: any Offer record,2026 YTD to 2026-09-14,Offers.Offered On,distinct candidate+opening,Applications.Referred By overrides Source,bucket: Job Board + LinkedIn
48.39,15,31,21.49,False,False,offer extended: any Offer record,all time,none (all time),distinct person (name+phone),Applications.Referred By overrides Source,bucket: Job Board + LinkedIn
48.39,15,31,21.49,False,False,offer extended: any Offer record,trailing 12m to 2026-08-27,Offers.Offered On,distinct person (name+phone),Applications.Referred By overrides Source,bucket: Job Board + LinkedIn
48.39,15,31,21.49,False,False,offer extended: any Offer record,trailing 12m to 2026-09-14,Offers.Offered On,distinct person (name+phone),Applications.Referred By overrides Source,bucket: Job Board + LinkedIn
48.57,17,35,21.67,False,False,offer extended: any Offer record,all time,none (all time),distinct candidate+opening,Applications.Referred By overrides Source,bucket: Job Board + LinkedIn
48.57,17,35,21.67,False,False,offer extended: any Offer record,trailing 12m to 2026-08-27,Offers.Offered On,distinct candidate+opening,Applications.Referred By overrides Source,bucket: Job Board + LinkedIn
48.57,17,35,21.67,False,False,offer extended: any Offer record,trailing 12m to 2026-09-14,Offers.Offered On,distinct candidate+opening,Applications.Referred By overrides Source,bucket: Job Board + LinkedIn
50.0,18,36,23.1,False,False,offer extended: any Offer record,all time,none (all time),application rows,Candidates.Source as recorded,bucket: Job Board + LinkedIn
50.0,18,36,23.1,False,False,offer extended: any Offer record,trailing 12m to 2026-08-27,Offers.Offered On,application rows,Candidates.Source as recorded,bucket: Job Board + LinkedIn
50.0,18,36,23.1,False,False,offer extended: any Offer record,trailing 12m to 2026-09-14,Offers.Offered On,application rows,Candidates.Source as recorded,bucket: Job Board + LinkedIn
50.0,16,32,23.1,False,False,offer extended: any Offer record,all time,none (all time),distinct candidate record,Candidates.Source as recorded,bucket: Job Board + LinkedIn
50.0,16,32,23.1,False,False,offer extended: any Offer record,trailing 12m to 2026-08-27,Offers.Offered On,distinct candidate record,Candidates.Source as recorded,bucket: Job Board + LinkedIn
50.0,16,32,23.1,False,False,offer extended: any Offer record,trailing 12m to 2026-09-14,Offers.Offered On,distinct candidate record,Candidates.Source as recorded,bucket: Job Board + LinkedIn
50.0,13,26,23.1,False,True,hired: Applications.Stage = Hired,all time,none (all time),application rows,Applications.Referred By overrides Source,bucket: Job Board + LinkedIn + Career Site
50.0,13,26,23.1,False,True,hired: Applications.Stage = Hired,trailing 12m to 2026-08-27,Applications.Closed On,application rows,Applications.Referred By overrides Source,bucket: Job Board + LinkedIn + Career Site
50.0,13,26,23.1,False,True,hired: Applications.Stage = Hired,trailing 12m to 2026-08-27,Applications.Applied On,application rows,Applications.Referred By overrides Source,bucket: Job Board + LinkedIn + Career Site
50.0,13,26,23.1,False,True,hired: Applications.Stage = Hired,trailing 12m to 2026-08-27,Offers.Decision On,application rows,Applications.Referred By overrides Source,bucket: Job Board + LinkedIn + Career Site
50.0,13,26,23.1,False,True,hired: Applications.Stage = Hired,trailing 12m to 2026-09-14,Applications.Closed On,application rows,Applications.Referred By overrides Source,bucket: Job Board + LinkedIn + Career Site
50.0,13,26,23.1,False,True,hired: Applications.Stage = Hired,trailing 12m to 2026-09-14,Offers.Decision On,application rows,Applications.Referred By overrides Source,bucket: Job Board + LinkedIn + Career Site
50.0,13,26,23.1,False,True,offer accepted: Offers.Status = Accepted,all time,none (all time),application rows,Applications.Referred By overrides Source,bucket: Job Board + LinkedIn + Career Site
50.0,13,26,23.1,False,True,offer accepted: Offers.Status = Accepted,trailing 12m to 2026-08-27,Offers.Decision On,application rows,Applications.Referred By overrides Source,bucket: Job Board + LinkedIn + Career Site
50.0,13,26,23.1,False,True,offer accepted: Offers.Status = Accepted,trailing 12m to 2026-08-27,Offers.Offered On,application rows,Applications.Referred By overrides Source,bucket: Job Board + LinkedIn + Career Site
50.0,13,26,23.1,False,True,offer accepted: Offers.Status = Accepted,trailing 12m to 2026-09-14,Offers.Decision On,application rows,Applications.Referred By overrides Source,bucket: Job Board + LinkedIn + Career Site
50.0,13,26,23.1,False,True,offer accepted: Offers.Status = Accepted,trailing 12m to 2026-09-14,Offers.Offered On,application rows,Applications.Referred By overrides Source,bucket: Job Board + LinkedIn + Career Site
50.0,13,26,23.1,False,True,offer extended: any Offer record,2026 YTD to 2026-09-14,Offers.Offered On,distinct candidate record,Candidates.Source as recorded,bucket: Job Board + LinkedIn
50.0,13,26,23.1,False,True,offer extended: any Offer record,2026 YTD to 2026-09-14,Offers.Offered On,distinct candidate record,Applications.Referred By overrides Source,bucket: Job Board + LinkedIn
50.0,12,24,23.1,False,True,hired: Applications.Stage = Hired,trailing 12m to 2026-09-14,Applications.Applied On,distinct candidate+opening,Applications.Referred By overrides Source,bucket: Job Board + LinkedIn + Career Site
50.0,11,22,23.1,False,True,offer extended: any Offer record,trailing 6m to 2026-09-14,Offers.Offered On,distinct candidate record,Candidates.Source as recorded,bucket: Job Board + LinkedIn
50.0,11,22,23.1,False,True,offer extended: any Offer record,trailing 6m to 2026-09-14,Offers.Offered On,distinct candidate record,Applications.Referred By overrides Source,bucket: Job Board + LinkedIn
50.0,11,22,23.1,False,True,offer extended: any Offer record,trailing 6m to 2026-09-14,Offers.Offered On,distinct person (name+phone),Candidates.Source as recorded,bucket: Job Board + LinkedIn
50.0,11,22,23.1,False,True,offer extended: any Offer record,trailing 6m to 2026-09-14,Offers.Offered On,distinct person (name+phone),Applications.Referred By overrides Source,bucket: Job Board + LinkedIn
50.0,10,20,23.1,False,True,hired: Applications.Stage = Hired,2026 YTD to 2026-09-14,Offers.Decision On,application rows,Candidates.Source as recorded,bucket: Job Board + LinkedIn + Career Site
50.0,10,20,23.1,False,True,offer accepted: Offers.Status = Accepted,2026 YTD to 2026-09-14,Offers.Decision On,application rows,Candidates.Source as recorded,bucket: Job Board + LinkedIn + Career Site
50.0,9,18,23.1,False,True,hired: Applications.Stage = Hired,2026 YTD to 2026-09-14,Applications.Closed On,distinct candidate+opening,Applications.Referred By overrides Source,bucket: Job Board + LinkedIn + Career Site
50.0,9,18,23.1,False,True,hired: Applications.Stage = Hired,2026 YTD to 2026-09-14,Applications.Applied On,application rows,Candidates.Source as recorded,bucket: Job Board + LinkedIn + Career Site
50.0,9,18,23.1,False,True,hired: Applications.Stage = Hired,2026 YTD to 2026-09-14,Offers.Decision On,distinct candidate record,Applications.Referred By overrides Source,bucket: Job Board + LinkedIn + Career Site
50.0,9,18,23.1,False,True,hired: Applications.Stage = Hired,2026 YTD to 2026-09-14,Offers.Decision On,distinct person (name+phone),Applications.Referred By overrides Source,bucket: Job Board + LinkedIn + Career Site
50.0,9,18,23.1,False,True,offer accepted: Offers.Status = Accepted,2026 YTD to 2026-09-14,Offers.Decision On,distinct candidate record,Applications.Referred By overrides Source,bucket: Job Board + LinkedIn + Career Site
50.0,9,18,23.1,False,True,offer accepted: Offers.Status = Accepted,2026 YTD to 2026-09-14,Offers.Decision On,distinct person (name+phone),Applications.Referred By overrides Source,bucket: Job Board + LinkedIn + Career Site
50.0,9,18,23.1,False,True,offer accepted: Offers.Status = Accepted,2026 YTD to 2026-09-14,Offers.Offered On,distinct candidate+opening,Applications.Referred By overrides Source,bucket: Job Board + LinkedIn + Career Site
50.0,8,16,23.1,False,True,hired: Applications.Stage = Hired,trailing 6m to 2026-08-27,Applications.Closed On,application rows,Applications.Referred By overrides Source,bucket: Job Board + LinkedIn + Career Site
50.0,8,16,23.1,False,True,hired: Applications.Stage = Hired,trailing 6m to 2026-08-27,Applications.Closed On,distinct candidate+opening,Applications.Referred By overrides Source,bucket: Job Board + LinkedIn + Career Site
50.0,8,16,23.1,False,True,hired: Applications.Stage = Hired,trailing 6m to 2026-08-27,Offers.Decision On,application rows,Applications.Referred By overrides Source,bucket: Job Board + LinkedIn + Career Site
50.0,8,16,23.1,False,True,hired: Applications.Stage = Hired,trailing 6m to 2026-08-27,Offers.Decision On,distinct candidate+opening,Applications.Referred By overrides Source,bucket: Job Board + LinkedIn + Career Site
50.0,8,16,23.1,False,True,hired: Applications.Stage = Hired,trailing 6m to 2026-09-14,Applications.Closed On,application rows,Applications.Referred By overrides Source,bucket: Job Board + LinkedIn + Career Site
50.0,8,16,23.1,False,True,hired: Applications.Stage = Hired,trailing 6m to 2026-09-14,Applications.Closed On,distinct candidate+opening,Applications.Referred By overrides Source,bucket: Job Board + LinkedIn + Career Site
50.0,8,16,23.1,False,True,hired: Applications.Stage = Hired,trailing 6m to 2026-09-14,Offers.Decision On,application rows,Applications.Referred By overrides Source,bucket: Job Board + LinkedIn + Career Site
50.0,8,16,23.1,False,True,hired: Applications.Stage = Hired,trailing 6m to 2026-09-14,Offers.Decision On,distinct candidate+opening,Applications.Referred By overrides Source,bucket: Job Board + LinkedIn + Career Site
50.0,8,16,23.1,False,True,hired: Applications.Stage = Hired,trailing 6m to 2026-09-14,Offers.Proposed Start Date,distinct candidate+opening,Applications.Referred By overrides Source,bucket: Job Board + LinkedIn + Career Site
50.0,8,16,23.1,False,True,hired: Applications.Stage = Hired,2026 YTD to 2026-09-14,Applications.Applied On,distinct candidate record,Applications.Referred By overrides Source,bucket: Job Board + LinkedIn + Career Site
50.0,8,16,23.1,False,True,hired: Applications.Stage = Hired,2026 YTD to 2026-09-14,Applications.Applied On,distinct person (name+phone),Applications.Referred By overrides Source,bucket: Job Board + LinkedIn + Career Site
50.0,8,16,23.1,False,True,offer accepted: Offers.Status = Accepted,trailing 6m to 2026-08-27,Offers.Decision On,application rows,Applications.Referred By overrides Source,bucket: Job Board + LinkedIn + Career Site
50.0,8,16,23.1,False,True,offer accepted: Offers.Status = Accepted,trailing 6m to 2026-08-27,Offers.Decision On,distinct candidate+opening,Applications.Referred By overrides Source,bucket: Job Board + LinkedIn + Career Site
50.0,8,16,23.1,False,True,offer accepted: Offers.Status = Accepted,trailing 6m to 2026-08-27,Offers.Offered On,application rows,Applications.Referred By overrides Source,bucket: Job Board + LinkedIn + Career Site
50.0,8,16,23.1,False,True,offer accepted: Offers.Status = Accepted,trailing 6m to 2026-08-27,Offers.Offered On,distinct candidate+opening,Applications.Referred By overrides Source,bucket: Job Board + LinkedIn + Career Site
50.0,8,16,23.1,False,True,offer accepted: Offers.Status = Accepted,trailing 6m to 2026-09-14,Offers.Decision On,application rows,Applications.Referred By overrides Source,bucket: Job Board + LinkedIn + Career Site
50.0,8,16,23.1,False,True,offer accepted: Offers.Status = Accepted,trailing 6m to 2026-09-14,Offers.Decision On,distinct candidate+opening,Applications.Referred By overrides Source,bucket: Job Board + LinkedIn + Career Site
50.0,8,16,23.1,False,True,offer accepted: Offers.Status = Accepted,trailing 6m to 2026-09-14,Offers.Proposed Start Date,distinct candidate+opening,Applications.Referred By overrides Source,bucket: Job Board + LinkedIn + Career Site
50.0,8,16,23.1,False,True,hire started: Accepted and Proposed Start Date <= 2026-08-27,trailing 6m to 2026-09-14,Offers.Proposed Start Date,application rows,Applications.Referred By overrides Source,bucket: Job Board + LinkedIn + Career Site
50.0,8,16,23.1,False,True,hire started: Accepted and Proposed Start Date <= 2026-08-27,trailing 6m to 2026-09-14,Offers.Proposed Start Date,distinct candidate+opening,Applications.Referred By overrides Source,bucket: Job Board + LinkedIn + Career Site
50.0,8,16,23.1,False,True,hire started: Accepted and Proposed Start Date <= 2026-09-14,trailing 6m to 2026-09-14,Offers.Proposed Start Date,distinct candidate+opening,Applications.Referred By overrides Source,bucket: Job Board + LinkedIn + Career Site
50.0,6,12,23.1,False,True,hired: Applications.Stage = Hired,trailing 3m to 2026-08-27,Applications.Closed On,application rows,Candidates.Source as recorded,bucket: Job Board + LinkedIn + Career Site
50.0,6,12,23.1,False,True,hired: Applications.Stage = Hired,trailing 3m to 2026-08-27,Applications.Closed On,application rows,Applications.Referred By overrides Source,bucket: Job Board + LinkedIn + Career Site
50.0,6,12,23.1,False,True,hired: Applications.Stage = Hired,trailing 3m to 2026-08-27,Applications.Closed On,distinct candidate+opening,Candidates.Source as recorded,bucket: Job Board + LinkedIn + Career Site
50.0,6,12,23.1,False,True,hired: Applications.Stage = Hired,trailing 3m to 2026-08-27,Applications.Closed On,distinct candidate+opening,Applications.Referred By overrides Source,bucket: Job Board + LinkedIn + Career Site
50.0,6,12,23.1,False,True,hired: Applications.Stage = Hired,trailing 3m to 2026-08-27,Applications.Closed On,distinct candidate record,Candidates.Source as recorded,bucket: Job Board + LinkedIn + Career Site
50.0,6,12,23.1,False,True,hired: Applications.Stage = Hired,trailing 3m to 2026-08-27,Applications.Closed On,distinct candidate record,Applications.Referred By overrides Source,bucket: Job Board + LinkedIn + Career Site
50.0,6,12,23.1,False,True,hired: Applications.Stage = Hired,trailing 3m to 2026-08-27,Applications.Closed On,distinct person (name+phone),Candidates.Source as recorded,bucket: Job Board + LinkedIn + Career Site
50.0,6,12,23.1,False,True,hired: Applications.Stage = Hired,trailing 3m to 2026-08-27,Applications.Closed On,distinct person (name+phone),Applications.Referred By overrides Source,bucket: Job Board + LinkedIn + Career Site
50.0,6,12,23.1,False,True,hired: Applications.Stage = Hired,trailing 3m to 2026-08-27,Offers.Decision On,application rows,Candidates.Source as recorded,bucket: Job Board + LinkedIn + Career Site
50.0,6,12,23.1,False,True,hired: Applications.Stage = Hired,trailing 3m to 2026-08-27,Offers.Decision On,application rows,Applications.Referred By overrides Source,bucket: Job Board + LinkedIn + Career Site
50.0,6,12,23.1,False,True,hired: Applications.Stage = Hired,trailing 3m to 2026-08-27,Offers.Decision On,distinct candidate+opening,Candidates.Source as recorded,bucket: Job Board + LinkedIn + Career Site
50.0,6,12,23.1,False,True,hired: Applications.Stage = Hired,trailing 3m to 2026-08-27,Offers.Decision On,distinct candidate+opening,Applications.Referred By overrides Source,bucket: Job Board + LinkedIn + Career Site
50.0,6,12,23.1,False,True,hired: Applications.Stage = Hired,trailing 3m to 2026-08-27,Offers.Decision On,distinct candidate record,Candidates.Source as recorded,bucket: Job Board + LinkedIn + Career Site
50.0,6,12,23.1,False,True,hired: Applications.Stage = Hired,trailing 3m to 2026-08-27,Offers.Decision On,distinct candidate record,Applications.Referred By overrides Source,bucket: Job Board + LinkedIn + Career Site
50.0,6,12,23.1,False,True,hired: Applications.Stage = Hired,trailing 3m to 2026-08-27,Offers.Decision On,distinct person (name+phone),Candidates.Source as recorded,bucket: Job Board + LinkedIn + Career Site
50.0,6,12,23.1,False,True,hired: Applications.Stage = Hired,trailing 3m to 2026-08-27,Offers.Decision On,distinct person (name+phone),Applications.Referred By overrides Source,bucket: Job Board + LinkedIn + Career Site
50.0,6,12,23.1,False,True,offer accepted: Offers.Status = Accepted,trailing 3m to 2026-08-27,Offers.Decision On,application rows,Candidates.Source as recorded,bucket: Job Board + LinkedIn + Career Site
50.0,6,12,23.1,False,True,offer accepted: Offers.Status = Accepted,trailing 3m to 2026-08-27,Offers.Decision On,application rows,Applications.Referred By overrides Source,bucket: Job Board + LinkedIn + Career Site
50.0,6,12,23.1,False,True,offer accepted: Offers.Status = Accepted,trailing 3m to 2026-08-27,Offers.Decision On,distinct candidate+opening,Candidates.Source as recorded,bucket: Job Board + LinkedIn + Career Site
50.0,6,12,23.1,False,True,offer accepted: Offers.Status = Accepted,trailing 3m to 2026-08-27,Offers.Decision On,distinct candidate+opening,Applications.Referred By overrides Source,bucket: Job Board + LinkedIn + Career Site
50.0,6,12,23.1,False,True,offer accepted: Offers.Status = Accepted,trailing 3m to 2026-08-27,Offers.Decision On,distinct candidate record,Candidates.Source as recorded,bucket: Job Board + LinkedIn + Career Site
50.0,6,12,23.1,False,True,offer accepted: Offers.Status = Accepted,trailing 3m to 2026-08-27,Offers.Decision On,distinct candidate record,Applications.Referred By overrides Source,bucket: Job Board + LinkedIn + Career Site
50.0,6,12,23.1,False,True,offer accepted: Offers.Status = Accepted,trailing 3m to 2026-08-27,Offers.Decision On,distinct person (name+phone),Candidates.Source as recorded,bucket: Job Board + LinkedIn + Career Site
50.0,6,12,23.1,False,True,offer accepted: Offers.Status = Accepted,trailing 3m to 2026-08-27,Offers.Decision On,distinct person (name+phone),Applications.Referred By overrides Source,bucket: Job Board + LinkedIn + Career Site
50.0,6,12,23.1,False,True,offer accepted: Offers.Status = Accepted,trailing 3m to 2026-08-27,Offers.Offered On,application rows,Candidates.Source as recorded,bucket: Job Board + LinkedIn + Career Site
50.0,6,12,23.1,False,True,offer accepted: Offers.Status = Accepted,trailing 3m to 2026-08-27,Offers.Offered On,application rows,Applications.Referred By overrides Source,bucket: Job Board + LinkedIn + Career Site
50.0,6,12,23.1,False,True,offer accepted: Offers.Status = Accepted,trailing 3m to 2026-08-27,Offers.Offered On,distinct candidate+opening,Candidates.Source as recorded,bucket: Job Board + LinkedIn + Career Site
50.0,6,12,23.1,False,True,offer accepted: Offers.Status = Accepted,trailing 3m to 2026-08-27,Offers.Offered On,distinct candidate+opening,Applications.Referred By overrides Source,bucket: Job Board + LinkedIn + Career Site
50.0,6,12,23.1,False,True,offer accepted: Offers.Status = Accepted,trailing 3m to 2026-08-27,Offers.Offered On,distinct candidate record,Candidates.Source as recorded,bucket: Job Board + LinkedIn + Career Site
50.0,6,12,23.1,False,True,offer accepted: Offers.Status = Accepted,trailing 3m to 2026-08-27,Offers.Offered On,distinct candidate record,Applications.Referred By overrides Source,bucket: Job Board + LinkedIn + Career Site
50.0,6,12,23.1,False,True,offer accepted: Offers.Status = Accepted,trailing 3m to 2026-08-27,Offers.Offered On,distinct person (name+phone),Candidates.Source as recorded,bucket: Job Board + LinkedIn + Career Site
50.0,6,12,23.1,False,True,offer accepted: Offers.Status = Accepted,trailing 3m to 2026-08-27,Offers.Offered On,distinct person (name+phone),Applications.Referred By overrides Source,bucket: Job Board + LinkedIn + Career Site
50.0,4,8,23.1,False,True,hired: Applications.Stage = Hired,calendar 2025,Applications.Applied On,application rows,Applications.Referred By overrides Source,raw Source = Job Board
50.0,4,8,23.1,False,True,hired: Applications.Stage = Hired,calendar 2025,Applications.Applied On,application rows,Applications.Referred By overrides Source,bucket: Job Board + LinkedIn
50.0,4,8,23.1,False,True,hired: Applications.Stage = Hired,calendar 2025,Applications.Applied On,distinct candidate+opening,Applications.Referred By overrides Source,raw Source = Job Board
50.0,4,8,23.1,False,True,hired: Applications.Stage = Hired,calendar 2025,Applications.Applied On,distinct candidate+opening,Applications.Referred By overrides Source,bucket: Job Board + LinkedIn
50.0,4,8,23.1,False,True,hired: Applications.Stage = Hired,calendar 2025,Applications.Applied On,distinct candidate record,Applications.Referred By overrides Source,raw Source = Job Board
50.0,4,8,23.1,False,True,hired: Applications.Stage = Hired,calendar 2025,Applications.Applied On,distinct candidate record,Applications.Referred By overrides Source,bucket: Job Board + LinkedIn
50.0,4,8,23.1,False,True,hire on a Filled opening: Stage = Hired and Opening.Status = Filled,trailing 6m to 2026-08-27,Applications.Closed On,distinct candidate record,Candidates.Source as recorded,bucket: Job Board + LinkedIn + Career Site
50.0,4,8,23.1,False,True,hire on a Filled opening: Stage = Hired and Opening.Status = Filled,trailing 6m to 2026-08-27,Applications.Closed On,distinct candidate record,Applications.Referred By overrides Source,bucket: Job Board + LinkedIn + Career Site
50.0,4,8,23.1,False,True,hire on a Filled opening: Stage = Hired and Opening.Status = Filled,trailing 6m to 2026-08-27,Applications.Closed On,distinct person (name+phone),Candidates.Source as recorded,bucket: Job Board + LinkedIn + Career Site
50.0,4,8,23.1,False,True,hire on a Filled opening: Stage = Hired and Opening.Status = Filled,trailing 6m to 2026-08-27,Applications.Closed On,distinct person (name+phone),Applications.Referred By overrides Source,bucket: Job Board + LinkedIn + Career Site
50.0,4,8,23.1,False,True,hire on a Filled opening: Stage = Hired and Opening.Status = Filled,trailing 3m to 2026-08-27,Applications.Closed On,application rows,Candidates.Source as recorded,bucket: Job Board + LinkedIn + Career Site
50.0,4,8,23.1,False,True,hire on a Filled opening: Stage = Hired and Opening.Status = Filled,trailing 3m to 2026-08-27,Applications.Closed On,application rows,Applications.Referred By overrides Source,bucket: Job Board + LinkedIn + Career Site
50.0,4,8,23.1,False,True,hire on a Filled opening: Stage = Hired and Opening.Status = Filled,trailing 3m to 2026-08-27,Applications.Closed On,distinct candidate+opening,Candidates.Source as recorded,bucket: Job Board + LinkedIn + Career Site
50.0,4,8,23.1,False,True,hire on a Filled opening: Stage = Hired and Opening.Status = Filled,trailing 3m to 2026-08-27,Applications.Closed On,distinct candidate+opening,Applications.Referred By overrides Source,bucket: Job Board + LinkedIn + Career Site
50.0,4,8,23.1,False,True,hire on a Filled opening: Stage = Hired and Opening.Status = Filled,trailing 3m to 2026-08-27,Applications.Closed On,distinct candidate record,Candidates.Source as recorded,bucket: Job Board + LinkedIn + Career Site
50.0,4,8,23.1,False,True,hire on a Filled opening: Stage = Hired and Opening.Status = Filled,trailing 3m to 2026-08-27,Applications.Closed On,distinct candidate record,Applications.Referred By overrides Source,bucket: Job Board + LinkedIn + Career Site
50.0,4,8,23.1,False,True,hire on a Filled opening: Stage = Hired and Opening.Status = Filled,trailing 3m to 2026-08-27,Applications.Closed On,distinct person (name+phone),Candidates.Source as recorded,bucket: Job Board + LinkedIn + Career Site
50.0,4,8,23.1,False,True,hire on a Filled opening: Stage = Hired and Opening.Status = Filled,trailing 3m to 2026-08-27,Applications.Closed On,distinct person (name+phone),Applications.Referred By overrides Source,bucket: Job Board + LinkedIn + Career Site
50.0,4,8,23.1,False,True,hire on a Filled opening: Stage = Hired and Opening.Status = Filled,trailing 6m to 2026-09-14,Applications.Closed On,distinct candidate record,Candidates.Source as recorded,bucket: Job Board + LinkedIn + Career Site
50.0,4,8,23.1,False,True,hire on a Filled opening: Stage = Hired and Opening.Status = Filled,trailing 6m to 2026-09-14,Applications.Closed On,distinct candidate record,Applications.Referred By overrides Source,bucket: Job Board + LinkedIn + Career Site
50.0,4,8,23.1,False,True,hire on a Filled opening: Stage = Hired and Opening.Status = Filled,trailing 6m to 2026-09-14,Applications.Closed On,distinct person (name+phone),Candidates.Source as recorded,bucket: Job Board + LinkedIn + Career Site
50.0,4,8,23.1,False,True,hire on a Filled opening: Stage = Hired and Opening.Status = Filled,trailing 6m to 2026-09-14,Applications.Closed On,distinct person (name+phone),Applications.Referred By overrides Source,bucket: Job Board + LinkedIn + Career Site
50.0,4,8,23.1,False,True,hire on a Filled opening: Stage = Hired and Opening.Status = Filled,2026 YTD to 2026-09-14,Applications.Closed On,distinct candidate record,Candidates.Source as recorded,bucket: Job Board + LinkedIn + Career Site
50.0,4,8,23.1,False,True,hire on a Filled opening: Stage = Hired and Opening.Status = Filled,2026 YTD to 2026-09-14,Applications.Closed On,distinct candidate record,Applications.Referred By overrides Source,bucket: Job Board + LinkedIn + Career Site
50.0,4,8,23.1,False,True,hire on a Filled opening: Stage = Hired and Opening.Status = Filled,2026 YTD to 2026-09-14,Applications.Closed On,distinct person (name+phone),Candidates.Source as recorded,bucket: Job Board + LinkedIn + Career Site
50.0,4,8,23.1,False,True,hire on a Filled opening: Stage = Hired and Opening.Status = Filled,2026 YTD to 2026-09-14,Applications.Closed On,distinct person (name+phone),Applications.Referred By overrides Source,bucket: Job Board + LinkedIn + Career Site
50.0,4,8,23.1,False,True,offer extended: any Offer record,calendar 2025,Offers.Offered On,application rows,Candidates.Source as recorded,raw Source = Job Board
50.0,4,8,23.1,False,True,offer extended: any Offer record,calendar 2025,Offers.Offered On,application rows,Applications.Referred By overrides Source,bucket: Job Board + LinkedIn
50.0,4,8,23.1,False,True,offer extended: any Offer record,calendar 2025,Offers.Offered On,distinct candidate+opening,Candidates.Source as recorded,raw Source = Job Board
50.0,4,8,23.1,False,True,offer extended: any Offer record,calendar 2025,Offers.Offered On,distinct candidate+opening,Applications.Referred By overrides Source,bucket: Job Board + LinkedIn
50.0,4,8,23.1,False,True,offer extended: any Offer record,calendar 2025,Offers.Offered On,distinct candidate record,Candidates.Source as recorded,raw Source = Job Board
50.0,4,8,23.1,False,True,offer extended: any Offer record,calendar 2025,Offers.Offered On,distinct candidate record,Applications.Referred By overrides Source,bucket: Job Board + LinkedIn
50.0,4,8,23.1,False,True,offer extended: any Offer record,calendar 2025,Offers.Offered On,distinct person (name+phone),Applications.Referred By overrides Source,raw Source = Job Board
50.0,3,6,23.1,False,True,hired: Applications.Stage = Hired,calendar 2025,Offers.Decision On,application rows,Applications.Referred By overrides Source,raw Source = Job Board
50.0,3,6,23.1,False,True,hired: Applications.Stage = Hired,calendar 2025,Offers.Decision On,application rows,Applications.Referred By overrides Source,bucket: Job Board + LinkedIn
50.0,3,6,23.1,False,True,hired: Applications.Stage = Hired,calendar 2025,Offers.Decision On,distinct candidate+opening,Applications.Referred By overrides Source,raw Source = Job Board
50.0,3,6,23.1,False,True,hired: Applications.Stage = Hired,calendar 2025,Offers.Decision On,distinct candidate+opening,Applications.Referred By overrides Source,bucket: Job Board + LinkedIn
50.0,3,6,23.1,False,True,hired: Applications.Stage = Hired,calendar 2025,Offers.Decision On,distinct candidate record,Applications.Referred By overrides Source,raw Source = Job Board
50.0,3,6,23.1,False,True,hired: Applications.Stage = Hired,calendar 2025,Offers.Decision On,distinct candidate record,Applications.Referred By overrides Source,bucket: Job Board + LinkedIn
50.0,3,6,23.1,False,True,offer accepted: Offers.Status = Accepted,calendar 2025,Offers.Decision On,application rows,Applications.Referred By overrides Source,raw Source = Job Board
50.0,3,6,23.1,False,True,offer accepted: Offers.Status = Accepted,calendar 2025,Offers.Decision On,application rows,Applications.Referred By overrides Source,bucket: Job Board + LinkedIn
50.0,3,6,23.1,False,True,offer accepted: Offers.Status = Accepted,calendar 2025,Offers.Decision On,distinct candidate+opening,Applications.Referred By overrides Source,raw Source = Job Board
50.0,3,6,23.1,False,True,offer accepted: Offers.Status = Accepted,calendar 2025,Offers.Decision On,distinct candidate+opening,Applications.Referred By overrides Source,bucket: Job Board + LinkedIn
50.0,3,6,23.1,False,True,offer accepted: Offers.Status = Accepted,calendar 2025,Offers.Decision On,distinct candidate record,Applications.Referred By overrides Source,raw Source = Job Board
50.0,3,6,23.1,False,True,offer accepted: Offers.Status = Accepted,calendar 2025,Offers.Decision On,distinct candidate record,Applications.Referred By overrides Source,bucket: Job Board + LinkedIn
51.43,18,35,24.53,False,False,offer extended: any Offer record,all time,none (all time),distinct candidate+opening,Candidates.Source as recorded,bucket: Job Board + LinkedIn
51.43,18,35,24.53,False,False,offer extended: any Offer record,trailing 12m to 2026-08-27,Offers.Offered On,distinct candidate+opening,Candidates.Source as recorded,bucket: Job Board + LinkedIn
51.43,18,35,24.53,False,False,offer extended: any Offer record,trailing 12m to 2026-09-14,Offers.Offered On,distinct candidate+opening,Candidates.Source as recorded,bucket: Job Board + LinkedIn
51.61,16,31,24.71,False,False,offer extended: any Offer record,all time,none (all time),distinct person (name+phone),Candidates.Source as recorded,bucket: Job Board + LinkedIn
51.61,16,31,24.71,False,False,offer extended: any Offer record,trailing 12m to 2026-08-27,Offers.Offered On,distinct person (name+phone),Candidates.Source as recorded,bucket: Job Board + LinkedIn
51.61,16,31,24.71,False,False,offer extended: any Offer record,trailing 12m to 2026-09-14,Offers.Offered On,distinct person (name+phone),Candidates.Source as recorded,bucket: Job Board + LinkedIn
52.0,13,25,25.1,False,True,hired: Applications.Stage = Hired,all time,none (all time),distinct candidate+opening,Applications.Referred By overrides Source,bucket: Job Board + LinkedIn + Career Site
52.0,13,25,25.1,False,True,hired: Applications.Stage = Hired,trailing 12m to 2026-08-27,Applications.Closed On,distinct candidate+opening,Applications.Referred By overrides Source,bucket: Job Board + LinkedIn + Career Site
52.0,13,25,25.1,False,True,hired: Applications.Stage = Hired,trailing 12m to 2026-08-27,Applications.Applied On,distinct candidate+opening,Applications.Referred By overrides Source,bucket: Job Board + LinkedIn + Career Site
52.0,13,25,25.1,False,True,hired: Applications.Stage = Hired,trailing 12m to 2026-08-27,Offers.Decision On,distinct candidate+opening,Applications.Referred By overrides Source,bucket: Job Board + LinkedIn + Career Site
52.0,13,25,25.1,False,True,hired: Applications.Stage = Hired,trailing 12m to 2026-09-14,Applications.Closed On,distinct candidate+opening,Applications.Referred By overrides Source,bucket: Job Board + LinkedIn + Career Site
52.0,13,25,25.1,False,True,hired: Applications.Stage = Hired,trailing 12m to 2026-09-14,Offers.Decision On,distinct candidate+opening,Applications.Referred By overrides Source,bucket: Job Board + LinkedIn + Career Site
52.0,13,25,25.1,False,True,hired: Applications.Stage = Hired,trailing 12m to 2026-09-14,Offers.Proposed Start Date,application rows,Applications.Referred By overrides Source,bucket: Job Board + LinkedIn + Career Site
52.0,13,25,25.1,False,True,offer accepted: Offers.Status = Accepted,all time,none (all time),distinct candidate+opening,Applications.Referred By overrides Source,bucket: Job Board + LinkedIn + Career Site
52.0,13,25,25.1,False,True,offer accepted: Offers.Status = Accepted,trailing 12m to 2026-08-27,Offers.Decision On,distinct candidate+opening,Applications.Referred By overrides Source,bucket: Job Board + LinkedIn + Career Site
52.0,13,25,25.1,False,True,offer accepted: Offers.Status = Accepted,trailing 12m to 2026-08-27,Offers.Offered On,distinct candidate+opening,Applications.Referred By overrides Source,bucket: Job Board + LinkedIn + Career Site
52.0,13,25,25.1,False,True,offer accepted: Offers.Status = Accepted,trailing 12m to 2026-09-14,Offers.Decision On,distinct candidate+opening,Applications.Referred By overrides Source,bucket: Job Board + LinkedIn + Career Site
52.0,13,25,25.1,False,True,offer accepted: Offers.Status = Accepted,trailing 12m to 2026-09-14,Offers.Offered On,distinct candidate+opening,Applications.Referred By overrides Source,bucket: Job Board + LinkedIn + Career Site
52.0,13,25,25.1,False,True,offer accepted: Offers.Status = Accepted,trailing 12m to 2026-09-14,Offers.Proposed Start Date,application rows,Applications.Referred By overrides Source,bucket: Job Board + LinkedIn + Career Site
52.0,13,25,25.1,False,True,hire started: Accepted and Proposed Start Date <= 2026-09-14,all time,none (all time),application rows,Applications.Referred By overrides Source,bucket: Job Board + LinkedIn + Career Site
52.0,13,25,25.1,False,True,hire started: Accepted and Proposed Start Date <= 2026-09-14,trailing 12m to 2026-09-14,Offers.Proposed Start Date,application rows,Applications.Referred By overrides Source,bucket: Job Board + LinkedIn + Career Site
52.17,12,23,25.27,False,True,hired: Applications.Stage = Hired,trailing 12m to 2026-09-14,Applications.Applied On,distinct candidate record,Applications.Referred By overrides Source,bucket: Job Board + LinkedIn + Career Site
52.63,10,19,25.73,False,True,hired: Applications.Stage = Hired,2026 YTD to 2026-09-14,Applications.Closed On,application rows,Candidates.Source as recorded,bucket: Job Board + LinkedIn + Career Site
52.63,10,19,25.73,False,True,hired: Applications.Stage = Hired,2026 YTD to 2026-09-14,Offers.Decision On,distinct candidate+opening,Candidates.Source as recorded,bucket: Job Board + LinkedIn + Career Site
52.63,10,19,25.73,False,True,offer accepted: Offers.Status = Accepted,2026 YTD to 2026-09-14,Offers.Decision On,distinct candidate+opening,Candidates.Source as recorded,bucket: Job Board + LinkedIn + Career Site
52.63,10,19,25.73,False,True,offer accepted: Offers.Status = Accepted,2026 YTD to 2026-09-14,Offers.Offered On,application rows,Candidates.Source as recorded,bucket: Job Board + LinkedIn + Career Site
52.94,9,17,26.04,False,True,hired: Applications.Stage = Hired,trailing 6m to 2026-08-27,Offers.Proposed Start Date,application rows,Applications.Referred By overrides Source,bucket: Job Board + LinkedIn + Career Site
52.94,9,17,26.04,False,True,hired: Applications.Stage = Hired,trailing 6m to 2026-08-27,Offers.Proposed Start Date,distinct candidate+opening,Applications.Referred By overrides Source,bucket: Job Board + LinkedIn + Career Site
52.94,9,17,26.04,False,True,hired: Applications.Stage = Hired,trailing 6m to 2026-09-14,Offers.Proposed Start Date,application rows,Candidates.Source as recorded,bucket: Job Board + LinkedIn + Career Site
52.94,9,17,26.04,False,True,hired: Applications.Stage = Hired,2026 YTD to 2026-09-14,Applications.Closed On,distinct candidate record,Applications.Referred By overrides Source,bucket: Job Board + LinkedIn + Career Site
52.94,9,17,26.04,False,True,hired: Applications.Stage = Hired,2026 YTD to 2026-09-14,Applications.Closed On,distinct person (name+phone),Applications.Referred By overrides Source,bucket: Job Board + LinkedIn + Career Site
52.94,9,17,26.04,False,True,hired: Applications.Stage = Hired,2026 YTD to 2026-09-14,Applications.Applied On,distinct candidate+opening,Candidates.Source as recorded,bucket: Job Board + LinkedIn + Career Site
52.94,9,17,26.04,False,True,offer accepted: Offers.Status = Accepted,trailing 6m to 2026-08-27,Offers.Proposed Start Date,application rows,Applications.Referred By overrides Source,bucket: Job Board + LinkedIn + Career Site
52.94,9,17,26.04,False,True,offer accepted: Offers.Status = Accepted,trailing 6m to 2026-08-27,Offers.Proposed Start Date,distinct candidate+opening,Applications.Referred By overrides Source,bucket: Job Board + LinkedIn + Career Site
52.94,9,17,26.04,False,True,offer accepted: Offers.Status = Accepted,trailing 6m to 2026-09-14,Offers.Proposed Start Date,application rows,Candidates.Source as recorded,bucket: Job Board + LinkedIn + Career Site
52.94,9,17,26.04,False,True,offer accepted: Offers.Status = Accepted,2026 YTD to 2026-09-14,Offers.Offered On,distinct candidate record,Applications.Referred By overrides Source,bucket: Job Board + LinkedIn + Career Site
52.94,9,17,26.04,False,True,offer accepted: Offers.Status = Accepted,2026 YTD to 2026-09-14,Offers.Offered On,distinct person (name+phone),Applications.Referred By overrides Source,bucket: Job Board + LinkedIn + Career Site
52.94,9,17,26.04,False,True,hire started: Accepted and Proposed Start Date <= 2026-08-27,trailing 6m to 2026-08-27,Offers.Proposed Start Date,application rows,Applications.Referred By overrides Source,bucket: Job Board + LinkedIn + Career Site
52.94,9,17,26.04,False,True,hire started: Accepted and Proposed Start Date <= 2026-08-27,trailing 6m to 2026-08-27,Offers.Proposed Start Date,distinct candidate+opening,Applications.Referred By overrides Source,bucket: Job Board + LinkedIn + Career Site
52.94,9,17,26.04,False,True,hire started: Accepted and Proposed Start Date <= 2026-09-14,trailing 6m to 2026-08-27,Offers.Proposed Start Date,application rows,Applications.Referred By overrides Source,bucket: Job Board + LinkedIn + Career Site
52.94,9,17,26.04,False,True,hire started: Accepted and Proposed Start Date <= 2026-09-14,trailing 6m to 2026-08-27,Offers.Proposed Start Date,distinct candidate+opening,Applications.Referred By overrides Source,bucket: Job Board + LinkedIn + Career Site
52.94,9,17,26.04,False,True,hire started: Accepted and Proposed Start Date <= 2026-09-14,trailing 6m to 2026-09-14,Offers.Proposed Start Date,application rows,Candidates.Source as recorded,bucket: Job Board + LinkedIn + Career Site
53.33,8,15,26.43,False,True,hired: Applications.Stage = Hired,trailing 6m to 2026-08-27,Applications.Closed On,distinct candidate record,Applications.Referred By overrides Source,bucket: Job Board + LinkedIn + Career Site
53.33,8,15,26.43,False,True,hired: Applications.Stage = Hired,trailing 6m to 2026-08-27,Applications.Closed On,distinct person (name+phone),Applications.Referred By overrides Source,bucket: Job Board + LinkedIn + Career Site
53.33,8,15,26.43,False,True,hired: Applications.Stage = Hired,trailing 6m to 2026-08-27,Offers.Decision On,distinct candidate record,Applications.Referred By overrides Source,bucket: Job Board + LinkedIn + Career Site
53.33,8,15,26.43,False,True,hired: Applications.Stage = Hired,trailing 6m to 2026-08-27,Offers.Decision On,distinct person (name+phone),Applications.Referred By overrides Source,bucket: Job Board + LinkedIn + Career Site
53.33,8,15,26.43,False,True,hired: Applications.Stage = Hired,trailing 6m to 2026-09-14,Applications.Closed On,distinct candidate record,Applications.Referred By overrides Source,bucket: Job Board + LinkedIn + Career Site
53.33,8,15,26.43,False,True,hired: Applications.Stage = Hired,trailing 6m to 2026-09-14,Applications.Closed On,distinct person (name+phone),Applications.Referred By overrides Source,bucket: Job Board + LinkedIn + Career Site
53.33,8,15,26.43,False,True,hired: Applications.Stage = Hired,trailing 6m to 2026-09-14,Offers.Decision On,distinct candidate record,Applications.Referred By overrides Source,bucket: Job Board + LinkedIn + Career Site
53.33,8,15,26.43,False,True,hired: Applications.Stage = Hired,trailing 6m to 2026-09-14,Offers.Decision On,distinct person (name+phone),Applications.Referred By overrides Source,bucket: Job Board + LinkedIn + Career Site
53.33,8,15,26.43,False,True,hired: Applications.Stage = Hired,trailing 6m to 2026-09-14,Offers.Proposed Start Date,distinct candidate record,Applications.Referred By overrides Source,bucket: Job Board + LinkedIn + Career Site
53.33,8,15,26.43,False,True,hired: Applications.Stage = Hired,trailing 6m to 2026-09-14,Offers.Proposed Start Date,distinct person (name+phone),Applications.Referred By overrides Source,bucket: Job Board + LinkedIn + Career Site
53.33,8,15,26.43,False,True,offer accepted: Offers.Status = Accepted,trailing 6m to 2026-08-27,Offers.Decision On,distinct candidate record,Applications.Referred By overrides Source,bucket: Job Board + LinkedIn + Career Site
53.33,8,15,26.43,False,True,offer accepted: Offers.Status = Accepted,trailing 6m to 2026-08-27,Offers.Decision On,distinct person (name+phone),Applications.Referred By overrides Source,bucket: Job Board + LinkedIn + Career Site
53.33,8,15,26.43,False,True,offer accepted: Offers.Status = Accepted,trailing 6m to 2026-08-27,Offers.Offered On,distinct candidate record,Applications.Referred By overrides Source,bucket: Job Board + LinkedIn + Career Site
53.33,8,15,26.43,False,True,offer accepted: Offers.Status = Accepted,trailing 6m to 2026-08-27,Offers.Offered On,distinct person (name+phone),Applications.Referred By overrides Source,bucket: Job Board + LinkedIn + Career Site
53.33,8,15,26.43,False,True,offer accepted: Offers.Status = Accepted,trailing 6m to 2026-09-14,Offers.Decision On,distinct candidate record,Applications.Referred By overrides Source,bucket: Job Board + LinkedIn + Career Site
53.33,8,15,26.43,False,True,offer accepted: Offers.Status = Accepted,trailing 6m to 2026-09-14,Offers.Decision On,distinct person (name+phone),Applications.Referred By overrides Source,bucket: Job Board + LinkedIn + Career Site
53.33,8,15,26.43,False,True,offer accepted: Offers.Status = Accepted,trailing 6m to 2026-09-14,Offers.Offered On,application rows,Candidates.Source as recorded,bucket: Job Board + LinkedIn + Career Site
53.33,8,15,26.43,False,True,offer accepted: Offers.Status = Accepted,trailing 6m to 2026-09-14,Offers.Offered On,application rows,Applications.Referred By overrides Source,bucket: Job Board + LinkedIn + Career Site
53.33,8,15,26.43,False,True,offer accepted: Offers.Status = Accepted,trailing 6m to 2026-09-14,Offers.Offered On,distinct candidate+opening,Candidates.Source as recorded,bucket: Job Board + LinkedIn + Career Site
53.33,8,15,26.43,False,True,offer accepted: Offers.Status = Accepted,trailing 6m to 2026-09-14,Offers.Offered On,distinct candidate+opening,Applications.Referred By overrides Source,bucket: Job Board + LinkedIn + Career Site
53.33,8,15,26.43,False,True,offer accepted: Offers.Status = Accepted,trailing 6m to 2026-09-14,Offers.Proposed Start Date,distinct candidate record,Applications.Referred By overrides Source,bucket: Job Board + LinkedIn + Career Site
53.33,8,15,26.43,False,True,offer accepted: Offers.Status = Accepted,trailing 6m to 2026-09-14,Offers.Proposed Start Date,distinct person (name+phone),Applications.Referred By overrides Source,bucket: Job Board + LinkedIn + Career Site
53.33,8,15,26.43,False,True,hire started: Accepted and Proposed Start Date <= 2026-08-27,trailing 6m to 2026-09-14,Offers.Proposed Start Date,distinct candidate record,Applications.Referred By overrides Source,bucket: Job Board + LinkedIn + Career Site
53.33,8,15,26.43,False,True,hire started: Accepted and Proposed Start Date <= 2026-08-27,trailing 6m to 2026-09-14,Offers.Proposed Start Date,distinct person (name+phone),Applications.Referred By overrides Source,bucket: Job Board + LinkedIn + Career Site
53.33,8,15,26.43,False,True,hire started: Accepted and Proposed Start Date <= 2026-09-14,trailing 6m to 2026-09-14,Offers.Proposed Start Date,distinct candidate record,Applications.Referred By overrides Source,bucket: Job Board + LinkedIn + Career Site
53.33,8,15,26.43,False,True,hire started: Accepted and Proposed Start Date <= 2026-09-14,trailing 6m to 2026-09-14,Offers.Proposed Start Date,distinct person (name+phone),Applications.Referred By overrides Source,bucket: Job Board + LinkedIn + Career Site
0.0,0,12,26.9,False,True,hired: Applications.Stage = Hired,trailing 3m to 2026-08-27,Applications.Closed On,application rows,Candidates.Source as recorded,raw Source = Job Board
0.0,0,12,26.9,False,True,hired: Applications.Stage = Hired,trailing 3m to 2026-08-27,Applications.Closed On,application rows,Applications.Referred By overrides Source,raw Source = Job Board
0.0,0,12,26.9,False,True,hired: Applications.Stage = Hired,trailing 3m to 2026-08-27,Applications.Closed On,distinct candidate+opening,Candidates.Source as recorded,raw Source = Job Board
0.0,0,12,26.9,False,True,hired: Applications.Stage = Hired,trailing 3m to 2026-08-27,Applications.Closed On,distinct candidate+opening,Applications.Referred By overrides Source,raw Source = Job Board
0.0,0,12,26.9,False,True,hired: Applications.Stage = Hired,trailing 3m to 2026-08-27,Applications.Closed On,distinct candidate record,Candidates.Source as recorded,raw Source = Job Board
0.0,0,12,26.9,False,True,hired: Applications.Stage = Hired,trailing 3m to 2026-08-27,Applications.Closed On,distinct candidate record,Applications.Referred By overrides Source,raw Source = Job Board
0.0,0,12,26.9,False,True,hired: Applications.Stage = Hired,trailing 3m to 2026-08-27,Applications.Closed On,distinct person (name+phone),Candidates.Source as recorded,raw Source = Job Board
0.0,0,12,26.9,False,True,hired: Applications.Stage = Hired,trailing 3m to 2026-08-27,Applications.Closed On,distinct person (name+phone),Applications.Referred By overrides Source,raw Source = Job Board
0.0,0,12,26.9,False,True,hired: Applications.Stage = Hired,trailing 3m to 2026-08-27,Offers.Decision On,application rows,Candidates.Source as recorded,raw Source = Job Board
0.0,0,12,26.9,False,True,hired: Applications.Stage = Hired,trailing 3m to 2026-08-27,Offers.Decision On,application rows,Applications.Referred By overrides Source,raw Source = Job Board
0.0,0,12,26.9,False,True,hired: Applications.Stage = Hired,trailing 3m to 2026-08-27,Offers.Decision On,distinct candidate+opening,Candidates.Source as recorded,raw Source = Job Board
0.0,0,12,26.9,False,True,hired: Applications.Stage = Hired,trailing 3m to 2026-08-27,Offers.Decision On,distinct candidate+opening,Applications.Referred By overrides Source,raw Source = Job Board
0.0,0,12,26.9,False,True,hired: Applications.Stage = Hired,trailing 3m to 2026-08-27,Offers.Decision On,distinct candidate record,Candidates.Source as recorded,raw Source = Job Board
0.0,0,12,26.9,False,True,hired: Applications.Stage = Hired,trailing 3m to 2026-08-27,Offers.Decision On,distinct candidate record,Applications.Referred By overrides Source,raw Source = Job Board
0.0,0,12,26.9,False,True,hired: Applications.Stage = Hired,trailing 3m to 2026-08-27,Offers.Decision On,distinct person (name+phone),Candidates.Source as recorded,raw Source = Job Board
0.0,0,12,26.9,False,True,hired: Applications.Stage = Hired,trailing 3m to 2026-08-27,Offers.Decision On,distinct person (name+phone),Applications.Referred By overrides Source,raw Source = Job Board
0.0,0,12,26.9,False,True,offer accepted: Offers.Status = Accepted,trailing 3m to 2026-08-27,Offers.Decision On,application rows,Candidates.Source as recorded,raw Source = Job Board
0.0,0,12,26.9,False,True,offer accepted: Offers.Status = Accepted,trailing 3m to 2026-08-27,Offers.Decision On,application rows,Applications.Referred By overrides Source,raw Source = Job Board
0.0,0,12,26.9,False,True,offer accepted: Offers.Status = Accepted,trailing 3m to 2026-08-27,Offers.Decision On,distinct candidate+opening,Candidates.Source as recorded,raw Source = Job Board
0.0,0,12,26.9,False,True,offer accepted: Offers.Status = Accepted,trailing 3m to 2026-08-27,Offers.Decision On,distinct candidate+opening,Applications.Referred By overrides Source,raw Source = Job Board
0.0,0,12,26.9,False,True,offer accepted: Offers.Status = Accepted,trailing 3m to 2026-08-27,Offers.Decision On,distinct candidate record,Candidates.Source as recorded,raw Source = Job Board
0.0,0,12,26.9,False,True,offer accepted: Offers.Status = Accepted,trailing 3m to 2026-08-27,Offers.Decision On,distinct candidate record,Applications.Referred By overrides Source,raw Source = Job Board
0.0,0,12,26.9,False,True,offer accepted: Offers.Status = Accepted,trailing 3m to 2026-08-27,Offers.Decision On,distinct person (name+phone),Candidates.Source as recorded,raw Source = Job Board
0.0,0,12,26.9,False,True,offer accepted: Offers.Status = Accepted,trailing 3m to 2026-08-27,Offers.Decision On,distinct person (name+phone),Applications.Referred By overrides Source,raw Source = Job Board
0.0,0,12,26.9,False,True,offer accepted: Offers.Status = Accepted,trailing 3m to 2026-08-27,Offers.Offered On,application rows,Candidates.Source as recorded,raw Source = Job Board
0.0,0,12,26.9,False,True,offer accepted: Offers.Status = Accepted,trailing 3m to 2026-08-27,Offers.Offered On,application rows,Applications.Referred By overrides Source,raw Source = Job Board
0.0,0,12,26.9,False,True,offer accepted: Offers.Status = Accepted,trailing 3m to 2026-08-27,Offers.Offered On,distinct candidate+opening,Candidates.Source as recorded,raw Source = Job Board
0.0,0,12,26.9,False,True,offer accepted: Offers.Status = Accepted,trailing 3m to 2026-08-27,Offers.Offered On,distinct candidate+opening,Applications.Referred By overrides Source,raw Source = Job Board
0.0,0,12,26.9,False,True,offer accepted: Offers.Status = Accepted,trailing 3m to 2026-08-27,Offers.Offered On,distinct candidate record,Candidates.Source as recorded,raw Source = Job Board
0.0,0,12,26.9,False,True,offer accepted: Offers.Status = Accepted,trailing 3m to 2026-08-27,Offers.Offered On,distinct candidate record,Applications.Referred By overrides Source,raw Source = Job Board
0.0,0,12,26.9,False,True,offer accepted: Offers.Status = Accepted,trailing 3m to 2026-08-27,Offers.Offered On,distinct person (name+phone),Candidates.Source as recorded,raw Source = Job Board
0.0,0,12,26.9,False,True,offer accepted: Offers.Status = Accepted,trailing 3m to 2026-08-27,Offers.Offered On,distinct person (name+phone),Applications.Referred By overrides Source,raw Source = Job Board
0.0,0,11,26.9,False,True,hired: Applications.Stage = Hired,trailing 3m to 2026-09-14,Offers.Decision On,application rows,Candidates.Source as recorded,raw Source = Job Board
0.0,0,11,26.9,False,True,hired: Applications.Stage = Hired,trailing 3m to 2026-09-14,Offers.Decision On,application rows,Applications.Referred By overrides Source,raw Source = Job Board
0.0,0,11,26.9,False,True,hired: Applications.Stage = Hired,trailing 3m to 2026-09-14,Offers.Decision On,distinct candidate+opening,Candidates.Source as recorded,raw Source = Job Board
0.0,0,11,26.9,False,True,hired: Applications.Stage = Hired,trailing 3m to 2026-09-14,Offers.Decision On,distinct candidate+opening,Applications.Referred By overrides Source,raw Source = Job Board
0.0,0,11,26.9,False,True,hired: Applications.Stage = Hired,trailing 3m to 2026-09-14,Offers.Decision On,distinct candidate record,Candidates.Source as recorded,raw Source = Job Board
0.0,0,11,26.9,False,True,hired: Applications.Stage = Hired,trailing 3m to 2026-09-14,Offers.Decision On,distinct candidate record,Applications.Referred By overrides Source,raw Source = Job Board
0.0,0,11,26.9,False,True,hired: Applications.Stage = Hired,trailing 3m to 2026-09-14,Offers.Decision On,distinct person (name+phone),Candidates.Source as recorded,raw Source = Job Board
0.0,0,11,26.9,False,True,hired: Applications.Stage = Hired,trailing 3m to 2026-09-14,Offers.Decision On,distinct person (name+phone),Applications.Referred By overrides Source,raw Source = Job Board
0.0,0,11,26.9,False,True,offer accepted: Offers.Status = Accepted,trailing 3m to 2026-09-14,Offers.Decision On,application rows,Candidates.Source as recorded,raw Source = Job Board
0.0,0,11,26.9,False,True,offer accepted: Offers.Status = Accepted,trailing 3m to 2026-09-14,Offers.Decision On,application rows,Applications.Referred By overrides Source,raw Source = Job Board
0.0,0,11,26.9,False,True,offer accepted: Offers.Status = Accepted,trailing 3m to 2026-09-14,Offers.Decision On,distinct candidate+opening,Candidates.Source as recorded,raw Source = Job Board
0.0,0,11,26.9,False,True,offer accepted: Offers.Status = Accepted,trailing 3m to 2026-09-14,Offers.Decision On,distinct candidate+opening,Applications.Referred By overrides Source,raw Source = Job Board
0.0,0,11,26.9,False,True,offer accepted: Offers.Status = Accepted,trailing 3m to 2026-09-14,Offers.Decision On,distinct candidate record,Candidates.Source as recorded,raw Source = Job Board
0.0,0,11,26.9,False,True,offer accepted: Offers.Status = Accepted,trailing 3m to 2026-09-14,Offers.Decision On,distinct candidate record,Applications.Referred By overrides Source,raw Source = Job Board
0.0,0,11,26.9,False,True,offer accepted: Offers.Status = Accepted,trailing 3m to 2026-09-14,Offers.Decision On,distinct person (name+phone),Candidates.Source as recorded,raw Source = Job Board
0.0,0,11,26.9,False,True,offer accepted: Offers.Status = Accepted,trailing 3m to 2026-09-14,Offers.Decision On,distinct person (name+phone),Applications.Referred By overrides Source,raw Source = Job Board
0.0,0,11,26.9,False,True,hire on a Filled opening: Stage = Hired and Opening.Status = Filled,all time,none (all time),application rows,Candidates.Source as recorded,raw Source = Job Board
0.0,0,11,26.9,False,True,hire on a Filled opening: Stage = Hired and Opening.Status = Filled,all time,none (all time),application rows,Applications.Referred By overrides Source,raw Source = Job Board
0.0,0,11,26.9,False,True,hire on a Filled opening: Stage = Hired and Opening.Status = Filled,trailing 12m to 2026-08-27,Applications.Closed On,application rows,Candidates.Source as recorded,raw Source = Job Board
0.0,0,11,26.9,False,True,hire on a Filled opening: Stage = Hired and Opening.Status = Filled,trailing 12m to 2026-08-27,Applications.Closed On,application rows,Applications.Referred By overrides Source,raw Source = Job Board
0.0,0,11,26.9,False,True,hire on a Filled opening: Stage = Hired and Opening.Status = Filled,trailing 12m to 2026-09-14,Applications.Closed On,application rows,Candidates.Source as recorded,raw Source = Job Board
0.0,0,11,26.9,False,True,hire on a Filled opening: Stage = Hired and Opening.Status = Filled,trailing 12m to 2026-09-14,Applications.Closed On,application rows,Applications.Referred By overrides Source,raw Source = Job Board
0.0,0,10,26.9,False,True,hire on a Filled opening: Stage = Hired and Opening.Status = Filled,all time,none (all time),distinct candidate+opening,Candidates.Source as recorded,raw Source = Job Board
0.0,0,10,26.9,False,True,hire on a Filled opening: Stage = Hired and Opening.Status = Filled,all time,none (all time),distinct candidate+opening,Applications.Referred By overrides Source,raw Source = Job Board
0.0,0,10,26.9,False,True,hire on a Filled opening: Stage = Hired and Opening.Status = Filled,trailing 12m to 2026-08-27,Applications.Closed On,distinct candidate+opening,Candidates.Source as recorded,raw Source = Job Board
0.0,0,10,26.9,False,True,hire on a Filled opening: Stage = Hired and Opening.Status = Filled,trailing 12m to 2026-08-27,Applications.Closed On,distinct candidate+opening,Applications.Referred By overrides Source,raw Source = Job Board
0.0,0,10,26.9,False,True,hire on a Filled opening: Stage = Hired and Opening.Status = Filled,trailing 12m to 2026-09-14,Applications.Closed On,distinct candidate+opening,Candidates.Source as recorded,raw Source = Job Board
0.0,0,10,26.9,False,True,hire on a Filled opening: Stage = Hired and Opening.Status = Filled,trailing 12m to 2026-09-14,Applications.Closed On,distinct candidate+opening,Applications.Referred By overrides Source,raw Source = Job Board
0.0,0,10,26.9,False,True,hire on a Filled opening: Stage = Hired and Opening.Status = Filled,2026 YTD to 2026-09-14,Applications.Closed On,application rows,Candidates.Source as recorded,raw Source = Job Board
0.0,0,10,26.9,False,True,hire on a Filled opening: Stage = Hired and Opening.Status = Filled,2026 YTD to 2026-09-14,Applications.Closed On,application rows,Applications.Referred By overrides Source,raw Source = Job Board
0.0,0,9,26.9,False,True,hired: Applications.Stage = Hired,trailing 3m to 2026-09-14,Applications.Closed On,application rows,Candidates.Source as recorded,raw Source = Job Board
0.0,0,9,26.9,False,True,hired: Applications.Stage = Hired,trailing 3m to 2026-09-14,Applications.Closed On,application rows,Applications.Referred By overrides Source,raw Source = Job Board
0.0,0,9,26.9,False,True,hired: Applications.Stage = Hired,trailing 3m to 2026-09-14,Applications.Closed On,distinct candidate+opening,Candidates.Source as recorded,raw Source = Job Board
0.0,0,9,26.9,False,True,hired: Applications.Stage = Hired,trailing 3m to 2026-09-14,Applications.Closed On,distinct candidate+opening,Applications.Referred By overrides Source,raw Source = Job Board
0.0,0,9,26.9,False,True,hired: Applications.Stage = Hired,trailing 3m to 2026-09-14,Applications.Closed On,distinct candidate record,Candidates.Source as recorded,raw Source = Job Board
0.0,0,9,26.9,False,True,hired: Applications.Stage = Hired,trailing 3m to 2026-09-14,Applications.Closed On,distinct candidate record,Applications.Referred By overrides Source,raw Source = Job Board
0.0,0,9,26.9,False,True,hired: Applications.Stage = Hired,trailing 3m to 2026-09-14,Applications.Closed On,distinct person (name+phone),Candidates.Source as recorded,raw Source = Job Board
0.0,0,9,26.9,False,True,hired: Applications.Stage = Hired,trailing 3m to 2026-09-14,Applications.Closed On,distinct person (name+phone),Applications.Referred By overrides Source,raw Source = Job Board
0.0,0,9,26.9,False,True,hire on a Filled opening: Stage = Hired and Opening.Status = Filled,all time,none (all time),distinct candidate record,Candidates.Source as recorded,raw Source = Job Board
0.0,0,9,26.9,False,True,hire on a Filled opening: Stage = Hired and Opening.Status = Filled,all time,none (all time),distinct candidate record,Applications.Referred By overrides Source,raw Source = Job Board
0.0,0,9,26.9,False,True,hire on a Filled opening: Stage = Hired and Opening.Status = Filled,all time,none (all time),distinct person (name+phone),Candidates.Source as recorded,raw Source = Job Board
0.0,0,9,26.9,False,True,hire on a Filled opening: Stage = Hired and Opening.Status = Filled,all time,none (all time),distinct person (name+phone),Applications.Referred By overrides Source,raw Source = Job Board
0.0,0,9,26.9,False,True,hire on a Filled opening: Stage = Hired and Opening.Status = Filled,trailing 12m to 2026-08-27,Applications.Closed On,distinct candidate record,Candidates.Source as recorded,raw Source = Job Board
0.0,0,9,26.9,False,True,hire on a Filled opening: Stage = Hired and Opening.Status = Filled,trailing 12m to 2026-08-27,Applications.Closed On,distinct candidate record,Applications.Referred By overrides Source,raw Source = Job Board
0.0,0,9,26.9,False,True,hire on a Filled opening: Stage = Hired and Opening.Status = Filled,trailing 12m to 2026-08-27,Applications.Closed On,distinct person (name+phone),Candidates.Source as recorded,raw Source = Job Board
0.0,0,9,26.9,False,True,hire on a Filled opening: Stage = Hired and Opening.Status = Filled,trailing 12m to 2026-08-27,Applications.Closed On,distinct person (name+phone),Applications.Referred By overrides Source,raw Source = Job Board
0.0,0,9,26.9,False,True,hire on a Filled opening: Stage = Hired and Opening.Status = Filled,trailing 6m to 2026-08-27,Applications.Closed On,application rows,Candidates.Source as recorded,raw Source = Job Board
0.0,0,9,26.9,False,True,hire on a Filled opening: Stage = Hired and Opening.Status = Filled,trailing 6m to 2026-08-27,Applications.Closed On,application rows,Applications.Referred By overrides Source,raw Source = Job Board
0.0,0,9,26.9,False,True,hire on a Filled opening: Stage = Hired and Opening.Status = Filled,trailing 6m to 2026-08-27,Applications.Closed On,distinct candidate+opening,Candidates.Source as recorded,raw Source = Job Board
0.0,0,9,26.9,False,True,hire on a Filled opening: Stage = Hired and Opening.Status = Filled,trailing 6m to 2026-08-27,Applications.Closed On,distinct candidate+opening,Applications.Referred By overrides Source,raw Source = Job Board
0.0,0,9,26.9,False,True,hire on a Filled opening: Stage = Hired and Opening.Status = Filled,trailing 12m to 2026-09-14,Applications.Closed On,distinct candidate record,Candidates.Source as recorded,raw Source = Job Board
0.0,0,9,26.9,False,True,hire on a Filled opening: Stage = Hired and Opening.Status = Filled,trailing 12m to 2026-09-14,Applications.Closed On,distinct candidate record,Applications.Referred By overrides Source,raw Source = Job Board
0.0,0,9,26.9,False,True,hire on a Filled opening: Stage = Hired and Opening.Status = Filled,trailing 12m to 2026-09-14,Applications.Closed On,distinct person (name+phone),Candidates.Source as recorded,raw Source = Job Board
0.0,0,9,26.9,False,True,hire on a Filled opening: Stage = Hired and Opening.Status = Filled,trailing 12m to 2026-09-14,Applications.Closed On,distinct person (name+phone),Applications.Referred By overrides Source,raw Source = Job Board
0.0,0,9,26.9,False,True,hire on a Filled opening: Stage = Hired and Opening.Status = Filled,trailing 6m to 2026-09-14,Applications.Closed On,application rows,Candidates.Source as recorded,raw Source = Job Board
0.0,0,9,26.9,False,True,hire on a Filled opening: Stage = Hired and Opening.Status = Filled,trailing 6m to 2026-09-14,Applications.Closed On,application rows,Applications.Referred By overrides Source,raw Source = Job Board
0.0,0,9,26.9,False,True,hire on a Filled opening: Stage = Hired and Opening.Status = Filled,trailing 6m to 2026-09-14,Applications.Closed On,distinct candidate+opening,Candidates.Source as recorded,raw Source = Job Board
0.0,0,9,26.9,False,True,hire on a Filled opening: Stage = Hired and Opening.Status = Filled,trailing 6m to 2026-09-14,Applications.Closed On,distinct candidate+opening,Applications.Referred By overrides Source,raw Source = Job Board
0.0,0,9,26.9,False,True,hire on a Filled opening: Stage = Hired and Opening.Status = Filled,2026 YTD to 2026-09-14,Applications.Closed On,distinct candidate+opening,Candidates.Source as recorded,raw Source = Job Board
0.0,0,9,26.9,False,True,hire on a Filled opening: Stage = Hired and Opening.Status = Filled,2026 YTD to 2026-09-14,Applications.Closed On,distinct candidate+opening,Applications.Referred By overrides Source,raw Source = Job Board
0.0,0,8,26.9,False,True,offer accepted: Offers.Status = Accepted,trailing 3m to 2026-09-14,Offers.Offered On,application rows,Candidates.Source as recorded,raw Source = Job Board
0.0,0,8,26.9,False,True,offer accepted: Offers.Status = Accepted,trailing 3m to 2026-09-14,Offers.Offered On,application rows,Applications.Referred By overrides Source,raw Source = Job Board
0.0,0,8,26.9,False,True,offer accepted: Offers.Status = Accepted,trailing 3m to 2026-09-14,Offers.Offered On,distinct candidate+opening,Candidates.Source as recorded,raw Source = Job Board
0.0,0,8,26.9,False,True,offer accepted: Offers.Status = Accepted,trailing 3m to 2026-09-14,Offers.Offered On,distinct candidate+opening,Applications.Referred By overrides Source,raw Source = Job Board
0.0,0,8,26.9,False,True,offer accepted: Offers.Status = Accepted,trailing 3m to 2026-09-14,Offers.Offered On,distinct candidate record,Candidates.Source as recorded,raw Source = Job Board
0.0,0,8,26.9,False,True,offer accepted: Offers.Status = Accepted,trailing 3m to 2026-09-14,Offers.Offered On,distinct candidate record,Applications.Referred By overrides Source,raw Source = Job Board
0.0,0,8,26.9,False,True,offer accepted: Offers.Status = Accepted,trailing 3m to 2026-09-14,Offers.Offered On,distinct person (name+phone),Candidates.Source as recorded,raw Source = Job Board
0.0,0,8,26.9,False,True,offer accepted: Offers.Status = Accepted,trailing 3m to 2026-09-14,Offers.Offered On,distinct person (name+phone),Applications.Referred By overrides Source,raw Source = Job Board
0.0,0,8,26.9,False,True,hire on a Filled opening: Stage = Hired and Opening.Status = Filled,trailing 6m to 2026-08-27,Applications.Closed On,distinct candidate record,Candidates.Source as recorded,raw Source = Job Board
0.0,0,8,26.9,False,True,hire on a Filled opening: Stage = Hired and Opening.Status = Filled,trailing 6m to 2026-08-27,Applications.Closed On,distinct candidate record,Applications.Referred By overrides Source,raw Source = Job Board
0.0,0,8,26.9,False,True,hire on a Filled opening: Stage = Hired and Opening.Status = Filled,trailing 6m to 2026-08-27,Applications.Closed On,distinct person (name+phone),Candidates.Source as recorded,raw Source = Job Board
0.0,0,8,26.9,False,True,hire on a Filled opening: Stage = Hired and Opening.Status = Filled,trailing 6m to 2026-08-27,Applications.Closed On,distinct person (name+phone),Applications.Referred By overrides Source,raw Source = Job Board
0.0,0,8,26.9,False,True,hire on a Filled opening: Stage = Hired and Opening.Status = Filled,trailing 3m to 2026-08-27,Applications.Closed On,application rows,Candidates.Source as recorded,raw Source = Job Board
0.0,0,8,26.9,False,True,hire on a Filled opening: Stage = Hired and Opening.Status = Filled,trailing 3m to 2026-08-27,Applications.Closed On,application rows,Applications.Referred By overrides Source,raw Source = Job Board
0.0,0,8,26.9,False,True,hire on a Filled opening: Stage = Hired and Opening.Status = Filled,trailing 3m to 2026-08-27,Applications.Closed On,distinct candidate+opening,Candidates.Source as recorded,raw Source = Job Board
0.0,0,8,26.9,False,True,hire on a Filled opening: Stage = Hired and Opening.Status = Filled,trailing 3m to 2026-08-27,Applications.Closed On,distinct candidate+opening,Applications.Referred By overrides Source,raw Source = Job Board
0.0,0,8,26.9,False,True,hire on a Filled opening: Stage = Hired and Opening.Status = Filled,trailing 3m to 2026-08-27,Applications.Closed On,distinct candidate record,Candidates.Source as recorded,raw Source = Job Board
0.0,0,8,26.9,False,True,hire on a Filled opening: Stage = Hired and Opening.Status = Filled,trailing 3m to 2026-08-27,Applications.Closed On,distinct candidate record,Applications.Referred By overrides Source,raw Source = Job Board
0.0,0,8,26.9,False,True,hire on a Filled opening: Stage = Hired and Opening.Status = Filled,trailing 3m to 2026-08-27,Applications.Closed On,distinct person (name+phone),Candidates.Source as recorded,raw Source = Job Board
0.0,0,8,26.9,False,True,hire on a Filled opening: Stage = Hired and Opening.Status = Filled,trailing 3m to 2026-08-27,Applications.Closed On,distinct person (name+phone),Applications.Referred By overrides Source,raw Source = Job Board
0.0,0,8,26.9,False,True,hire on a Filled opening: Stage = Hired and Opening.Status = Filled,trailing 6m to 2026-09-14,Applications.Closed On,distinct candidate record,Candidates.Source as recorded,raw Source = Job Board
0.0,0,8,26.9,False,True,hire on a Filled opening: Stage = Hired and Opening.Status = Filled,trailing 6m to 2026-09-14,Applications.Closed On,distinct candidate record,Applications.Referred By overrides Source,raw Source = Job Board
0.0,0,8,26.9,False,True,hire on a Filled opening: Stage = Hired and Opening.Status = Filled,trailing 6m to 2026-09-14,Applications.Closed On,distinct person (name+phone),Candidates.Source as recorded,raw Source = Job Board
0.0,0,8,26.9,False,True,hire on a Filled opening: Stage = Hired and Opening.Status = Filled,trailing 6m to 2026-09-14,Applications.Closed On,distinct person (name+phone),Applications.Referred By overrides Source,raw Source = Job Board
0.0,0,8,26.9,False,True,hire on a Filled opening: Stage = Hired and Opening.Status = Filled,2026 YTD to 2026-09-14,Applications.Closed On,distinct candidate record,Candidates.Source as recorded,raw Source = Job Board
0.0,0,8,26.9,False,True,hire on a Filled opening: Stage = Hired and Opening.Status = Filled,2026 YTD to 2026-09-14,Applications.Closed On,distinct candidate record,Applications.Referred By overrides Source,raw Source = Job Board
0.0,0,8,26.9,False,True,hire on a Filled opening: Stage = Hired and Opening.Status = Filled,2026 YTD to 2026-09-14,Applications.Closed On,distinct person (name+phone),Candidates.Source as recorded,raw Source = Job Board
0.0,0,8,26.9,False,True,hire on a Filled opening: Stage = Hired and Opening.Status = Filled,2026 YTD to 2026-09-14,Applications.Closed On,distinct person (name+phone),Applications.Referred By overrides Source,raw Source = Job Board
0.0,0,7,26.9,False,True,hire on a Filled opening: Stage = Hired and Opening.Status = Filled,trailing 3m to 2026-09-14,Applications.Closed On,application rows,Candidates.Source as recorded,raw Source = Job Board
0.0,0,7,26.9,False,True,hire on a Filled opening: Stage = Hired and Opening.Status = Filled,trailing 3m to 2026-09-14,Applications.Closed On,application rows,Applications.Referred By overrides Source,raw Source = Job Board
0.0,0,7,26.9,False,True,hire on a Filled opening: Stage = Hired and Opening.Status = Filled,trailing 3m to 2026-09-14,Applications.Closed On,distinct candidate+opening,Candidates.Source as recorded,raw Source = Job Board
0.0,0,7,26.9,False,True,hire on a Filled opening: Stage = Hired and Opening.Status = Filled,trailing 3m to 2026-09-14,Applications.Closed On,distinct candidate+opening,Applications.Referred By overrides Source,raw Source = Job Board
0.0,0,7,26.9,False,True,hire on a Filled opening: Stage = Hired and Opening.Status = Filled,trailing 3m to 2026-09-14,Applications.Closed On,distinct candidate record,Candidates.Source as recorded,raw Source = Job Board
0.0,0,7,26.9,False,True,hire on a Filled opening: Stage = Hired and Opening.Status = Filled,trailing 3m to 2026-09-14,Applications.Closed On,distinct candidate record,Applications.Referred By overrides Source,raw Source = Job Board
0.0,0,7,26.9,False,True,hire on a Filled opening: Stage = Hired and Opening.Status = Filled,trailing 3m to 2026-09-14,Applications.Closed On,distinct person (name+phone),Candidates.Source as recorded,raw Source = Job Board
0.0,0,7,26.9,False,True,hire on a Filled opening: Stage = Hired and Opening.Status = Filled,trailing 3m to 2026-09-14,Applications.Closed On,distinct person (name+phone),Applications.Referred By overrides Source,raw Source = Job Board
0.0,0,5,26.9,False,True,hired: Applications.Stage = Hired,trailing 3m to 2026-08-27,Applications.Applied On,application rows,Candidates.Source as recorded,raw Source = Job Board
0.0,0,5,26.9,False,True,hired: Applications.Stage = Hired,trailing 3m to 2026-08-27,Applications.Applied On,application rows,Applications.Referred By overrides Source,raw Source = Job Board
0.0,0,5,26.9,False,True,hired: Applications.Stage = Hired,trailing 3m to 2026-08-27,Applications.Applied On,distinct candidate+opening,Candidates.Source as recorded,raw Source = Job Board
0.0,0,5,26.9,False,True,hired: Applications.Stage = Hired,trailing 3m to 2026-08-27,Applications.Applied On,distinct candidate+opening,Applications.Referred By overrides Source,raw Source = Job Board
0.0,0,5,26.9,False,True,hired: Applications.Stage = Hired,trailing 3m to 2026-08-27,Applications.Applied On,distinct candidate record,Candidates.Source as recorded,raw Source = Job Board
0.0,0,5,26.9,False,True,hired: Applications.Stage = Hired,trailing 3m to 2026-08-27,Applications.Applied On,distinct candidate record,Applications.Referred By overrides Source,raw Source = Job Board
0.0,0,5,26.9,False,True,hired: Applications.Stage = Hired,trailing 3m to 2026-08-27,Applications.Applied On,distinct person (name+phone),Candidates.Source as recorded,raw Source = Job Board
0.0,0,5,26.9,False,True,hired: Applications.Stage = Hired,trailing 3m to 2026-08-27,Applications.Applied On,distinct person (name+phone),Applications.Referred By overrides Source,raw Source = Job Board
0.0,0,1,26.9,False,True,hire on a Filled opening: Stage = Hired and Opening.Status = Filled,calendar 2025,Applications.Closed On,application rows,Candidates.Source as recorded,raw Source = Job Board
0.0,0,1,26.9,False,True,hire on a Filled opening: Stage = Hired and Opening.Status = Filled,calendar 2025,Applications.Closed On,application rows,Candidates.Source as recorded,bucket: Job Board + LinkedIn
0.0,0,1,26.9,False,True,hire on a Filled opening: Stage = Hired and Opening.Status = Filled,calendar 2025,Applications.Closed On,application rows,Candidates.Source as recorded,bucket: Job Board + LinkedIn + Career Site
0.0,0,1,26.9,False,True,hire on a Filled opening: Stage = Hired and Opening.Status = Filled,calendar 2025,Applications.Closed On,application rows,Applications.Referred By overrides Source,raw Source = Job Board
0.0,0,1,26.9,False,True,hire on a Filled opening: Stage = Hired and Opening.Status = Filled,calendar 2025,Applications.Closed On,application rows,Applications.Referred By overrides Source,bucket: Job Board + LinkedIn
0.0,0,1,26.9,False,True,hire on a Filled opening: Stage = Hired and Opening.Status = Filled,calendar 2025,Applications.Closed On,application rows,Applications.Referred By overrides Source,bucket: Job Board + LinkedIn + Career Site
0.0,0,1,26.9,False,True,hire on a Filled opening: Stage = Hired and Opening.Status = Filled,calendar 2025,Applications.Closed On,distinct candidate+opening,Candidates.Source as recorded,raw Source = Job Board
0.0,0,1,26.9,False,True,hire on a Filled opening: Stage = Hired and Opening.Status = Filled,calendar 2025,Applications.Closed On,distinct candidate+opening,Candidates.Source as recorded,bucket: Job Board + LinkedIn
0.0,0,1,26.9,False,True,hire on a Filled opening: Stage = Hired and Opening.Status = Filled,calendar 2025,Applications.Closed On,distinct candidate+opening,Candidates.Source as recorded,bucket: Job Board + LinkedIn + Career Site
0.0,0,1,26.9,False,True,hire on a Filled opening: Stage = Hired and Opening.Status = Filled,calendar 2025,Applications.Closed On,distinct candidate+opening,Applications.Referred By overrides Source,raw Source = Job Board
0.0,0,1,26.9,False,True,hire on a Filled opening: Stage = Hired and Opening.Status = Filled,calendar 2025,Applications.Closed On,distinct candidate+opening,Applications.Referred By overrides Source,bucket: Job Board + LinkedIn
0.0,0,1,26.9,False,True,hire on a Filled opening: Stage = Hired and Opening.Status = Filled,calendar 2025,Applications.Closed On,distinct candidate+opening,Applications.Referred By overrides Source,bucket: Job Board + LinkedIn + Career Site
0.0,0,1,26.9,False,True,hire on a Filled opening: Stage = Hired and Opening.Status = Filled,calendar 2025,Applications.Closed On,distinct candidate record,Candidates.Source as recorded,raw Source = Job Board
0.0,0,1,26.9,False,True,hire on a Filled opening: Stage = Hired and Opening.Status = Filled,calendar 2025,Applications.Closed On,distinct candidate record,Candidates.Source as recorded,bucket: Job Board + LinkedIn
0.0,0,1,26.9,False,True,hire on a Filled opening: Stage = Hired and Opening.Status = Filled,calendar 2025,Applications.Closed On,distinct candidate record,Candidates.Source as recorded,bucket: Job Board + LinkedIn + Career Site
0.0,0,1,26.9,False,True,hire on a Filled opening: Stage = Hired and Opening.Status = Filled,calendar 2025,Applications.Closed On,distinct candidate record,Applications.Referred By overrides Source,raw Source = Job Board
0.0,0,1,26.9,False,True,hire on a Filled opening: Stage = Hired and Opening.Status = Filled,calendar 2025,Applications.Closed On,distinct candidate record,Applications.Referred By overrides Source,bucket: Job Board + LinkedIn
0.0,0,1,26.9,False,True,hire on a Filled opening: Stage = Hired and Opening.Status = Filled,calendar 2025,Applications.Closed On,distinct candidate record,Applications.Referred By overrides Source,bucket: Job Board + LinkedIn + Career Site
0.0,0,1,26.9,False,True,hire on a Filled opening: Stage = Hired and Opening.Status = Filled,calendar 2025,Applications.Closed On,distinct person (name+phone),Candidates.Source as recorded,raw Source = Job Board
0.0,0,1,26.9,False,True,hire on a Filled opening: Stage = Hired and Opening.Status = Filled,calendar 2025,Applications.Closed On,distinct person (name+phone),Candidates.Source as recorded,bucket: Job Board + LinkedIn
0.0,0,1,26.9,False,True,hire on a Filled opening: Stage = Hired and Opening.Status = Filled,calendar 2025,Applications.Closed On,distinct person (name+phone),Candidates.Source as recorded,bucket: Job Board + LinkedIn + Career Site
0.0,0,1,26.9,False,True,hire on a Filled opening: Stage = Hired and Opening.Status = Filled,calendar 2025,Applications.Closed On,distinct person (name+phone),Applications.Referred By overrides Source,raw Source = Job Board
0.0,0,1,26.9,False,True,hire on a Filled opening: Stage = Hired and Opening.Status = Filled,calendar 2025,Applications.Closed On,distinct person (name+phone),Applications.Referred By overrides Source,bucket: Job Board + LinkedIn
0.0,0,1,26.9,False,True,hire on a Filled opening: Stage = Hired and Opening.Status = Filled,calendar 2025,Applications.Closed On,distinct person (name+phone),Applications.Referred By overrides Source,bucket: Job Board + LinkedIn + Career Site
54.0,27,50,27.1,False,False,candidate: every Candidates record,trailing 3m to 2026-08-27,Candidates.Created On,distinct candidate record,Applications.Referred By overrides Source,raw Source = Job Board
54.0,27,50,27.1,False,False,candidate: every Candidates record,trailing 3m to 2026-08-27,Candidates.Created On,distinct person (name+phone),Applications.Referred By overrides Source,raw Source = Job Board
54.02,47,87,27.12,False,False,candidate: every Candidates record,trailing 6m to 2026-09-14,Candidates.Created On,distinct candidate record,Applications.Referred By overrides Source,raw Source = Job Board
54.17,13,24,27.27,False,True,hired: Applications.Stage = Hired,all time,none (all time),distinct candidate record,Applications.Referred By overrides Source,bucket: Job Board + LinkedIn + Career Site
54.17,13,24,27.27,False,True,hired: Applications.Stage = Hired,trailing 12m to 2026-08-27,Applications.Closed On,distinct candidate record,Applications.Referred By overrides Source,bucket: Job Board + LinkedIn + Career Site
54.17,13,24,27.27,False,True,hired: Applications.Stage = Hired,trailing 12m to 2026-08-27,Applications.Applied On,distinct candidate record,Applications.Referred By overrides Source,bucket: Job Board + LinkedIn + Career Site
54.17,13,24,27.27,False,True,hired: Applications.Stage = Hired,trailing 12m to 2026-08-27,Offers.Decision On,distinct candidate record,Applications.Referred By overrides Source,bucket: Job Board + LinkedIn + Career Site
54.17,13,24,27.27,False,True,hired: Applications.Stage = Hired,trailing 12m to 2026-08-27,Offers.Proposed Start Date,application rows,Applications.Referred By overrides Source,bucket: Job Board + LinkedIn + Career Site
54.17,13,24,27.27,False,True,hired: Applications.Stage = Hired,trailing 12m to 2026-08-27,Offers.Proposed Start Date,distinct candidate+opening,Applications.Referred By overrides Source,bucket: Job Board + LinkedIn + Career Site
54.17,13,24,27.27,False,True,hired: Applications.Stage = Hired,trailing 12m to 2026-09-14,Applications.Closed On,distinct candidate record,Applications.Referred By overrides Source,bucket: Job Board + LinkedIn + Career Site
54.17,13,24,27.27,False,True,hired: Applications.Stage = Hired,trailing 12m to 2026-09-14,Offers.Decision On,distinct candidate record,Applications.Referred By overrides Source,bucket: Job Board + LinkedIn + Career Site
54.17,13,24,27.27,False,True,hired: Applications.Stage = Hired,trailing 12m to 2026-09-14,Offers.Proposed Start Date,distinct candidate+opening,Applications.Referred By overrides Source,bucket: Job Board + LinkedIn + Career Site
54.17,13,24,27.27,False,True,offer accepted: Offers.Status = Accepted,all time,none (all time),distinct candidate record,Applications.Referred By overrides Source,bucket: Job Board + LinkedIn + Career Site
54.17,13,24,27.27,False,True,offer accepted: Offers.Status = Accepted,trailing 12m to 2026-08-27,Offers.Decision On,distinct candidate record,Applications.Referred By overrides Source,bucket: Job Board + LinkedIn + Career Site
54.17,13,24,27.27,False,True,offer accepted: Offers.Status = Accepted,trailing 12m to 2026-08-27,Offers.Offered On,distinct candidate record,Applications.Referred By overrides Source,bucket: Job Board + LinkedIn + Career Site
54.17,13,24,27.27,False,True,offer accepted: Offers.Status = Accepted,trailing 12m to 2026-08-27,Offers.Proposed Start Date,application rows,Applications.Referred By overrides Source,bucket: Job Board + LinkedIn + Career Site
54.17,13,24,27.27,False,True,offer accepted: Offers.Status = Accepted,trailing 12m to 2026-08-27,Offers.Proposed Start Date,distinct candidate+opening,Applications.Referred By overrides Source,bucket: Job Board + LinkedIn + Career Site
54.17,13,24,27.27,False,True,offer accepted: Offers.Status = Accepted,trailing 12m to 2026-09-14,Offers.Decision On,distinct candidate record,Applications.Referred By overrides Source,bucket: Job Board + LinkedIn + Career Site
54.17,13,24,27.27,False,True,offer accepted: Offers.Status = Accepted,trailing 12m to 2026-09-14,Offers.Offered On,distinct candidate record,Applications.Referred By overrides Source,bucket: Job Board + LinkedIn + Career Site
54.17,13,24,27.27,False,True,offer accepted: Offers.Status = Accepted,trailing 12m to 2026-09-14,Offers.Proposed Start Date,distinct candidate+opening,Applications.Referred By overrides Source,bucket: Job Board + LinkedIn + Career Site
54.17,13,24,27.27,False,True,hire started: Accepted and Proposed Start Date <= 2026-08-27,all time,none (all time),application rows,Applications.Referred By overrides Source,bucket: Job Board + LinkedIn + Career Site
54.17,13,24,27.27,False,True,hire started: Accepted and Proposed Start Date <= 2026-08-27,all time,none (all time),distinct candidate+opening,Applications.Referred By overrides Source,bucket: Job Board + LinkedIn + Career Site
54.17,13,24,27.27,False,True,hire started: Accepted and Proposed Start Date <= 2026-08-27,trailing 12m to 2026-08-27,Offers.Proposed Start Date,application rows,Applications.Referred By overrides Source,bucket: Job Board + LinkedIn + Career Site
54.17,13,24,27.27,False,True,hire started: Accepted and Proposed Start Date <= 2026-08-27,trailing 12m to 2026-08-27,Offers.Proposed Start Date,distinct candidate+opening,Applications.Referred By overrides Source,bucket: Job Board + LinkedIn + Career Site
54.17,13,24,27.27,False,True,hire started: Accepted and Proposed Start Date <= 2026-08-27,trailing 12m to 2026-09-14,Offers.Proposed Start Date,application rows,Applications.Referred By overrides Source,bucket: Job Board + LinkedIn + Career Site
54.17,13,24,27.27,False,True,hire started: Accepted and Proposed Start Date <= 2026-08-27,trailing 12m to 2026-09-14,Offers.Proposed Start Date,distinct candidate+opening,Applications.Referred By overrides Source,bucket: Job Board + LinkedIn + Career Site
54.17,13,24,27.27,False,True,hire started: Accepted and Proposed Start Date <= 2026-09-14,all time,none (all time),distinct candidate+opening,Applications.Referred By overrides Source,bucket: Job Board + LinkedIn + Career Site
54.17,13,24,27.27,False,True,hire started: Accepted and Proposed Start Date <= 2026-09-14,trailing 12m to 2026-08-27,Offers.Proposed Start Date,application rows,Applications.Referred By overrides Source,bucket: Job Board + LinkedIn + Career Site
54.17,13,24,27.27,False,True,hire started: Accepted and Proposed Start Date <= 2026-09-14,trailing 12m to 2026-08-27,Offers.Proposed Start Date,distinct candidate+opening,Applications.Referred By overrides Source,bucket: Job Board + LinkedIn + Career Site
54.17,13,24,27.27,False,True,hire started: Accepted and Proposed Start Date <= 2026-09-14,trailing 12m to 2026-09-14,Offers.Proposed Start Date,distinct candidate+opening,Applications.Referred By overrides Source,bucket: Job Board + LinkedIn + Career Site
54.65,47,86,27.75,False,False,candidate: every Candidates record,trailing 6m to 2026-09-14,Candidates.Created On,distinct person (name+phone),Applications.Referred By overrides Source,raw Source = Job Board
54.93,39,71,28.03,False,False,application: every Applications row,calendar 2025,Applications.Applied On,distinct candidate+opening,Applications.Referred By overrides Source,raw Source = Job Board
55.0,11,20,28.1,False,True,hired: Applications.Stage = Hired,2026 YTD to 2026-09-14,Offers.Proposed Start Date,application rows,Applications.Referred By overrides Source,bucket: Job Board + LinkedIn + Career Site
55.0,11,20,28.1,False,True,offer accepted: Offers.Status = Accepted,2026 YTD to 2026-09-14,Offers.Proposed Start Date,application rows,Applications.Referred By overrides Source,bucket: Job Board + LinkedIn + Career Site
55.0,11,20,28.1,False,True,hire started: Accepted and Proposed Start Date <= 2026-09-14,2026 YTD to 2026-09-14,Offers.Proposed Start Date,application rows,Applications.Referred By overrides Source,bucket: Job Board + LinkedIn + Career Site
55.56,40,72,28.66,False,False,application: every Applications row,calendar 2025,Applications.Applied On,application rows,Applications.Referred By overrides Source,raw Source = Job Board
55.56,10,18,28.66,False,True,hired: Applications.Stage = Hired,2026 YTD to 2026-09-14,Applications.Closed On,distinct candidate+opening,Candidates.Source as recorded,bucket: Job Board + LinkedIn + Career Site
55.56,10,18,28.66,False,True,hired: Applications.Stage = Hired,2026 YTD to 2026-09-14,Offers.Decision On,distinct candidate record,Candidates.Source as recorded,bucket: Job Board + LinkedIn + Career Site
55.56,10,18,28.66,False,True,hired: Applications.Stage = Hired,2026 YTD to 2026-09-14,Offers.Decision On,distinct person (name+phone),Candidates.Source as recorded,bucket: Job Board + LinkedIn + Career Site
55.56,10,18,28.66,False,True,offer accepted: Offers.Status = Accepted,2026 YTD to 2026-09-14,Offers.Decision On,distinct candidate record,Candidates.Source as recorded,bucket: Job Board + LinkedIn + Career Site
55.56,10,18,28.66,False,True,offer accepted: Offers.Status = Accepted,2026 YTD to 2026-09-14,Offers.Decision On,distinct person (name+phone),Candidates.Source as recorded,bucket: Job Board + LinkedIn + Career Site
55.56,10,18,28.66,False,True,offer accepted: Offers.Status = Accepted,2026 YTD to 2026-09-14,Offers.Offered On,distinct candidate+opening,Candidates.Source as recorded,bucket: Job Board + LinkedIn + Career Site
55.71,39,70,28.81,False,False,application: every Applications row,calendar 2025,Applications.Applied On,distinct candidate record,Applications.Referred By overrides Source,raw Source = Job Board
55.88,38,68,28.98,False,False,application: every Applications row,calendar 2025,Applications.Applied On,distinct person (name+phone),Applications.Referred By overrides Source,raw Source = Job Board
56.0,14,25,29.1,False,True,hired: Applications.Stage = Hired,trailing 12m to 2026-09-14,Applications.Applied On,application rows,Candidates.Source as recorded,bucket: Job Board + LinkedIn + Career Site
56.25,9,16,29.35,False,True,hired: Applications.Stage = Hired,trailing 6m to 2026-08-27,Applications.Closed On,application rows,Candidates.Source as recorded,bucket: Job Board + LinkedIn + Career Site
56.25,9,16,29.35,False,True,hired: Applications.Stage = Hired,trailing 6m to 2026-08-27,Applications.Closed On,distinct candidate+opening,Candidates.Source as recorded,bucket: Job Board + LinkedIn + Career Site
56.25,9,16,29.35,False,True,hired: Applications.Stage = Hired,trailing 6m to 2026-08-27,Offers.Decision On,application rows,Candidates.Source as recorded,bucket: Job Board + LinkedIn + Career Site
56.25,9,16,29.35,False,True,hired: Applications.Stage = Hired,trailing 6m to 2026-08-27,Offers.Decision On,distinct candidate+opening,Candidates.Source as recorded,bucket: Job Board + LinkedIn + Career Site
56.25,9,16,29.35,False,True,hired: Applications.Stage = Hired,trailing 6m to 2026-08-27,Offers.Proposed Start Date,distinct candidate record,Applications.Referred By overrides Source,bucket: Job Board + LinkedIn + Career Site
56.25,9,16,29.35,False,True,hired: Applications.Stage = Hired,trailing 6m to 2026-08-27,Offers.Proposed Start Date,distinct person (name+phone),Applications.Referred By overrides Source,bucket: Job Board + LinkedIn + Career Site
56.25,9,16,29.35,False,True,hired: Applications.Stage = Hired,trailing 6m to 2026-09-14,Applications.Closed On,application rows,Candidates.Source as recorded,bucket: Job Board + LinkedIn + Career Site
56.25,9,16,29.35,False,True,hired: Applications.Stage = Hired,trailing 6m to 2026-09-14,Applications.Closed On,distinct candidate+opening,Candidates.Source as recorded,bucket: Job Board + LinkedIn + Career Site
56.25,9,16,29.35,False,True,hired: Applications.Stage = Hired,trailing 6m to 2026-09-14,Offers.Decision On,application rows,Candidates.Source as recorded,bucket: Job Board + LinkedIn + Career Site
56.25,9,16,29.35,False,True,hired: Applications.Stage = Hired,trailing 6m to 2026-09-14,Offers.Decision On,distinct candidate+opening,Candidates.Source as recorded,bucket: Job Board + LinkedIn + Career Site
56.25,9,16,29.35,False,True,hired: Applications.Stage = Hired,trailing 6m to 2026-09-14,Offers.Proposed Start Date,distinct candidate+opening,Candidates.Source as recorded,bucket: Job Board + LinkedIn + Career Site
56.25,9,16,29.35,False,True,hired: Applications.Stage = Hired,2026 YTD to 2026-09-14,Applications.Applied On,distinct candidate record,Candidates.Source as recorded,bucket: Job Board + LinkedIn + Career Site
56.25,9,16,29.35,False,True,hired: Applications.Stage = Hired,2026 YTD to 2026-09-14,Applications.Applied On,distinct person (name+phone),Candidates.Source as recorded,bucket: Job Board + LinkedIn + Career Site
56.25,9,16,29.35,False,True,offer accepted: Offers.Status = Accepted,trailing 6m to 2026-08-27,Offers.Decision On,application rows,Candidates.Source as recorded,bucket: Job Board + LinkedIn + Career Site
56.25,9,16,29.35,False,True,offer accepted: Offers.Status = Accepted,trailing 6m to 2026-08-27,Offers.Decision On,distinct candidate+opening,Candidates.Source as recorded,bucket: Job Board + LinkedIn + Career Site
56.25,9,16,29.35,False,True,offer accepted: Offers.Status = Accepted,trailing 6m to 2026-08-27,Offers.Offered On,application rows,Candidates.Source as recorded,bucket: Job Board + LinkedIn + Career Site
56.25,9,16,29.35,False,True,offer accepted: Offers.Status = Accepted,trailing 6m to 2026-08-27,Offers.Offered On,distinct candidate+opening,Candidates.Source as recorded,bucket: Job Board + LinkedIn + Career Site
56.25,9,16,29.35,False,True,offer accepted: Offers.Status = Accepted,trailing 6m to 2026-08-27,Offers.Proposed Start Date,distinct candidate record,Applications.Referred By overrides Source,bucket: Job Board + LinkedIn + Career Site
56.25,9,16,29.35,False,True,offer accepted: Offers.Status = Accepted,trailing 6m to 2026-08-27,Offers.Proposed Start Date,distinct person (name+phone),Applications.Referred By overrides Source,bucket: Job Board + LinkedIn + Career Site
56.25,9,16,29.35,False,True,offer accepted: Offers.Status = Accepted,trailing 6m to 2026-09-14,Offers.Decision On,application rows,Candidates.Source as recorded,bucket: Job Board + LinkedIn + Career Site
56.25,9,16,29.35,False,True,offer accepted: Offers.Status = Accepted,trailing 6m to 2026-09-14,Offers.Decision On,distinct candidate+opening,Candidates.Source as recorded,bucket: Job Board + LinkedIn + Career Site
56.25,9,16,29.35,False,True,offer accepted: Offers.Status = Accepted,trailing 6m to 2026-09-14,Offers.Proposed Start Date,distinct candidate+opening,Candidates.Source as recorded,bucket: Job Board + LinkedIn + Career Site
56.25,9,16,29.35,False,True,hire started: Accepted and Proposed Start Date <= 2026-08-27,trailing 6m to 2026-08-27,Offers.Proposed Start Date,distinct candidate record,Applications.Referred By overrides Source,bucket: Job Board + LinkedIn + Career Site
56.25,9,16,29.35,False,True,hire started: Accepted and Proposed Start Date <= 2026-08-27,trailing 6m to 2026-08-27,Offers.Proposed Start Date,distinct person (name+phone),Applications.Referred By overrides Source,bucket: Job Board + LinkedIn + Career Site
56.25,9,16,29.35,False,True,hire started: Accepted and Proposed Start Date <= 2026-08-27,trailing 6m to 2026-09-14,Offers.Proposed Start Date,application rows,Candidates.Source as recorded,bucket: Job Board + LinkedIn + Career Site
56.25,9,16,29.35,False,True,hire started: Accepted and Proposed Start Date <= 2026-08-27,trailing 6m to 2026-09-14,Offers.Proposed Start Date,distinct candidate+opening,Candidates.Source as recorded,bucket: Job Board + LinkedIn + Career Site
56.25,9,16,29.35,False,True,hire started: Accepted and Proposed Start Date <= 2026-09-14,trailing 6m to 2026-08-27,Offers.Proposed Start Date,distinct candidate record,Applications.Referred By overrides Source,bucket: Job Board + LinkedIn + Career Site
56.25,9,16,29.35,False,True,hire started: Accepted and Proposed Start Date <= 2026-09-14,trailing 6m to 2026-08-27,Offers.Proposed Start Date,distinct person (name+phone),Applications.Referred By overrides Source,bucket: Job Board + LinkedIn + Career Site
56.25,9,16,29.35,False,True,hire started: Accepted and Proposed Start Date <= 2026-09-14,trailing 6m to 2026-09-14,Offers.Proposed Start Date,distinct candidate+opening,Candidates.Source as recorded,bucket: Job Board + LinkedIn + Career Site
56.25,9,16,29.35,False,True,offer extended: any Offer record,trailing 3m to 2026-08-27,Offers.Offered On,application rows,Candidates.Source as recorded,bucket: Job Board + LinkedIn + Career Site
56.25,9,16,29.35,False,True,offer extended: any Offer record,trailing 3m to 2026-08-27,Offers.Offered On,application rows,Applications.Referred By overrides Source,bucket: Job Board + LinkedIn + Career Site
56.25,9,16,29.35,False,True,offer extended: any Offer record,trailing 3m to 2026-08-27,Offers.Offered On,distinct candidate+opening,Candidates.Source as recorded,bucket: Job Board + LinkedIn + Career Site
56.25,9,16,29.35,False,True,offer extended: any Offer record,trailing 3m to 2026-08-27,Offers.Offered On,distinct candidate+opening,Applications.Referred By overrides Source,bucket: Job Board + LinkedIn + Career Site
56.25,9,16,29.35,False,True,offer extended: any Offer record,trailing 3m to 2026-08-27,Offers.Offered On,distinct candidate record,Candidates.Source as recorded,bucket: Job Board + LinkedIn + Career Site
56.25,9,16,29.35,False,True,offer extended: any Offer record,trailing 3m to 2026-08-27,Offers.Offered On,distinct candidate record,Applications.Referred By overrides Source,bucket: Job Board + LinkedIn + Career Site
56.25,9,16,29.35,False,True,offer extended: any Offer record,trailing 3m to 2026-08-27,Offers.Offered On,distinct person (name+phone),Candidates.Source as recorded,bucket: Job Board + LinkedIn + Career Site
56.25,9,16,29.35,False,True,offer extended: any Offer record,trailing 3m to 2026-08-27,Offers.Offered On,distinct person (name+phone),Applications.Referred By overrides Source,bucket: Job Board + LinkedIn + Career Site
56.52,13,23,29.62,False,True,hired: Applications.Stage = Hired,trailing 12m to 2026-08-27,Offers.Proposed Start Date,distinct candidate record,Applications.Referred By overrides Source,bucket: Job Board + LinkedIn + Career Site
56.52,13,23,29.62,False,True,hired: Applications.Stage = Hired,trailing 12m to 2026-09-14,Applications.Applied On,distinct person (name+phone),Applications.Referred By overrides Source,bucket: Job Board + LinkedIn + Career Site
56.52,13,23,29.62,False,True,hired: Applications.Stage = Hired,trailing 12m to 2026-09-14,Offers.Proposed Start Date,distinct candidate record,Applications.Referred By overrides Source,bucket: Job Board + LinkedIn + Career Site
56.52,13,23,29.62,False,True,offer accepted: Offers.Status = Accepted,trailing 12m to 2026-08-27,Offers.Proposed Start Date,distinct candidate record,Applications.Referred By overrides Source,bucket: Job Board + LinkedIn + Career Site
56.52,13,23,29.62,False,True,offer accepted: Offers.Status = Accepted,trailing 12m to 2026-09-14,Offers.Proposed Start Date,distinct candidate record,Applications.Referred By overrides Source,bucket: Job Board + LinkedIn + Career Site
56.52,13,23,29.62,False,True,hire started: Accepted and Proposed Start Date <= 2026-08-27,all time,none (all time),distinct candidate record,Applications.Referred By overrides Source,bucket: Job Board + LinkedIn + Career Site
56.52,13,23,29.62,False,True,hire started: Accepted and Proposed Start Date <= 2026-08-27,trailing 12m to 2026-08-27,Offers.Proposed Start Date,distinct candidate record,Applications.Referred By overrides Source,bucket: Job Board + LinkedIn + Career Site
56.52,13,23,29.62,False,True,hire started: Accepted and Proposed Start Date <= 2026-08-27,trailing 12m to 2026-09-14,Offers.Proposed Start Date,distinct candidate record,Applications.Referred By overrides Source,bucket: Job Board + LinkedIn + Career Site
56.52,13,23,29.62,False,True,hire started: Accepted and Proposed Start Date <= 2026-09-14,all time,none (all time),distinct candidate record,Applications.Referred By overrides Source,bucket: Job Board + LinkedIn + Career Site
56.52,13,23,29.62,False,True,hire started: Accepted and Proposed Start Date <= 2026-09-14,trailing 12m to 2026-08-27,Offers.Proposed Start Date,distinct candidate record,Applications.Referred By overrides Source,bucket: Job Board + LinkedIn + Career Site
56.52,13,23,29.62,False,True,hire started: Accepted and Proposed Start Date <= 2026-09-14,trailing 12m to 2026-09-14,Offers.Proposed Start Date,distinct candidate record,Applications.Referred By overrides Source,bucket: Job Board + LinkedIn + Career Site
56.67,51,90,29.77,False,False,candidate: every Candidates record,trailing 6m to 2026-08-27,Candidates.Created On,distinct candidate record,Applications.Referred By overrides Source,raw Source = Job Board
57.14,24,42,30.24,False,False,candidate: every Candidates record,trailing 3m to 2026-09-14,Candidates.Created On,distinct candidate record,Applications.Referred By overrides Source,raw Source = Job Board
57.14,24,42,30.24,False,False,candidate: every Candidates record,trailing 3m to 2026-09-14,Candidates.Created On,distinct person (name+phone),Applications.Referred By overrides Source,raw Source = Job Board
57.14,16,28,30.24,False,True,offer extended: any Offer record,2026 YTD to 2026-09-14,Offers.Offered On,application rows,Applications.Referred By overrides Source,bucket: Job Board + LinkedIn + Career Site
57.14,8,14,30.24,False,True,hired: Applications.Stage = Hired,trailing 6m to 2026-08-27,Applications.Applied On,application rows,Candidates.Source as recorded,bucket: Job Board + LinkedIn + Career Site
57.14,8,14,30.24,False,True,hired: Applications.Stage = Hired,trailing 6m to 2026-08-27,Applications.Applied On,application rows,Applications.Referred By overrides Source,bucket: Job Board + LinkedIn + Career Site
57.14,8,14,30.24,False,True,hired: Applications.Stage = Hired,trailing 6m to 2026-08-27,Applications.Applied On,distinct candidate+opening,Candidates.Source as recorded,bucket: Job Board + LinkedIn + Career Site
57.14,8,14,30.24,False,True,hired: Applications.Stage = Hired,trailing 6m to 2026-08-27,Applications.Applied On,distinct candidate+opening,Applications.Referred By overrides Source,bucket: Job Board + LinkedIn + Career Site
57.14,8,14,30.24,False,True,hired: Applications.Stage = Hired,trailing 6m to 2026-08-27,Applications.Applied On,distinct candidate record,Candidates.Source as recorded,bucket: Job Board + LinkedIn + Career Site
57.14,8,14,30.24,False,True,hired: Applications.Stage = Hired,trailing 6m to 2026-08-27,Applications.Applied On,distinct candidate record,Applications.Referred By overrides Source,bucket: Job Board + LinkedIn + Career Site
57.14,8,14,30.24,False,True,hired: Applications.Stage = Hired,trailing 6m to 2026-08-27,Applications.Applied On,distinct person (name+phone),Candidates.Source as recorded,bucket: Job Board + LinkedIn + Career Site
57.14,8,14,30.24,False,True,hired: Applications.Stage = Hired,trailing 6m to 2026-08-27,Applications.Applied On,distinct person (name+phone),Applications.Referred By overrides Source,bucket: Job Board + LinkedIn + Career Site
57.14,8,14,30.24,False,True,hired: Applications.Stage = Hired,trailing 6m to 2026-09-14,Applications.Applied On,application rows,Candidates.Source as recorded,bucket: Job Board + LinkedIn + Career Site
57.14,8,14,30.24,False,True,hired: Applications.Stage = Hired,trailing 6m to 2026-09-14,Applications.Applied On,application rows,Applications.Referred By overrides Source,bucket: Job Board + LinkedIn + Career Site
57.14,8,14,30.24,False,True,hired: Applications.Stage = Hired,trailing 6m to 2026-09-14,Applications.Applied On,distinct candidate+opening,Candidates.Source as recorded,bucket: Job Board + LinkedIn + Career Site
57.14,8,14,30.24,False,True,hired: Applications.Stage = Hired,trailing 6m to 2026-09-14,Applications.Applied On,distinct candidate+opening,Applications.Referred By overrides Source,bucket: Job Board + LinkedIn + Career Site
57.14,8,14,30.24,False,True,hired: Applications.Stage = Hired,trailing 6m to 2026-09-14,Applications.Applied On,distinct candidate record,Candidates.Source as recorded,bucket: Job Board + LinkedIn + Career Site
57.14,8,14,30.24,False,True,hired: Applications.Stage = Hired,trailing 6m to 2026-09-14,Applications.Applied On,distinct candidate record,Applications.Referred By overrides Source,bucket: Job Board + LinkedIn + Career Site
57.14,8,14,30.24,False,True,hired: Applications.Stage = Hired,trailing 6m to 2026-09-14,Applications.Applied On,distinct person (name+phone),Candidates.Source as recorded,bucket: Job Board + LinkedIn + Career Site
57.14,8,14,30.24,False,True,hired: Applications.Stage = Hired,trailing 6m to 2026-09-14,Applications.Applied On,distinct person (name+phone),Applications.Referred By overrides Source,bucket: Job Board + LinkedIn + Career Site
57.14,8,14,30.24,False,True,offer accepted: Offers.Status = Accepted,trailing 6m to 2026-09-14,Offers.Offered On,distinct candidate record,Candidates.Source as recorded,bucket: Job Board + LinkedIn + Career Site
57.14,8,14,30.24,False,True,offer accepted: Offers.Status = Accepted,trailing 6m to 2026-09-14,Offers.Offered On,distinct candidate record,Applications.Referred By overrides Source,bucket: Job Board + LinkedIn + Career Site
57.14,8,14,30.24,False,True,offer accepted: Offers.Status = Accepted,trailing 6m to 2026-09-14,Offers.Offered On,distinct person (name+phone),Candidates.Source as recorded,bucket: Job Board + LinkedIn + Career Site
57.14,8,14,30.24,False,True,offer accepted: Offers.Status = Accepted,trailing 6m to 2026-09-14,Offers.Offered On,distinct person (name+phone),Applications.Referred By overrides Source,bucket: Job Board + LinkedIn + Career Site
57.14,4,7,30.24,False,True,hired: Applications.Stage = Hired,calendar 2025,Applications.Closed On,application rows,Candidates.Source as recorded,raw Source = Job Board
57.14,4,7,30.24,False,True,hired: Applications.Stage = Hired,calendar 2025,Applications.Closed On,application rows,Candidates.Source as recorded,bucket: Job Board + LinkedIn
57.14,4,7,30.24,False,True,hired: Applications.Stage = Hired,calendar 2025,Applications.Closed On,application rows,Applications.Referred By overrides Source,bucket: Job Board + LinkedIn + Career Site
57.14,4,7,30.24,False,True,hired: Applications.Stage = Hired,calendar 2025,Applications.Closed On,distinct candidate+opening,Candidates.Source as recorded,raw Source = Job Board
57.14,4,7,30.24,False,True,hired: Applications.Stage = Hired,calendar 2025,Applications.Closed On,distinct candidate+opening,Candidates.Source as recorded,bucket: Job Board + LinkedIn
57.14,4,7,30.24,False,True,hired: Applications.Stage = Hired,calendar 2025,Applications.Closed On,distinct candidate+opening,Applications.Referred By overrides Source,bucket: Job Board + LinkedIn + Career Site
57.14,4,7,30.24,False,True,hired: Applications.Stage = Hired,calendar 2025,Applications.Closed On,distinct candidate record,Candidates.Source as recorded,raw Source = Job Board
57.14,4,7,30.24,False,True,hired: Applications.Stage = Hired,calendar 2025,Applications.Closed On,distinct candidate record,Candidates.Source as recorded,bucket: Job Board + LinkedIn
57.14,4,7,30.24,False,True,hired: Applications.Stage = Hired,calendar 2025,Applications.Closed On,distinct candidate record,Applications.Referred By overrides Source,bucket: Job Board + LinkedIn + Career Site
57.14,4,7,30.24,False,True,hired: Applications.Stage = Hired,calendar 2025,Applications.Closed On,distinct person (name+phone),Applications.Referred By overrides Source,raw Source = Job Board
57.14,4,7,30.24,False,True,hired: Applications.Stage = Hired,calendar 2025,Applications.Closed On,distinct person (name+phone),Applications.Referred By overrides Source,bucket: Job Board + LinkedIn
57.14,4,7,30.24,False,True,offer accepted: Offers.Status = Accepted,calendar 2025,Offers.Offered On,application rows,Candidates.Source as recorded,raw Source = Job Board
57.14,4,7,30.24,False,True,offer accepted: Offers.Status = Accepted,calendar 2025,Offers.Offered On,application rows,Candidates.Source as recorded,bucket: Job Board + LinkedIn
57.14,4,7,30.24,False,True,offer accepted: Offers.Status = Accepted,calendar 2025,Offers.Offered On,application rows,Applications.Referred By overrides Source,bucket: Job Board + LinkedIn + Career Site
57.14,4,7,30.24,False,True,offer accepted: Offers.Status = Accepted,calendar 2025,Offers.Offered On,distinct candidate+opening,Candidates.Source as recorded,raw Source = Job Board
57.14,4,7,30.24,False,True,offer accepted: Offers.Status = Accepted,calendar 2025,Offers.Offered On,distinct candidate+opening,Candidates.Source as recorded,bucket: Job Board + LinkedIn
57.14,4,7,30.24,False,True,offer accepted: Offers.Status = Accepted,calendar 2025,Offers.Offered On,distinct candidate+opening,Applications.Referred By overrides Source,bucket: Job Board + LinkedIn + Career Site
57.14,4,7,30.24,False,True,offer accepted: Offers.Status = Accepted,calendar 2025,Offers.Offered On,distinct candidate record,Candidates.Source as recorded,raw Source = Job Board
57.14,4,7,30.24,False,True,offer accepted: Offers.Status = Accepted,calendar 2025,Offers.Offered On,distinct candidate record,Candidates.Source as recorded,bucket: Job Board + LinkedIn
57.14,4,7,30.24,False,True,offer accepted: Offers.Status = Accepted,calendar 2025,Offers.Offered On,distinct candidate record,Applications.Referred By overrides Source,bucket: Job Board + LinkedIn + Career Site
57.14,4,7,30.24,False,True,offer accepted: Offers.Status = Accepted,calendar 2025,Offers.Offered On,distinct person (name+phone),Applications.Referred By overrides Source,raw Source = Job Board
57.14,4,7,30.24,False,True,offer accepted: Offers.Status = Accepted,calendar 2025,Offers.Offered On,distinct person (name+phone),Applications.Referred By overrides Source,bucket: Job Board + LinkedIn
57.3,51,89,30.4,False,False,candidate: every Candidates record,trailing 6m to 2026-08-27,Candidates.Created On,distinct person (name+phone),Applications.Referred By overrides Source,raw Source = Job Board
57.69,15,26,30.79,False,True,hired: Applications.Stage = Hired,all time,none (all time),application rows,Candidates.Source as recorded,bucket: Job Board + LinkedIn + Career Site
57.69,15,26,30.79,False,True,hired: Applications.Stage = Hired,trailing 12m to 2026-08-27,Applications.Closed On,application rows,Candidates.Source as recorded,bucket: Job Board + LinkedIn + Career Site
57.69,15,26,30.79,False,True,hired: Applications.Stage = Hired,trailing 12m to 2026-08-27,Applications.Applied On,application rows,Candidates.Source as recorded,bucket: Job Board + LinkedIn + Career Site
57.69,15,26,30.79,False,True,hired: Applications.Stage = Hired,trailing 12m to 2026-08-27,Offers.Decision On,application rows,Candidates.Source as recorded,bucket: Job Board + LinkedIn + Career Site
57.69,15,26,30.79,False,True,hired: Applications.Stage = Hired,trailing 12m to 2026-09-14,Applications.Closed On,application rows,Candidates.Source as recorded,bucket: Job Board + LinkedIn + Career Site
57.69,15,26,30.79,False,True,hired: Applications.Stage = Hired,trailing 12m to 2026-09-14,Offers.Decision On,application rows,Candidates.Source as recorded,bucket: Job Board + LinkedIn + Career Site
57.69,15,26,30.79,False,True,offer accepted: Offers.Status = Accepted,all time,none (all time),application rows,Candidates.Source as recorded,bucket: Job Board + LinkedIn + Career Site
57.69,15,26,30.79,False,True,offer accepted: Offers.Status = Accepted,trailing 12m to 2026-08-27,Offers.Decision On,application rows,Candidates.Source as recorded,bucket: Job Board + LinkedIn + Career Site
57.69,15,26,30.79,False,True,offer accepted: Offers.Status = Accepted,trailing 12m to 2026-08-27,Offers.Offered On,application rows,Candidates.Source as recorded,bucket: Job Board + LinkedIn + Career Site
57.69,15,26,30.79,False,True,offer accepted: Offers.Status = Accepted,trailing 12m to 2026-09-14,Offers.Decision On,application rows,Candidates.Source as recorded,bucket: Job Board + LinkedIn + Career Site
57.69,15,26,30.79,False,True,offer accepted: Offers.Status = Accepted,trailing 12m to 2026-09-14,Offers.Offered On,application rows,Candidates.Source as recorded,bucket: Job Board + LinkedIn + Career Site
57.69,15,26,30.79,False,True,offer extended: any Offer record,2026 YTD to 2026-09-14,Offers.Offered On,distinct person (name+phone),Applications.Referred By overrides Source,bucket: Job Board + LinkedIn + Career Site
57.89,11,19,30.99,False,True,hired: Applications.Stage = Hired,2026 YTD to 2026-09-14,Offers.Proposed Start Date,distinct candidate+opening,Applications.Referred By overrides Source,bucket: Job Board + LinkedIn + Career Site
57.89,11,19,30.99,False,True,offer accepted: Offers.Status = Accepted,2026 YTD to 2026-09-14,Offers.Proposed Start Date,distinct candidate+opening,Applications.Referred By overrides Source,bucket: Job Board + LinkedIn + Career Site
57.89,11,19,30.99,False,True,hire started: Accepted and Proposed Start Date <= 2026-08-27,2026 YTD to 2026-09-14,Offers.Proposed Start Date,application rows,Applications.Referred By overrides Source,bucket: Job Board + LinkedIn + Career Site
57.89,11,19,30.99,False,True,hire started: Accepted and Proposed Start Date <= 2026-08-27,2026 YTD to 2026-09-14,Offers.Proposed Start Date,distinct candidate+opening,Applications.Referred By overrides Source,bucket: Job Board + LinkedIn + Career Site
57.89,11,19,30.99,False,True,hire started: Accepted and Proposed Start Date <= 2026-09-14,2026 YTD to 2026-09-14,Offers.Proposed Start Date,distinct candidate+opening,Applications.Referred By overrides Source,bucket: Job Board + LinkedIn + Career Site
58.0,29,50,31.1,False,False,candidate: every Candidates record,trailing 3m to 2026-08-27,Candidates.Created On,distinct candidate record,Candidates.Source as recorded,raw Source = Job Board
58.0,29,50,31.1,False,False,candidate: every Candidates record,trailing 3m to 2026-08-27,Candidates.Created On,distinct person (name+phone),Candidates.Source as recorded,raw Source = Job Board
58.02,76,131,31.12,False,False,candidate: every Candidates record,2026 YTD to 2026-09-14,Candidates.Created On,distinct candidate record,Applications.Referred By overrides Source,raw Source = Job Board
58.33,21,36,31.43,False,False,offer extended: any Offer record,all time,none (all time),application rows,Applications.Referred By overrides Source,bucket: Job Board + LinkedIn + Career Site
58.33,21,36,31.43,False,False,offer extended: any Offer record,trailing 12m to 2026-08-27,Offers.Offered On,application rows,Applications.Referred By overrides Source,bucket: Job Board + LinkedIn + Career Site
58.33,21,36,31.43,False,False,offer extended: any Offer record,trailing 12m to 2026-09-14,Offers.Offered On,application rows,Applications.Referred By overrides Source,bucket: Job Board + LinkedIn + Career Site
58.33,14,24,31.43,False,True,hired: Applications.Stage = Hired,all time,none (all time),distinct person (name+phone),Applications.Referred By overrides Source,bucket: Job Board + LinkedIn + Career Site
58.33,14,24,31.43,False,True,hired: Applications.Stage = Hired,trailing 12m to 2026-08-27,Applications.Closed On,distinct person (name+phone),Applications.Referred By overrides Source,bucket: Job Board + LinkedIn + Career Site
58.33,14,24,31.43,False,True,hired: Applications.Stage = Hired,trailing 12m to 2026-08-27,Applications.Applied On,distinct person (name+phone),Applications.Referred By overrides Source,bucket: Job Board + LinkedIn + Career Site
58.33,14,24,31.43,False,True,hired: Applications.Stage = Hired,trailing 12m to 2026-08-27,Offers.Decision On,distinct person (name+phone),Applications.Referred By overrides Source,bucket: Job Board + LinkedIn + Career Site
58.33,14,24,31.43,False,True,hired: Applications.Stage = Hired,trailing 12m to 2026-09-14,Applications.Closed On,distinct person (name+phone),Applications.Referred By overrides Source,bucket: Job Board + LinkedIn + Career Site
58.33,14,24,31.43,False,True,hired: Applications.Stage = Hired,trailing 12m to 2026-09-14,Applications.Applied On,distinct candidate+opening,Candidates.Source as recorded,bucket: Job Board + LinkedIn + Career Site
58.33,14,24,31.43,False,True,hired: Applications.Stage = Hired,trailing 12m to 2026-09-14,Offers.Decision On,distinct person (name+phone),Applications.Referred By overrides Source,bucket: Job Board + LinkedIn + Career Site
58.33,14,24,31.43,False,True,offer accepted: Offers.Status = Accepted,all time,none (all time),distinct person (name+phone),Applications.Referred By overrides Source,bucket: Job Board + LinkedIn + Career Site
58.33,14,24,31.43,False,True,offer accepted: Offers.Status = Accepted,trailing 12m to 2026-08-27,Offers.Decision On,distinct person (name+phone),Applications.Referred By overrides Source,bucket: Job Board + LinkedIn + Career Site
58.33,14,24,31.43,False,True,offer accepted: Offers.Status = Accepted,trailing 12m to 2026-08-27,Offers.Offered On,distinct person (name+phone),Applications.Referred By overrides Source,bucket: Job Board + LinkedIn + Career Site
58.33,14,24,31.43,False,True,offer accepted: Offers.Status = Accepted,trailing 12m to 2026-09-14,Offers.Decision On,distinct person (name+phone),Applications.Referred By overrides Source,bucket: Job Board + LinkedIn + Career Site
58.33,14,24,31.43,False,True,offer accepted: Offers.Status = Accepted,trailing 12m to 2026-09-14,Offers.Offered On,distinct person (name+phone),Applications.Referred By overrides Source,bucket: Job Board + LinkedIn + Career Site
58.33,14,24,31.43,False,True,offer extended: any Offer record,trailing 6m to 2026-08-27,Offers.Offered On,application rows,Applications.Referred By overrides Source,bucket: Job Board + LinkedIn + Career Site
58.33,14,24,31.43,False,True,offer extended: any Offer record,trailing 6m to 2026-08-27,Offers.Offered On,distinct candidate+opening,Applications.Referred By overrides Source,bucket: Job Board + LinkedIn + Career Site
58.46,76,130,31.56,False,False,candidate: every Candidates record,2026 YTD to 2026-09-14,Candidates.Created On,distinct person (name+phone),Applications.Referred By overrides Source,raw Source = Job Board
58.82,10,17,31.92,False,True,hired: Applications.Stage = Hired,trailing 6m to 2026-08-27,Offers.Proposed Start Date,application rows,Candidates.Source as recorded,bucket: Job Board + LinkedIn + Career Site
58.82,10,17,31.92,False,True,hired: Applications.Stage = Hired,trailing 6m to 2026-08-27,Offers.Proposed Start Date,distinct candidate+opening,Candidates.Source as recorded,bucket: Job Board + LinkedIn + Career Site
58.82,10,17,31.92,False,True,hired: Applications.Stage = Hired,2026 YTD to 2026-09-14,Applications.Closed On,distinct candidate record,Candidates.Source as recorded,bucket: Job Board + LinkedIn + Career Site
58.82,10,17,31.92,False,True,hired: Applications.Stage = Hired,2026 YTD to 2026-09-14,Applications.Closed On,distinct person (name+phone),Candidates.Source as recorded,bucket: Job Board + LinkedIn + Career Site
58.82,10,17,31.92,False,True,offer accepted: Offers.Status = Accepted,trailing 6m to 2026-08-27,Offers.Proposed Start Date,application rows,Candidates.Source as recorded,bucket: Job Board + LinkedIn + Career Site
58.82,10,17,31.92,False,True,offer accepted: Offers.Status = Accepted,trailing 6m to 2026-08-27,Offers.Proposed Start Date,distinct candidate+opening,Candidates.Source as recorded,bucket: Job Board + LinkedIn + Career Site
58.82,10,17,31.92,False,True,offer accepted: Offers.Status = Accepted,2026 YTD to 2026-09-14,Offers.Offered On,distinct candidate record,Candidates.Source as recorded,bucket: Job Board + LinkedIn + Career Site
58.82,10,17,31.92,False,True,offer accepted: Offers.Status = Accepted,2026 YTD to 2026-09-14,Offers.Offered On,distinct person (name+phone),Candidates.Source as recorded,bucket: Job Board + LinkedIn + Career Site
58.82,10,17,31.92,False,True,hire started: Accepted and Proposed Start Date <= 2026-08-27,trailing 6m to 2026-08-27,Offers.Proposed Start Date,application rows,Candidates.Source as recorded,bucket: Job Board + LinkedIn + Career Site
58.82,10,17,31.92,False,True,hire started: Accepted and Proposed Start Date <= 2026-08-27,trailing 6m to 2026-08-27,Offers.Proposed Start Date,distinct candidate+opening,Candidates.Source as recorded,bucket: Job Board + LinkedIn + Career Site
58.82,10,17,31.92,False,True,hire started: Accepted and Proposed Start Date <= 2026-09-14,trailing 6m to 2026-08-27,Offers.Proposed Start Date,application rows,Candidates.Source as recorded,bucket: Job Board + LinkedIn + Career Site
58.82,10,17,31.92,False,True,hire started: Accepted and Proposed Start Date <= 2026-09-14,trailing 6m to 2026-08-27,Offers.Proposed Start Date,distinct candidate+opening,Candidates.Source as recorded,bucket: Job Board + LinkedIn + Career Site
59.26,112,189,32.36,False,False,candidate: every Candidates record,trailing 12m to 2026-08-27,Candidates.Created On,distinct candidate record,Applications.Referred By overrides Source,raw Source = Job Board
59.26,16,27,32.36,False,True,offer extended: any Offer record,2026 YTD to 2026-09-14,Offers.Offered On,distinct candidate+opening,Applications.Referred By overrides Source,bucket: Job Board + LinkedIn + Career Site
59.38,19,32,32.48,False,False,offer extended: any Offer record,all time,none (all time),distinct candidate record,Applications.Referred By overrides Source,bucket: Job Board + LinkedIn + Career Site
59.38,19,32,32.48,False,False,offer extended: any Offer record,trailing 12m to 2026-08-27,Offers.Offered On,distinct candidate record,Applications.Referred By overrides Source,bucket: Job Board + LinkedIn + Career Site
59.38,19,32,32.48,False,False,offer extended: any Offer record,trailing 12m to 2026-09-14,Offers.Offered On,distinct candidate record,Applications.Referred By overrides Source,bucket: Job Board + LinkedIn + Career Site
59.43,167,281,32.53,False,False,application: every Applications row,trailing 12m to 2026-08-27,Applications.Applied On,distinct person (name+phone),Applications.Referred By overrides Source,raw Source = Job Board
59.52,175,294,32.62,False,False,application: every Applications row,all time,none (all time),distinct person (name+phone),Applications.Referred By overrides Source,raw Source = Job Board
59.52,175,294,32.62,False,False,candidate: every Candidates record,all time,none (all time),distinct person (name+phone),Applications.Referred By overrides Source,raw Source = Job Board
59.56,109,183,32.66,False,False,candidate: every Candidates record,trailing 12m to 2026-09-14,Candidates.Created On,distinct candidate record,Applications.Referred By overrides Source,raw Source = Job Board
59.57,112,188,32.67,False,False,candidate: every Candidates record,trailing 12m to 2026-08-27,Candidates.Created On,distinct person (name+phone),Applications.Referred By overrides Source,raw Source = Job Board
59.77,52,87,32.87,False,False,candidate: every Candidates record,trailing 6m to 2026-09-14,Candidates.Created On,distinct candidate record,Candidates.Source as recorded,raw Source = Job Board
59.86,167,279,32.96,False,False,application: every Applications row,trailing 12m to 2026-09-14,Applications.Applied On,distinct person (name+phone),Applications.Referred By overrides Source,raw Source = Job Board
59.89,109,182,32.99,False,False,candidate: every Candidates record,trailing 12m to 2026-09-14,Candidates.Created On,distinct person (name+phone),Applications.Referred By overrides Source,raw Source = Job Board
59.93,172,287,33.03,False,False,application: every Applications row,trailing 12m to 2026-08-27,Applications.Applied On,distinct candidate record,Applications.Referred By overrides Source,raw Source = Job Board
60.0,180,300,33.1,False,False,application: every Applications row,all time,none (all time),distinct candidate record,Applications.Referred By overrides Source,raw Source = Job Board
60.0,180,300,33.1,False,False,candidate: every Candidates record,all time,none (all time),distinct candidate record,Applications.Referred By overrides Source,raw Source = Job Board
60.0,21,35,33.1,False,False,offer extended: any Offer record,all time,none (all time),distinct candidate+opening,Applications.Referred By overrides Source,bucket: Job Board + LinkedIn + Career Site
60.0,21,35,33.1,False,False,offer extended: any Offer record,trailing 12m to 2026-08-27,Offers.Offered On,distinct candidate+opening,Applications.Referred By overrides Source,bucket: Job Board + LinkedIn + Career Site
60.0,21,35,33.1,False,False,offer extended: any Offer record,trailing 12m to 2026-09-14,Offers.Offered On,distinct candidate+opening,Applications.Referred By overrides Source,bucket: Job Board + LinkedIn + Career Site
60.0,15,25,33.1,False,True,hired: Applications.Stage = Hired,all time,none (all time),distinct candidate+opening,Candidates.Source as recorded,bucket: Job Board + LinkedIn + Career Site
60.0,15,25,33.1,False,True,hired: Applications.Stage = Hired,trailing 12m to 2026-08-27,Applications.Closed On,distinct candidate+opening,Candidates.Source as recorded,bucket: Job Board + LinkedIn + Career Site
60.0,15,25,33.1,False,True,hired: Applications.Stage = Hired,trailing 12m to 2026-08-27,Applications.Applied On,distinct candidate+opening,Candidates.Source as recorded,bucket: Job Board + LinkedIn + Career Site
60.0,15,25,33.1,False,True,hired: Applications.Stage = Hired,trailing 12m to 2026-08-27,Offers.Decision On,distinct candidate+opening,Candidates.Source as recorded,bucket: Job Board + LinkedIn + Career Site
60.0,15,25,33.1,False,True,hired: Applications.Stage = Hired,trailing 12m to 2026-09-14,Applications.Closed On,distinct candidate+opening,Candidates.Source as recorded,bucket: Job Board + LinkedIn + Career Site
60.0,15,25,33.1,False,True,hired: Applications.Stage = Hired,trailing 12m to 2026-09-14,Offers.Decision On,distinct candidate+opening,Candidates.Source as recorded,bucket: Job Board + LinkedIn + Career Site
60.0,15,25,33.1,False,True,hired: Applications.Stage = Hired,trailing 12m to 2026-09-14,Offers.Proposed Start Date,application rows,Candidates.Source as recorded,bucket: Job Board + LinkedIn + Career Site
60.0,15,25,33.1,False,True,offer accepted: Offers.Status = Accepted,all time,none (all time),distinct candidate+opening,Candidates.Source as recorded,bucket: Job Board + LinkedIn + Career Site
60.0,15,25,33.1,False,True,offer accepted: Offers.Status = Accepted,trailing 12m to 2026-08-27,Offers.Decision On,distinct candidate+opening,Candidates.Source as recorded,bucket: Job Board + LinkedIn + Career Site
60.0,15,25,33.1,False,True,offer accepted: Offers.Status = Accepted,trailing 12m to 2026-08-27,Offers.Offered On,distinct candidate+opening,Candidates.Source as recorded,bucket: Job Board + LinkedIn + Career Site
60.0,15,25,33.1,False,True,offer accepted: Offers.Status = Accepted,trailing 12m to 2026-09-14,Offers.Decision On,distinct candidate+opening,Candidates.Source as recorded,bucket: Job Board + LinkedIn + Career Site
60.0,15,25,33.1,False,True,offer accepted: Offers.Status = Accepted,trailing 12m to 2026-09-14,Offers.Offered On,distinct candidate+opening,Candidates.Source as recorded,bucket: Job Board + LinkedIn + Career Site
60.0,15,25,33.1,False,True,offer accepted: Offers.Status = Accepted,trailing 12m to 2026-09-14,Offers.Proposed Start Date,application rows,Candidates.Source as recorded,bucket: Job Board + LinkedIn + Career Site
60.0,15,25,33.1,False,True,hire started: Accepted and Proposed Start Date <= 2026-09-14,all time,none (all time),application rows,Candidates.Source as recorded,bucket: Job Board + LinkedIn + Career Site
60.0,15,25,33.1,False,True,hire started: Accepted and Proposed Start Date <= 2026-09-14,trailing 12m to 2026-09-14,Offers.Proposed Start Date,application rows,Candidates.Source as recorded,bucket: Job Board + LinkedIn + Career Site
60.0,12,20,33.1,False,True,hired: Applications.Stage = Hired,2026 YTD to 2026-09-14,Offers.Proposed Start Date,application rows,Candidates.Source as recorded,bucket: Job Board + LinkedIn + Career Site
60.0,12,20,33.1,False,True,offer accepted: Offers.Status = Accepted,2026 YTD to 2026-09-14,Offers.Proposed Start Date,application rows,Candidates.Source as recorded,bucket: Job Board + LinkedIn + Career Site
60.0,12,20,33.1,False,True,hire started: Accepted and Proposed Start Date <= 2026-09-14,2026 YTD to 2026-09-14,Offers.Proposed Start Date,application rows,Candidates.Source as recorded,bucket: Job Board + LinkedIn + Career Site
60.0,9,15,33.1,False,True,hired: Applications.Stage = Hired,trailing 6m to 2026-08-27,Applications.Closed On,distinct candidate record,Candidates.Source as recorded,bucket: Job Board + LinkedIn + Career Site
60.0,9,15,33.1,False,True,hired: Applications.Stage = Hired,trailing 6m to 2026-08-27,Applications.Closed On,distinct person (name+phone),Candidates.Source as recorded,bucket: Job Board + LinkedIn + Career Site
60.0,9,15,33.1,False,True,hired: Applications.Stage = Hired,trailing 6m to 2026-08-27,Offers.Decision On,distinct candidate record,Candidates.Source as recorded,bucket: Job Board + LinkedIn + Career Site
60.0,9,15,33.1,False,True,hired: Applications.Stage = Hired,trailing 6m to 2026-08-27,Offers.Decision On,distinct person (name+phone),Candidates.Source as recorded,bucket: Job Board + LinkedIn + Career Site
60.0,9,15,33.1,False,True,hired: Applications.Stage = Hired,trailing 6m to 2026-09-14,Applications.Closed On,distinct candidate record,Candidates.Source as recorded,bucket: Job Board + LinkedIn + Career Site
60.0,9,15,33.1,False,True,hired: Applications.Stage = Hired,trailing 6m to 2026-09-14,Applications.Closed On,distinct person (name+phone),Candidates.Source as recorded,bucket: Job Board + LinkedIn + Career Site
60.0,9,15,33.1,False,True,hired: Applications.Stage = Hired,trailing 6m to 2026-09-14,Offers.Decision On,distinct candidate record,Candidates.Source as recorded,bucket: Job Board + LinkedIn + Career Site
60.0,9,15,33.1,False,True,hired: Applications.Stage = Hired,trailing 6m to 2026-09-14,Offers.Decision On,distinct person (name+phone),Candidates.Source as recorded,bucket: Job Board + LinkedIn + Career Site
60.0,9,15,33.1,False,True,hired: Applications.Stage = Hired,trailing 6m to 2026-09-14,Offers.Proposed Start Date,distinct candidate record,Candidates.Source as recorded,bucket: Job Board + LinkedIn + Career Site
60.0,9,15,33.1,False,True,hired: Applications.Stage = Hired,trailing 6m to 2026-09-14,Offers.Proposed Start Date,distinct person (name+phone),Candidates.Source as recorded,bucket: Job Board + LinkedIn + Career Site
60.0,9,15,33.1,False,True,offer accepted: Offers.Status = Accepted,trailing 6m to 2026-08-27,Offers.Decision On,distinct candidate record,Candidates.Source as recorded,bucket: Job Board + LinkedIn + Career Site
60.0,9,15,33.1,False,True,offer accepted: Offers.Status = Accepted,trailing 6m to 2026-08-27,Offers.Decision On,distinct person (name+phone),Candidates.Source as recorded,bucket: Job Board + LinkedIn + Career Site
60.0,9,15,33.1,False,True,offer accepted: Offers.Status = Accepted,trailing 6m to 2026-08-27,Offers.Offered On,distinct candidate record,Candidates.Source as recorded,bucket: Job Board + LinkedIn + Career Site
60.0,9,15,33.1,False,True,offer accepted: Offers.Status = Accepted,trailing 6m to 2026-08-27,Offers.Offered On,distinct person (name+phone),Candidates.Source as recorded,bucket: Job Board + LinkedIn + Career Site
60.0,9,15,33.1,False,True,offer accepted: Offers.Status = Accepted,trailing 6m to 2026-09-14,Offers.Decision On,distinct candidate record,Candidates.Source as recorded,bucket: Job Board + LinkedIn + Career Site
60.0,9,15,33.1,False,True,offer accepted: Offers.Status = Accepted,trailing 6m to 2026-09-14,Offers.Decision On,distinct person (name+phone),Candidates.Source as recorded,bucket: Job Board + LinkedIn + Career Site
60.0,9,15,33.1,False,True,offer accepted: Offers.Status = Accepted,trailing 6m to 2026-09-14,Offers.Proposed Start Date,distinct candidate record,Candidates.Source as recorded,bucket: Job Board + LinkedIn + Career Site
60.0,9,15,33.1,False,True,offer accepted: Offers.Status = Accepted,trailing 6m to 2026-09-14,Offers.Proposed Start Date,distinct person (name+phone),Candidates.Source as recorded,bucket: Job Board + LinkedIn + Career Site
60.0,9,15,33.1,False,True,hire started: Accepted and Proposed Start Date <= 2026-08-27,trailing 6m to 2026-09-14,Offers.Proposed Start Date,distinct candidate record,Candidates.Source as recorded,bucket: Job Board + LinkedIn + Career Site
60.0,9,15,33.1,False,True,hire started: Accepted and Proposed Start Date <= 2026-08-27,trailing 6m to 2026-09-14,Offers.Proposed Start Date,distinct person (name+phone),Candidates.Source as recorded,bucket: Job Board + LinkedIn + Career Site
60.0,9,15,33.1,False,True,hire started: Accepted and Proposed Start Date <= 2026-09-14,trailing 6m to 2026-09-14,Offers.Proposed Start Date,distinct candidate record,Candidates.Source as recorded,bucket: Job Board + LinkedIn + Career Site
60.0,9,15,33.1,False,True,hire started: Accepted and Proposed Start Date <= 2026-09-14,trailing 6m to 2026-09-14,Offers.Proposed Start Date,distinct person (name+phone),Candidates.Source as recorded,bucket: Job Board + LinkedIn + Career Site
60.0,3,5,33.1,False,True,hired: Applications.Stage = Hired,calendar 2025,Offers.Proposed Start Date,application rows,Candidates.Source as recorded,raw Source = Job Board
60.0,3,5,33.1,False,True,hired: Applications.Stage = Hired,calendar 2025,Offers.Proposed Start Date,application rows,Candidates.Source as recorded,bucket: Job Board + LinkedIn
60.0,3,5,33.1,False,True,hired: Applications.Stage = Hired,calendar 2025,Offers.Proposed Start Date,application rows,Candidates.Source as recorded,bucket: Job Board + LinkedIn + Career Site
60.0,3,5,33.1,False,True,hired: Applications.Stage = Hired,calendar 2025,Offers.Proposed Start Date,distinct candidate+opening,Candidates.Source as recorded,raw Source = Job Board
60.0,3,5,33.1,False,True,hired: Applications.Stage = Hired,calendar 2025,Offers.Proposed Start Date,distinct candidate+opening,Candidates.Source as recorded,bucket: Job Board + LinkedIn
60.0,3,5,33.1,False,True,hired: Applications.Stage = Hired,calendar 2025,Offers.Proposed Start Date,distinct candidate+opening,Candidates.Source as recorded,bucket: Job Board + LinkedIn + Career Site
60.0,3,5,33.1,False,True,hired: Applications.Stage = Hired,calendar 2025,Offers.Proposed Start Date,distinct candidate record,Candidates.Source as recorded,raw Source = Job Board
60.0,3,5,33.1,False,True,hired: Applications.Stage = Hired,calendar 2025,Offers.Proposed Start Date,distinct candidate record,Candidates.Source as recorded,bucket: Job Board + LinkedIn
60.0,3,5,33.1,False,True,hired: Applications.Stage = Hired,calendar 2025,Offers.Proposed Start Date,distinct candidate record,Candidates.Source as recorded,bucket: Job Board + LinkedIn + Career Site
60.0,3,5,33.1,False,True,hired: Applications.Stage = Hired,calendar 2025,Offers.Proposed Start Date,distinct person (name+phone),Applications.Referred By overrides Source,raw Source = Job Board
60.0,3,5,33.1,False,True,hired: Applications.Stage = Hired,calendar 2025,Offers.Proposed Start Date,distinct person (name+phone),Applications.Referred By overrides Source,bucket: Job Board + LinkedIn
60.0,3,5,33.1,False,True,hired: Applications.Stage = Hired,calendar 2025,Offers.Proposed Start Date,distinct person (name+phone),Applications.Referred By overrides Source,bucket: Job Board + LinkedIn + Career Site
60.0,3,5,33.1,False,True,offer accepted: Offers.Status = Accepted,calendar 2025,Offers.Proposed Start Date,application rows,Candidates.Source as recorded,raw Source = Job Board
60.0,3,5,33.1,False,True,offer accepted: Offers.Status = Accepted,calendar 2025,Offers.Proposed Start Date,application rows,Candidates.Source as recorded,bucket: Job Board + LinkedIn
60.0,3,5,33.1,False,True,offer accepted: Offers.Status = Accepted,calendar 2025,Offers.Proposed Start Date,application rows,Candidates.Source as recorded,bucket: Job Board + LinkedIn + Career Site
60.0,3,5,33.1,False,True,offer accepted: Offers.Status = Accepted,calendar 2025,Offers.Proposed Start Date,distinct candidate+opening,Candidates.Source as recorded,raw Source = Job Board
60.0,3,5,33.1,False,True,offer accepted: Offers.Status = Accepted,calendar 2025,Offers.Proposed Start Date,distinct candidate+opening,Candidates.Source as recorded,bucket: Job Board + LinkedIn
60.0,3,5,33.1,False,True,offer accepted: Offers.Status = Accepted,calendar 2025,Offers.Proposed Start Date,distinct candidate+opening,Candidates.Source as recorded,bucket: Job Board + LinkedIn + Career Site
60.0,3,5,33.1,False,True,offer accepted: Offers.Status = Accepted,calendar 2025,Offers.Proposed Start Date,distinct candidate record,Candidates.Source as recorded,raw Source = Job Board
60.0,3,5,33.1,False,True,offer accepted: Offers.Status = Accepted,calendar 2025,Offers.Proposed Start Date,distinct candidate record,Candidates.Source as recorded,bucket: Job Board + LinkedIn
60.0,3,5,33.1,False,True,offer accepted: Offers.Status = Accepted,calendar 2025,Offers.Proposed Start Date,distinct candidate record,Candidates.Source as recorded,bucket: Job Board + LinkedIn + Career Site
60.0,3,5,33.1,False,True,offer accepted: Offers.Status = Accepted,calendar 2025,Offers.Proposed Start Date,distinct person (name+phone),Applications.Referred By overrides Source,raw Source = Job Board
60.0,3,5,33.1,False,True,offer accepted: Offers.Status = Accepted,calendar 2025,Offers.Proposed Start Date,distinct person (name+phone),Applications.Referred By overrides Source,bucket: Job Board + LinkedIn
60.0,3,5,33.1,False,True,offer accepted: Offers.Status = Accepted,calendar 2025,Offers.Proposed Start Date,distinct person (name+phone),Applications.Referred By overrides Source,bucket: Job Board + LinkedIn + Career Site
60.0,3,5,33.1,False,True,hire started: Accepted and Proposed Start Date <= 2026-08-27,calendar 2025,Offers.Proposed Start Date,application rows,Candidates.Source as recorded,raw Source = Job Board
60.0,3,5,33.1,False,True,hire started: Accepted and Proposed Start Date <= 2026-08-27,calendar 2025,Offers.Proposed Start Date,application rows,Candidates.Source as recorded,bucket: Job Board + LinkedIn
60.0,3,5,33.1,False,True,hire started: Accepted and Proposed Start Date <= 2026-08-27,calendar 2025,Offers.Proposed Start Date,application rows,Candidates.Source as recorded,bucket: Job Board + LinkedIn + Career Site
60.0,3,5,33.1,False,True,hire started: Accepted and Proposed Start Date <= 2026-08-27,calendar 2025,Offers.Proposed Start Date,distinct candidate+opening,Candidates.Source as recorded,raw Source = Job Board
60.0,3,5,33.1,False,True,hire started: Accepted and Proposed Start Date <= 2026-08-27,calendar 2025,Offers.Proposed Start Date,distinct candidate+opening,Candidates.Source as recorded,bucket: Job Board + LinkedIn
60.0,3,5,33.1,False,True,hire started: Accepted and Proposed Start Date <= 2026-08-27,calendar 2025,Offers.Proposed Start Date,distinct candidate+opening,Candidates.Source as recorded,bucket: Job Board + LinkedIn + Career Site
60.0,3,5,33.1,False,True,hire started: Accepted and Proposed Start Date <= 2026-08-27,calendar 2025,Offers.Proposed Start Date,distinct candidate record,Candidates.Source as recorded,raw Source = Job Board
60.0,3,5,33.1,False,True,hire started: Accepted and Proposed Start Date <= 2026-08-27,calendar 2025,Offers.Proposed Start Date,distinct candidate record,Candidates.Source as recorded,bucket: Job Board + LinkedIn
60.0,3,5,33.1,False,True,hire started: Accepted and Proposed Start Date <= 2026-08-27,calendar 2025,Offers.Proposed Start Date,distinct candidate record,Candidates.Source as recorded,bucket: Job Board + LinkedIn + Career Site
60.0,3,5,33.1,False,True,hire started: Accepted and Proposed Start Date <= 2026-08-27,calendar 2025,Offers.Proposed Start Date,distinct person (name+phone),Applications.Referred By overrides Source,raw Source = Job Board
60.0,3,5,33.1,False,True,hire started: Accepted and Proposed Start Date <= 2026-08-27,calendar 2025,Offers.Proposed Start Date,distinct person (name+phone),Applications.Referred By overrides Source,bucket: Job Board + LinkedIn
60.0,3,5,33.1,False,True,hire started: Accepted and Proposed Start Date <= 2026-08-27,calendar 2025,Offers.Proposed Start Date,distinct person (name+phone),Applications.Referred By overrides Source,bucket: Job Board + LinkedIn + Career Site
60.0,3,5,33.1,False,True,hire started: Accepted and Proposed Start Date <= 2026-09-14,calendar 2025,Offers.Proposed Start Date,application rows,Candidates.Source as recorded,raw Source = Job Board
60.0,3,5,33.1,False,True,hire started: Accepted and Proposed Start Date <= 2026-09-14,calendar 2025,Offers.Proposed Start Date,application rows,Candidates.Source as recorded,bucket: Job Board + LinkedIn
60.0,3,5,33.1,False,True,hire started: Accepted and Proposed Start Date <= 2026-09-14,calendar 2025,Offers.Proposed Start Date,application rows,Candidates.Source as recorded,bucket: Job Board + LinkedIn + Career Site
60.0,3,5,33.1,False,True,hire started: Accepted and Proposed Start Date <= 2026-09-14,calendar 2025,Offers.Proposed Start Date,distinct candidate+opening,Candidates.Source as recorded,raw Source = Job Board
60.0,3,5,33.1,False,True,hire started: Accepted and Proposed Start Date <= 2026-09-14,calendar 2025,Offers.Proposed Start Date,distinct candidate+opening,Candidates.Source as recorded,bucket: Job Board + LinkedIn
60.0,3,5,33.1,False,True,hire started: Accepted and Proposed Start Date <= 2026-09-14,calendar 2025,Offers.Proposed Start Date,distinct candidate+opening,Candidates.Source as recorded,bucket: Job Board + LinkedIn + Career Site
60.0,3,5,33.1,False,True,hire started: Accepted and Proposed Start Date <= 2026-09-14,calendar 2025,Offers.Proposed Start Date,distinct candidate record,Candidates.Source as recorded,raw Source = Job Board
60.0,3,5,33.1,False,True,hire started: Accepted and Proposed Start Date <= 2026-09-14,calendar 2025,Offers.Proposed Start Date,distinct candidate record,Candidates.Source as recorded,bucket: Job Board + LinkedIn
60.0,3,5,33.1,False,True,hire started: Accepted and Proposed Start Date <= 2026-09-14,calendar 2025,Offers.Proposed Start Date,distinct candidate record,Candidates.Source as recorded,bucket: Job Board + LinkedIn + Career Site
60.0,3,5,33.1,False,True,hire started: Accepted and Proposed Start Date <= 2026-09-14,calendar 2025,Offers.Proposed Start Date,distinct person (name+phone),Applications.Referred By overrides Source,raw Source = Job Board
60.0,3,5,33.1,False,True,hire started: Accepted and Proposed Start Date <= 2026-09-14,calendar 2025,Offers.Proposed Start Date,distinct person (name+phone),Applications.Referred By overrides Source,bucket: Job Board + LinkedIn
60.0,3,5,33.1,False,True,hire started: Accepted and Proposed Start Date <= 2026-09-14,calendar 2025,Offers.Proposed Start Date,distinct person (name+phone),Applications.Referred By overrides Source,bucket: Job Board + LinkedIn + Career Site
60.35,172,285,33.45,False,False,application: every Applications row,trailing 12m to 2026-09-14,Applications.Applied On,distinct candidate record,Applications.Referred By overrides Source,raw Source = Job Board
60.47,52,86,33.57,False,False,candidate: every Candidates record,trailing 6m to 2026-09-14,Candidates.Created On,distinct person (name+phone),Candidates.Source as recorded,raw Source = Job Board
60.56,43,71,33.66,False,False,application: every Applications row,calendar 2025,Applications.Applied On,distinct candidate+opening,Applications.Referred By overrides Source,bucket: Job Board + LinkedIn
60.71,17,28,33.81,False,True,offer extended: any Offer record,2026 YTD to 2026-09-14,Offers.Offered On,application rows,Candidates.Source as recorded,bucket: Job Board + LinkedIn + Career Site
60.84,101,166,33.94,False,False,candidate: every Candidates record,calendar 2025,Candidates.Created On,distinct person (name+phone),Applications.Referred By overrides Source,raw Source = Job Board
60.87,14,23,33.97,False,True,hired: Applications.Stage = Hired,trailing 12m to 2026-08-27,Offers.Proposed Start Date,distinct person (name+phone),Applications.Referred By overrides Source,bucket: Job Board + LinkedIn + Career Site
60.87,14,23,33.97,False,True,hired: Applications.Stage = Hired,trailing 12m to 2026-09-14,Applications.Applied On,distinct candidate record,Candidates.Source as recorded,bucket: Job Board + LinkedIn + Career Site
60.87,14,23,33.97,False,True,hired: Applications.Stage = Hired,trailing 12m to 2026-09-14,Offers.Proposed Start Date,distinct person (name+phone),Applications.Referred By overrides Source,bucket: Job Board + LinkedIn + Career Site
60.87,14,23,33.97,False,True,offer accepted: Offers.Status = Accepted,trailing 12m to 2026-08-27,Offers.Proposed Start Date,distinct person (name+phone),Applications.Referred By overrides Source,bucket: Job Board + LinkedIn + Career Site
60.87,14,23,33.97,False,True,offer accepted: Offers.Status = Accepted,trailing 12m to 2026-09-14,Offers.Proposed Start Date,distinct person (name+phone),Applications.Referred By overrides Source,bucket: Job Board + LinkedIn + Career Site
60.87,14,23,33.97,False,True,hire started: Accepted and Proposed Start Date <= 2026-08-27,all time,none (all time),distinct person (name+phone),Applications.Referred By overrides Source,bucket: Job Board + LinkedIn + Career Site
60.87,14,23,33.97,False,True,hire started: Accepted and Proposed Start Date <= 2026-08-27,trailing 12m to 2026-08-27,Offers.Proposed Start Date,distinct person (name+phone),Applications.Referred By overrides Source,bucket: Job Board + LinkedIn + Career Site
60.87,14,23,33.97,False,True,hire started: Accepted and Proposed Start Date <= 2026-08-27,trailing 12m to 2026-09-14,Offers.Proposed Start Date,distinct person (name+phone),Applications.Referred By overrides Source,bucket: Job Board + LinkedIn + Career Site
60.87,14,23,33.97,False,True,hire started: Accepted and Proposed Start Date <= 2026-09-14,all time,none (all time),distinct person (name+phone),Applications.Referred By overrides Source,bucket: Job Board + LinkedIn + Career Site
60.87,14,23,33.97,False,True,hire started: Accepted and Proposed Start Date <= 2026-09-14,trailing 12m to 2026-08-27,Offers.Proposed Start Date,distinct person (name+phone),Applications.Referred By overrides Source,bucket: Job Board + LinkedIn + Career Site
60.87,14,23,33.97,False,True,hire started: Accepted and Proposed Start Date <= 2026-09-14,trailing 12m to 2026-09-14,Offers.Proposed Start Date,distinct person (name+phone),Applications.Referred By overrides Source,bucket: Job Board + LinkedIn + Career Site
60.87,14,23,33.97,False,True,offer extended: any Offer record,trailing 6m to 2026-08-27,Offers.Offered On,distinct candidate record,Applications.Referred By overrides Source,bucket: Job Board + LinkedIn + Career Site
60.87,14,23,33.97,False,True,offer extended: any Offer record,trailing 6m to 2026-08-27,Offers.Offered On,distinct person (name+phone),Applications.Referred By overrides Source,bucket: Job Board + LinkedIn + Career Site
60.87,14,23,33.97,False,True,offer extended: any Offer record,trailing 6m to 2026-09-14,Offers.Offered On,application rows,Candidates.Source as recorded,bucket: Job Board + LinkedIn + Career Site
60.87,14,23,33.97,False,True,offer extended: any Offer record,trailing 6m to 2026-09-14,Offers.Offered On,application rows,Applications.Referred By overrides Source,bucket: Job Board + LinkedIn + Career Site
60.87,14,23,33.97,False,True,offer extended: any Offer record,trailing 6m to 2026-09-14,Offers.Offered On,distinct candidate+opening,Candidates.Source as recorded,bucket: Job Board + LinkedIn + Career Site
60.87,14,23,33.97,False,True,offer extended: any Offer record,trailing 6m to 2026-09-14,Offers.Offered On,distinct candidate+opening,Applications.Referred By overrides Source,bucket: Job Board + LinkedIn + Career Site
61.11,44,72,34.21,False,False,application: every Applications row,calendar 2025,Applications.Applied On,application rows,Applications.Referred By overrides Source,bucket: Job Board + LinkedIn
61.11,11,18,34.21,False,True,hired: Applications.Stage = Hired,2026 YTD to 2026-09-14,Offers.Proposed Start Date,distinct candidate record,Applications.Referred By overrides Source,bucket: Job Board + LinkedIn + Career Site
61.11,11,18,34.21,False,True,hired: Applications.Stage = Hired,2026 YTD to 2026-09-14,Offers.Proposed Start Date,distinct person (name+phone),Applications.Referred By overrides Source,bucket: Job Board + LinkedIn + Career Site
61.11,11,18,34.21,False,True,offer accepted: Offers.Status = Accepted,2026 YTD to 2026-09-14,Offers.Proposed Start Date,distinct candidate record,Applications.Referred By overrides Source,bucket: Job Board + LinkedIn + Career Site
61.11,11,18,34.21,False,True,offer accepted: Offers.Status = Accepted,2026 YTD to 2026-09-14,Offers.Proposed Start Date,distinct person (name+phone),Applications.Referred By overrides Source,bucket: Job Board + LinkedIn + Career Site
61.11,11,18,34.21,False,True,hire started: Accepted and Proposed Start Date <= 2026-08-27,2026 YTD to 2026-09-14,Offers.Proposed Start Date,distinct candidate record,Applications.Referred By overrides Source,bucket: Job Board + LinkedIn + Career Site
61.11,11,18,34.21,False,True,hire started: Accepted and Proposed Start Date <= 2026-08-27,2026 YTD to 2026-09-14,Offers.Proposed Start Date,distinct person (name+phone),Applications.Referred By overrides Source,bucket: Job Board + LinkedIn + Career Site
61.11,11,18,34.21,False,True,hire started: Accepted and Proposed Start Date <= 2026-09-14,2026 YTD to 2026-09-14,Offers.Proposed Start Date,distinct candidate record,Applications.Referred By overrides Source,bucket: Job Board + LinkedIn + Career Site
61.11,11,18,34.21,False,True,hire started: Accepted and Proposed Start Date <= 2026-09-14,2026 YTD to 2026-09-14,Offers.Proposed Start Date,distinct person (name+phone),Applications.Referred By overrides Source,bucket: Job Board + LinkedIn + Career Site
61.29,19,31,34.39,False,False,offer extended: any Offer record,all time,none (all time),distinct person (name+phone),Applications.Referred By overrides Source,bucket: Job Board + LinkedIn + Career Site
61.29,19,31,34.39,False,False,offer extended: any Offer record,trailing 12m to 2026-08-27,Offers.Offered On,distinct person (name+phone),Applications.Referred By overrides Source,bucket: Job Board + LinkedIn + Career Site
61.29,19,31,34.39,False,False,offer extended: any Offer record,trailing 12m to 2026-09-14,Offers.Offered On,distinct person (name+phone),Applications.Referred By overrides Source,bucket: Job Board + LinkedIn + Career Site
61.43,43,70,34.53,False,False,application: every Applications row,calendar 2025,Applications.Applied On,distinct candidate record,Applications.Referred By overrides Source,bucket: Job Board + LinkedIn
61.54,104,169,34.64,False,False,candidate: every Candidates record,calendar 2025,Candidates.Created On,distinct candidate record,Applications.Referred By overrides Source,raw Source = Job Board
61.54,16,26,34.64,False,True,offer extended: any Offer record,2026 YTD to 2026-09-14,Offers.Offered On,distinct candidate record,Applications.Referred By overrides Source,bucket: Job Board + LinkedIn + Career Site
61.54,16,26,34.64,False,True,offer extended: any Offer record,2026 YTD to 2026-09-14,Offers.Offered On,distinct person (name+phone),Candidates.Source as recorded,bucket: Job Board + LinkedIn + Career Site
61.76,42,68,34.86,False,False,application: every Applications row,calendar 2025,Applications.Applied On,distinct person (name+phone),Applications.Referred By overrides Source,bucket: Job Board + LinkedIn
61.9,26,42,35.0,False,False,candidate: every Candidates record,trailing 3m to 2026-09-14,Candidates.Created On,distinct candidate record,Candidates.Source as recorded,raw Source = Job Board
61.9,26,42,35.0,False,False,candidate: every Candidates record,trailing 3m to 2026-09-14,Candidates.Created On,distinct person (name+phone),Candidates.Source as recorded,raw Source = Job Board
62.22,56,90,35.32,False,False,candidate: every Candidates record,trailing 6m to 2026-08-27,Candidates.Created On,distinct candidate record,Candidates.Source as recorded,raw Source = Job Board
62.5,155,248,35.6,False,False,application: every Applications row,2026 YTD to 2026-09-14,Applications.Applied On,distinct person (name+phone),Applications.Referred By overrides Source,raw Source = Job Board
62.5,15,24,35.6,False,True,hired: Applications.Stage = Hired,all time,none (all time),distinct candidate record,Candidates.Source as recorded,bucket: Job Board + LinkedIn + Career Site
62.5,15,24,35.6,False,True,hired: Applications.Stage = Hired,trailing 12m to 2026-08-27,Applications.Closed On,distinct candidate record,Candidates.Source as recorded,bucket: Job Board + LinkedIn + Career Site
62.5,15,24,35.6,False,True,hired: Applications.Stage = Hired,trailing 12m to 2026-08-27,Applications.Applied On,distinct candidate record,Candidates.Source as recorded,bucket: Job Board + LinkedIn + Career Site
62.5,15,24,35.6,False,True,hired: Applications.Stage = Hired,trailing 12m to 2026-08-27,Offers.Decision On,distinct candidate record,Candidates.Source as recorded,bucket: Job Board + LinkedIn + Career Site
62.5,15,24,35.6,False,True,hired: Applications.Stage = Hired,trailing 12m to 2026-08-27,Offers.Proposed Start Date,application rows,Candidates.Source as recorded,bucket: Job Board + LinkedIn + Career Site
62.5,15,24,35.6,False,True,hired: Applications.Stage = Hired,trailing 12m to 2026-08-27,Offers.Proposed Start Date,distinct candidate+opening,Candidates.Source as recorded,bucket: Job Board + LinkedIn + Career Site
62.5,15,24,35.6,False,True,hired: Applications.Stage = Hired,trailing 12m to 2026-09-14,Applications.Closed On,distinct candidate record,Candidates.Source as recorded,bucket: Job Board + LinkedIn + Career Site
62.5,15,24,35.6,False,True,hired: Applications.Stage = Hired,trailing 12m to 2026-09-14,Offers.Decision On,distinct candidate record,Candidates.Source as recorded,bucket: Job Board + LinkedIn + Career Site
62.5,15,24,35.6,False,True,hired: Applications.Stage = Hired,trailing 12m to 2026-09-14,Offers.Proposed Start Date,distinct candidate+opening,Candidates.Source as recorded,bucket: Job Board + LinkedIn + Career Site
62.5,15,24,35.6,False,True,offer accepted: Offers.Status = Accepted,all time,none (all time),distinct candidate record,Candidates.Source as recorded,bucket: Job Board + LinkedIn + Career Site
62.5,15,24,35.6,False,True,offer accepted: Offers.Status = Accepted,trailing 12m to 2026-08-27,Offers.Decision On,distinct candidate record,Candidates.Source as recorded,bucket: Job Board + LinkedIn + Career Site
62.5,15,24,35.6,False,True,offer accepted: Offers.Status = Accepted,trailing 12m to 2026-08-27,Offers.Offered On,distinct candidate record,Candidates.Source as recorded,bucket: Job Board + LinkedIn + Career Site
62.5,15,24,35.6,False,True,offer accepted: Offers.Status = Accepted,trailing 12m to 2026-08-27,Offers.Proposed Start Date,application rows,Candidates.Source as recorded,bucket: Job Board + LinkedIn + Career Site
62.5,15,24,35.6,False,True,offer accepted: Offers.Status = Accepted,trailing 12m to 2026-08-27,Offers.Proposed Start Date,distinct candidate+opening,Candidates.Source as recorded,bucket: Job Board + LinkedIn + Career Site
62.5,15,24,35.6,False,True,offer accepted: Offers.Status = Accepted,trailing 12m to 2026-09-14,Offers.Decision On,distinct candidate record,Candidates.Source as recorded,bucket: Job Board + LinkedIn + Career Site
62.5,15,24,35.6,False,True,offer accepted: Offers.Status = Accepted,trailing 12m to 2026-09-14,Offers.Offered On,distinct candidate record,Candidates.Source as recorded,bucket: Job Board + LinkedIn + Career Site
62.5,15,24,35.6,False,True,offer accepted: Offers.Status = Accepted,trailing 12m to 2026-09-14,Offers.Proposed Start Date,distinct candidate+opening,Candidates.Source as recorded,bucket: Job Board + LinkedIn + Career Site
62.5,15,24,35.6,False,True,hire started: Accepted and Proposed Start Date <= 2026-08-27,all time,none (all time),application rows,Candidates.Source as recorded,bucket: Job Board + LinkedIn + Career Site
62.5,15,24,35.6,False,True,hire started: Accepted and Proposed Start Date <= 2026-08-27,all time,none (all time),distinct candidate+opening,Candidates.Source as recorded,bucket: Job Board + LinkedIn + Career Site
62.5,15,24,35.6,False,True,hire started: Accepted and Proposed Start Date <= 2026-08-27,trailing 12m to 2026-08-27,Offers.Proposed Start Date,application rows,Candidates.Source as recorded,bucket: Job Board + LinkedIn + Career Site
62.5,15,24,35.6,False,True,hire started: Accepted and Proposed Start Date <= 2026-08-27,trailing 12m to 2026-08-27,Offers.Proposed Start Date,distinct candidate+opening,Candidates.Source as recorded,bucket: Job Board + LinkedIn + Career Site
62.5,15,24,35.6,False,True,hire started: Accepted and Proposed Start Date <= 2026-08-27,trailing 12m to 2026-09-14,Offers.Proposed Start Date,application rows,Candidates.Source as recorded,bucket: Job Board + LinkedIn + Career Site
62.5,15,24,35.6,False,True,hire started: Accepted and Proposed Start Date <= 2026-08-27,trailing 12m to 2026-09-14,Offers.Proposed Start Date,distinct candidate+opening,Candidates.Source as recorded,bucket: Job Board + LinkedIn + Career Site
62.5,15,24,35.6,False,True,hire started: Accepted and Proposed Start Date <= 2026-09-14,all time,none (all time),distinct candidate+opening,Candidates.Source as recorded,bucket: Job Board + LinkedIn + Career Site
62.5,15,24,35.6,False,True,hire started: Accepted and Proposed Start Date <= 2026-09-14,trailing 12m to 2026-08-27,Offers.Proposed Start Date,application rows,Candidates.Source as recorded,bucket: Job Board + LinkedIn + Career Site
62.5,15,24,35.6,False,True,hire started: Accepted and Proposed Start Date <= 2026-09-14,trailing 12m to 2026-08-27,Offers.Proposed Start Date,distinct candidate+opening,Candidates.Source as recorded,bucket: Job Board + LinkedIn + Career Site
62.5,15,24,35.6,False,True,hire started: Accepted and Proposed Start Date <= 2026-09-14,trailing 12m to 2026-09-14,Offers.Proposed Start Date,distinct candidate+opening,Candidates.Source as recorded,bucket: Job Board + LinkedIn + Career Site
62.5,15,24,35.6,False,True,offer extended: any Offer record,trailing 6m to 2026-08-27,Offers.Offered On,application rows,Candidates.Source as recorded,bucket: Job Board + LinkedIn + Career Site
62.5,15,24,35.6,False,True,offer extended: any Offer record,trailing 6m to 2026-08-27,Offers.Offered On,distinct candidate+opening,Candidates.Source as recorded,bucket: Job Board + LinkedIn + Career Site
62.5,10,16,35.6,False,True,hired: Applications.Stage = Hired,trailing 6m to 2026-08-27,Offers.Proposed Start Date,distinct candidate record,Candidates.Source as recorded,bucket: Job Board + LinkedIn + Career Site
62.5,10,16,35.6,False,True,hired: Applications.Stage = Hired,trailing 6m to 2026-08-27,Offers.Proposed Start Date,distinct person (name+phone),Candidates.Source as recorded,bucket: Job Board + LinkedIn + Career Site
62.5,10,16,35.6,False,True,offer accepted: Offers.Status = Accepted,trailing 6m to 2026-08-27,Offers.Proposed Start Date,distinct candidate record,Candidates.Source as recorded,bucket: Job Board + LinkedIn + Career Site
62.5,10,16,35.6,False,True,offer accepted: Offers.Status = Accepted,trailing 6m to 2026-08-27,Offers.Proposed Start Date,distinct person (name+phone),Candidates.Source as recorded,bucket: Job Board + LinkedIn + Career Site
62.5,10,16,35.6,False,True,hire started: Accepted and Proposed Start Date <= 2026-08-27,trailing 6m to 2026-08-27,Offers.Proposed Start Date,distinct candidate record,Candidates.Source as recorded,bucket: Job Board + LinkedIn + Career Site
62.5,10,16,35.6,False,True,hire started: Accepted and Proposed Start Date <= 2026-08-27,trailing 6m to 2026-08-27,Offers.Proposed Start Date,distinct person (name+phone),Candidates.Source as recorded,bucket: Job Board + LinkedIn + Career Site
62.5,10,16,35.6,False,True,hire started: Accepted and Proposed Start Date <= 2026-09-14,trailing 6m to 2026-08-27,Offers.Proposed Start Date,distinct candidate record,Candidates.Source as recorded,bucket: Job Board + LinkedIn + Career Site
62.5,10,16,35.6,False,True,hire started: Accepted and Proposed Start Date <= 2026-09-14,trailing 6m to 2026-08-27,Offers.Proposed Start Date,distinct person (name+phone),Candidates.Source as recorded,bucket: Job Board + LinkedIn + Career Site
62.5,5,8,35.6,False,True,hired: Applications.Stage = Hired,calendar 2025,Applications.Applied On,application rows,Candidates.Source as recorded,raw Source = Job Board
62.5,5,8,35.6,False,True,hired: Applications.Stage = Hired,calendar 2025,Applications.Applied On,application rows,Candidates.Source as recorded,bucket: Job Board + LinkedIn
62.5,5,8,35.6,False,True,hired: Applications.Stage = Hired,calendar 2025,Applications.Applied On,application rows,Applications.Referred By overrides Source,bucket: Job Board + LinkedIn + Career Site
62.5,5,8,35.6,False,True,hired: Applications.Stage = Hired,calendar 2025,Applications.Applied On,distinct candidate+opening,Candidates.Source as recorded,raw Source = Job Board
62.5,5,8,35.6,False,True,hired: Applications.Stage = Hired,calendar 2025,Applications.Applied On,distinct candidate+opening,Candidates.Source as recorded,bucket: Job Board + LinkedIn
62.5,5,8,35.6,False,True,hired: Applications.Stage = Hired,calendar 2025,Applications.Applied On,distinct candidate+opening,Applications.Referred By overrides Source,bucket: Job Board + LinkedIn + Career Site
62.5,5,8,35.6,False,True,hired: Applications.Stage = Hired,calendar 2025,Applications.Applied On,distinct candidate record,Candidates.Source as recorded,raw Source = Job Board
62.5,5,8,35.6,False,True,hired: Applications.Stage = Hired,calendar 2025,Applications.Applied On,distinct candidate record,Candidates.Source as recorded,bucket: Job Board + LinkedIn
62.5,5,8,35.6,False,True,hired: Applications.Stage = Hired,calendar 2025,Applications.Applied On,distinct candidate record,Applications.Referred By overrides Source,bucket: Job Board + LinkedIn + Career Site
62.5,5,8,35.6,False,True,hired: Applications.Stage = Hired,calendar 2025,Applications.Applied On,distinct person (name+phone),Applications.Referred By overrides Source,raw Source = Job Board
62.5,5,8,35.6,False,True,hired: Applications.Stage = Hired,calendar 2025,Applications.Applied On,distinct person (name+phone),Applications.Referred By overrides Source,bucket: Job Board + LinkedIn
62.5,5,8,35.6,False,True,offer extended: any Offer record,calendar 2025,Offers.Offered On,application rows,Candidates.Source as recorded,bucket: Job Board + LinkedIn
62.5,5,8,35.6,False,True,offer extended: any Offer record,calendar 2025,Offers.Offered On,application rows,Applications.Referred By overrides Source,bucket: Job Board + LinkedIn + Career Site
62.5,5,8,35.6,False,True,offer extended: any Offer record,calendar 2025,Offers.Offered On,distinct candidate+opening,Candidates.Source as recorded,bucket: Job Board + LinkedIn
62.5,5,8,35.6,False,True,offer extended: any Offer record,calendar 2025,Offers.Offered On,distinct candidate+opening,Applications.Referred By overrides Source,bucket: Job Board + LinkedIn + Career Site
62.5,5,8,35.6,False,True,offer extended: any Offer record,calendar 2025,Offers.Offered On,distinct candidate record,Candidates.Source as recorded,bucket: Job Board + LinkedIn
62.5,5,8,35.6,False,True,offer extended: any Offer record,calendar 2025,Offers.Offered On,distinct candidate record,Applications.Referred By overrides Source,bucket: Job Board + LinkedIn + Career Site
62.5,5,8,35.6,False,True,offer extended: any Offer record,calendar 2025,Offers.Offered On,distinct person (name+phone),Candidates.Source as recorded,raw Source = Job Board
62.5,5,8,35.6,False,True,offer extended: any Offer record,calendar 2025,Offers.Offered On,distinct person (name+phone),Applications.Referred By overrides Source,bucket: Job Board + LinkedIn
62.54,217,347,35.64,False,False,application: every Applications row,all time,none (all time),distinct candidate+opening,Applications.Referred By overrides Source,raw Source = Job Board
62.54,207,331,35.64,False,False,application: every Applications row,trailing 12m to 2026-08-27,Applications.Applied On,distinct candidate+opening,Applications.Referred By overrides Source,raw Source = Job Board
62.57,219,350,35.67,False,False,application: every Applications row,all time,none (all time),application rows,Applications.Referred By overrides Source,raw Source = Job Board
62.57,209,334,35.67,False,False,application: every Applications row,trailing 12m to 2026-08-27,Applications.Applied On,application rows,Applications.Referred By overrides Source,raw Source = Job Board
62.6,82,131,35.7,False,False,candidate: every Candidates record,2026 YTD to 2026-09-14,Candidates.Created On,distinct candidate record,Candidates.Source as recorded,raw Source = Job Board
62.8,206,328,35.9,False,False,application: every Applications row,trailing 12m to 2026-09-14,Applications.Applied On,application rows,Applications.Referred By overrides Source,raw Source = Job Board
62.85,159,253,35.95,False,False,application: every Applications row,2026 YTD to 2026-09-14,Applications.Applied On,distinct candidate record,Applications.Referred By overrides Source,raw Source = Job Board
62.88,205,326,35.98,False,False,application: every Applications row,trailing 12m to 2026-09-14,Applications.Applied On,distinct candidate+opening,Applications.Referred By overrides Source,raw Source = Job Board
62.92,56,89,36.02,False,False,candidate: every Candidates record,trailing 6m to 2026-08-27,Candidates.Created On,distinct person (name+phone),Candidates.Source as recorded,raw Source = Job Board
62.96,17,27,36.06,False,True,offer extended: any Offer record,2026 YTD to 2026-09-14,Offers.Offered On,distinct candidate+opening,Candidates.Source as recorded,bucket: Job Board + LinkedIn + Career Site
63.08,82,130,36.18,False,False,candidate: every Candidates record,2026 YTD to 2026-09-14,Candidates.Created On,distinct person (name+phone),Candidates.Source as recorded,raw Source = Job Board
63.16,12,19,36.26,False,True,hired: Applications.Stage = Hired,2026 YTD to 2026-09-14,Offers.Proposed Start Date,distinct candidate+opening,Candidates.Source as recorded,bucket: Job Board + LinkedIn + Career Site
63.16,12,19,36.26,False,True,offer accepted: Offers.Status = Accepted,2026 YTD to 2026-09-14,Offers.Proposed Start Date,distinct candidate+opening,Candidates.Source as recorded,bucket: Job Board + LinkedIn + Career Site
63.16,12,19,36.26,False,True,hire started: Accepted and Proposed Start Date <= 2026-08-27,2026 YTD to 2026-09-14,Offers.Proposed Start Date,application rows,Candidates.Source as recorded,bucket: Job Board + LinkedIn + Career Site
63.16,12,19,36.26,False,True,hire started: Accepted and Proposed Start Date <= 2026-08-27,2026 YTD to 2026-09-14,Offers.Proposed Start Date,distinct candidate+opening,Candidates.Source as recorded,bucket: Job Board + LinkedIn + Career Site
63.16,12,19,36.26,False,True,hire started: Accepted and Proposed Start Date <= 2026-09-14,2026 YTD to 2026-09-14,Offers.Proposed Start Date,distinct candidate+opening,Candidates.Source as recorded,bucket: Job Board + LinkedIn + Career Site
63.27,186,294,36.37,False,False,application: every Applications row,all time,none (all time),distinct person (name+phone),Candidates.Source as recorded,raw Source = Job Board
63.27,186,294,36.37,False,False,candidate: every Candidates record,all time,none (all time),distinct person (name+phone),Candidates.Source as recorded,raw Source = Job Board
63.35,178,281,36.45,False,False,application: every Applications row,trailing 12m to 2026-08-27,Applications.Applied On,distinct person (name+phone),Candidates.Source as recorded,raw Source = Job Board
63.49,120,189,36.59,False,False,candidate: every Candidates record,trailing 12m to 2026-08-27,Candidates.Created On,distinct candidate record,Candidates.Source as recorded,raw Source = Job Board
63.64,14,22,36.74,False,True,offer extended: any Offer record,trailing 6m to 2026-09-14,Offers.Offered On,distinct candidate record,Candidates.Source as recorded,bucket: Job Board + LinkedIn + Career Site
63.64,14,22,36.74,False,True,offer extended: any Offer record,trailing 6m to 2026-09-14,Offers.Offered On,distinct candidate record,Applications.Referred By overrides Source,bucket: Job Board + LinkedIn + Career Site
63.64,14,22,36.74,False,True,offer extended: any Offer record,trailing 6m to 2026-09-14,Offers.Offered On,distinct person (name+phone),Candidates.Source as recorded,bucket: Job Board + LinkedIn + Career Site
63.64,14,22,36.74,False,True,offer extended: any Offer record,trailing 6m to 2026-09-14,Offers.Offered On,distinct person (name+phone),Applications.Referred By overrides Source,bucket: Job Board + LinkedIn + Career Site
63.64,7,11,36.74,False,True,hired: Applications.Stage = Hired,trailing 3m to 2026-09-14,Offers.Proposed Start Date,application rows,Candidates.Source as recorded,bucket: Job Board + LinkedIn + Career Site
63.64,7,11,36.74,False,True,hired: Applications.Stage = Hired,trailing 3m to 2026-09-14,Offers.Proposed Start Date,application rows,Applications.Referred By overrides Source,bucket: Job Board + LinkedIn + Career Site
63.64,7,11,36.74,False,True,hired: Applications.Stage = Hired,trailing 3m to 2026-09-14,Offers.Proposed Start Date,distinct candidate+opening,Candidates.Source as recorded,bucket: Job Board + LinkedIn + Career Site
63.64,7,11,36.74,False,True,hired: Applications.Stage = Hired,trailing 3m to 2026-09-14,Offers.Proposed Start Date,distinct candidate+opening,Applications.Referred By overrides Source,bucket: Job Board + LinkedIn + Career Site
63.64,7,11,36.74,False,True,hired: Applications.Stage = Hired,trailing 3m to 2026-09-14,Offers.Proposed Start Date,distinct candidate record,Candidates.Source as recorded,bucket: Job Board + LinkedIn + Career Site
63.64,7,11,36.74,False,True,hired: Applications.Stage = Hired,trailing 3m to 2026-09-14,Offers.Proposed Start Date,distinct candidate record,Applications.Referred By overrides Source,bucket: Job Board + LinkedIn + Career Site
63.64,7,11,36.74,False,True,hired: Applications.Stage = Hired,trailing 3m to 2026-09-14,Offers.Proposed Start Date,distinct person (name+phone),Candidates.Source as recorded,bucket: Job Board + LinkedIn + Career Site
63.64,7,11,36.74,False,True,hired: Applications.Stage = Hired,trailing 3m to 2026-09-14,Offers.Proposed Start Date,distinct person (name+phone),Applications.Referred By overrides Source,bucket: Job Board + LinkedIn + Career Site
63.64,7,11,36.74,False,True,offer accepted: Offers.Status = Accepted,trailing 3m to 2026-09-14,Offers.Proposed Start Date,application rows,Candidates.Source as recorded,bucket: Job Board + LinkedIn + Career Site
63.64,7,11,36.74,False,True,offer accepted: Offers.Status = Accepted,trailing 3m to 2026-09-14,Offers.Proposed Start Date,application rows,Applications.Referred By overrides Source,bucket: Job Board + LinkedIn + Career Site
63.64,7,11,36.74,False,True,offer accepted: Offers.Status = Accepted,trailing 3m to 2026-09-14,Offers.Proposed Start Date,distinct candidate+opening,Candidates.Source as recorded,bucket: Job Board + LinkedIn + Career Site
63.64,7,11,36.74,False,True,offer accepted: Offers.Status = Accepted,trailing 3m to 2026-09-14,Offers.Proposed Start Date,distinct candidate+opening,Applications.Referred By overrides Source,bucket: Job Board + LinkedIn + Career Site
63.64,7,11,36.74,False,True,offer accepted: Offers.Status = Accepted,trailing 3m to 2026-09-14,Offers.Proposed Start Date,distinct candidate record,Candidates.Source as recorded,bucket: Job Board + LinkedIn + Career Site
63.64,7,11,36.74,False,True,offer accepted: Offers.Status = Accepted,trailing 3m to 2026-09-14,Offers.Proposed Start Date,distinct candidate record,Applications.Referred By overrides Source,bucket: Job Board + LinkedIn + Career Site
63.64,7,11,36.74,False,True,offer accepted: Offers.Status = Accepted,trailing 3m to 2026-09-14,Offers.Proposed Start Date,distinct person (name+phone),Candidates.Source as recorded,bucket: Job Board + LinkedIn + Career Site
63.64,7,11,36.74,False,True,offer accepted: Offers.Status = Accepted,trailing 3m to 2026-09-14,Offers.Proposed Start Date,distinct person (name+phone),Applications.Referred By overrides Source,bucket: Job Board + LinkedIn + Career Site
63.64,7,11,36.74,False,True,hire started: Accepted and Proposed Start Date <= 2026-09-14,trailing 3m to 2026-09-14,Offers.Proposed Start Date,application rows,Candidates.Source as recorded,bucket: Job Board + LinkedIn + Career Site
63.64,7,11,36.74,False,True,hire started: Accepted and Proposed Start Date <= 2026-09-14,trailing 3m to 2026-09-14,Offers.Proposed Start Date,application rows,Applications.Referred By overrides Source,bucket: Job Board + LinkedIn + Career Site
63.64,7,11,36.74,False,True,hire started: Accepted and Proposed Start Date <= 2026-09-14,trailing 3m to 2026-09-14,Offers.Proposed Start Date,distinct candidate+opening,Candidates.Source as recorded,bucket: Job Board + LinkedIn + Career Site
63.64,7,11,36.74,False,True,hire started: Accepted and Proposed Start Date <= 2026-09-14,trailing 3m to 2026-09-14,Offers.Proposed Start Date,distinct candidate+opening,Applications.Referred By overrides Source,bucket: Job Board + LinkedIn + Career Site
63.64,7,11,36.74,False,True,hire started: Accepted and Proposed Start Date <= 2026-09-14,trailing 3m to 2026-09-14,Offers.Proposed Start Date,distinct candidate record,Candidates.Source as recorded,bucket: Job Board + LinkedIn + Career Site
63.64,7,11,36.74,False,True,hire started: Accepted and Proposed Start Date <= 2026-09-14,trailing 3m to 2026-09-14,Offers.Proposed Start Date,distinct candidate record,Applications.Referred By overrides Source,bucket: Job Board + LinkedIn + Career Site
63.64,7,11,36.74,False,True,hire started: Accepted and Proposed Start Date <= 2026-09-14,trailing 3m to 2026-09-14,Offers.Proposed Start Date,distinct person (name+phone),Candidates.Source as recorded,bucket: Job Board + LinkedIn + Career Site
63.64,7,11,36.74,False,True,hire started: Accepted and Proposed Start Date <= 2026-09-14,trailing 3m to 2026-09-14,Offers.Proposed Start Date,distinct person (name+phone),Applications.Referred By overrides Source,bucket: Job Board + LinkedIn + Career Site
63.67,191,300,36.77,False,False,application: every Applications row,all time,none (all time),distinct candidate record,Candidates.Source as recorded,raw Source = Job Board
63.67,191,300,36.77,False,False,candidate: every Candidates record,all time,none (all time),distinct candidate record,Candidates.Source as recorded,raw Source = Job Board
63.76,183,287,36.86,False,False,application: every Applications row,trailing 12m to 2026-08-27,Applications.Applied On,distinct candidate record,Candidates.Source as recorded,raw Source = Job Board
63.8,178,279,36.9,False,False,application: every Applications row,trailing 12m to 2026-09-14,Applications.Applied On,distinct person (name+phone),Candidates.Source as recorded,raw Source = Job Board
63.81,134,210,36.91,False,False,application: every Applications row,trailing 6m to 2026-08-27,Applications.Applied On,distinct person (name+phone),Applications.Referred By overrides Source,raw Source = Job Board
63.83,120,188,36.93,False,False,candidate: every Candidates record,trailing 12m to 2026-08-27,Candidates.Created On,distinct person (name+phone),Candidates.Source as recorded,raw Source = Job Board
63.86,106,166,36.96,False,False,candidate: every Candidates record,calendar 2025,Candidates.Created On,distinct person (name+phone),Candidates.Source as recorded,raw Source = Job Board
63.89,23,36,36.99,False,False,offer extended: any Offer record,all time,none (all time),application rows,Candidates.Source as recorded,bucket: Job Board + LinkedIn + Career Site
63.89,23,36,36.99,False,False,offer extended: any Offer record,trailing 12m to 2026-08-27,Offers.Offered On,application rows,Candidates.Source as recorded,bucket: Job Board + LinkedIn + Career Site
63.89,23,36,36.99,False,False,offer extended: any Offer record,trailing 12m to 2026-09-14,Offers.Offered On,application rows,Candidates.Source as recorded,bucket: Job Board + LinkedIn + Career Site
63.93,117,183,37.03,False,False,candidate: every Candidates record,trailing 12m to 2026-09-14,Candidates.Created On,distinct candidate record,Candidates.Source as recorded,raw Source = Job Board
63.98,135,211,37.08,False,False,application: every Applications row,trailing 6m to 2026-08-27,Applications.Applied On,distinct candidate record,Applications.Referred By overrides Source,raw Source = Job Board
64.21,183,285,37.31,False,False,application: every Applications row,trailing 12m to 2026-09-14,Applications.Applied On,distinct candidate record,Candidates.Source as recorded,raw Source = Job Board
64.29,117,182,37.39,False,False,candidate: every Candidates record,trailing 12m to 2026-09-14,Candidates.Created On,distinct person (name+phone),Candidates.Source as recorded,raw Source = Job Board
64.29,45,70,37.39,False,False,application: every Applications row,calendar 2025,Applications.Applied On,distinct candidate record,Candidates.Source as recorded,raw Source = Job Board
64.39,179,278,37.49,False,False,application: every Applications row,2026 YTD to 2026-09-14,Applications.Applied On,application rows,Applications.Referred By overrides Source,raw Source = Job Board
64.39,132,205,37.49,False,False,application: every Applications row,trailing 6m to 2026-09-14,Applications.Applied On,distinct person (name+phone),Applications.Referred By overrides Source,raw Source = Job Board
64.5,109,169,37.6,False,False,candidate: every Candidates record,calendar 2025,Candidates.Created On,distinct candidate record,Candidates.Source as recorded,raw Source = Job Board
64.56,133,206,37.66,False,False,application: every Applications row,trailing 6m to 2026-09-14,Applications.Applied On,distinct candidate record,Applications.Referred By overrides Source,raw Source = Job Board
64.62,179,277,37.72,False,False,application: every Applications row,2026 YTD to 2026-09-14,Applications.Applied On,distinct candidate+opening,Applications.Referred By overrides Source,raw Source = Job Board
64.71,44,68,37.81,False,False,application: every Applications row,calendar 2025,Applications.Applied On,distinct person (name+phone),Candidates.Source as recorded,raw Source = Job Board
64.79,46,71,37.89,False,False,application: every Applications row,calendar 2025,Applications.Applied On,distinct candidate+opening,Candidates.Source as recorded,raw Source = Job Board
65.22,15,23,38.32,False,True,hired: Applications.Stage = Hired,trailing 12m to 2026-08-27,Offers.Proposed Start Date,distinct candidate record,Candidates.Source as recorded,bucket: Job Board + LinkedIn + Career Site
65.22,15,23,38.32,False,True,hired: Applications.Stage = Hired,trailing 12m to 2026-09-14,Applications.Applied On,distinct person (name+phone),Candidates.Source as recorded,bucket: Job Board + LinkedIn + Career Site
65.22,15,23,38.32,False,True,hired: Applications.Stage = Hired,trailing 12m to 2026-09-14,Offers.Proposed Start Date,distinct candidate record,Candidates.Source as recorded,bucket: Job Board + LinkedIn + Career Site
65.22,15,23,38.32,False,True,offer accepted: Offers.Status = Accepted,trailing 12m to 2026-08-27,Offers.Proposed Start Date,distinct candidate record,Candidates.Source as recorded,bucket: Job Board + LinkedIn + Career Site
65.22,15,23,38.32,False,True,offer accepted: Offers.Status = Accepted,trailing 12m to 2026-09-14,Offers.Proposed Start Date,distinct candidate record,Candidates.Source as recorded,bucket: Job Board + LinkedIn + Career Site
65.22,15,23,38.32,False,True,hire started: Accepted and Proposed Start Date <= 2026-08-27,all time,none (all time),distinct candidate record,Candidates.Source as recorded,bucket: Job Board + LinkedIn + Career Site
65.22,15,23,38.32,False,True,hire started: Accepted and Proposed Start Date <= 2026-08-27,trailing 12m to 2026-08-27,Offers.Proposed Start Date,distinct candidate record,Candidates.Source as recorded,bucket: Job Board + LinkedIn + Career Site
65.22,15,23,38.32,False,True,hire started: Accepted and Proposed Start Date <= 2026-08-27,trailing 12m to 2026-09-14,Offers.Proposed Start Date,distinct candidate record,Candidates.Source as recorded,bucket: Job Board + LinkedIn + Career Site
65.22,15,23,38.32,False,True,hire started: Accepted and Proposed Start Date <= 2026-09-14,all time,none (all time),distinct candidate record,Candidates.Source as recorded,bucket: Job Board + LinkedIn + Career Site
65.22,15,23,38.32,False,True,hire started: Accepted and Proposed Start Date <= 2026-09-14,trailing 12m to 2026-08-27,Offers.Proposed Start Date,distinct candidate record,Candidates.Source as recorded,bucket: Job Board + LinkedIn + Career Site
65.22,15,23,38.32,False,True,hire started: Accepted and Proposed Start Date <= 2026-09-14,trailing 12m to 2026-09-14,Offers.Proposed Start Date,distinct candidate record,Candidates.Source as recorded,bucket: Job Board + LinkedIn + Career Site
65.22,15,23,38.32,False,True,offer extended: any Offer record,trailing 6m to 2026-08-27,Offers.Offered On,distinct candidate record,Candidates.Source as recorded,bucket: Job Board + LinkedIn + Career Site
65.22,15,23,38.32,False,True,offer extended: any Offer record,trailing 6m to 2026-08-27,Offers.Offered On,distinct person (name+phone),Candidates.Source as recorded,bucket: Job Board + LinkedIn + Career Site
65.28,47,72,38.38,False,False,application: every Applications row,calendar 2025,Applications.Applied On,application rows,Candidates.Source as recorded,raw Source = Job Board
65.38,17,26,38.48,False,True,offer extended: any Offer record,2026 YTD to 2026-09-14,Offers.Offered On,distinct candidate record,Candidates.Source as recorded,bucket: Job Board + LinkedIn + Career Site
65.62,21,32,38.73,False,False,offer extended: any Offer record,all time,none (all time),distinct candidate record,Candidates.Source as recorded,bucket: Job Board + LinkedIn + Career Site
65.62,21,32,38.73,False,False,offer extended: any Offer record,trailing 12m to 2026-08-27,Offers.Offered On,distinct candidate record,Candidates.Source as recorded,bucket: Job Board + LinkedIn + Career Site
65.62,21,32,38.73,False,False,offer extended: any Offer record,trailing 12m to 2026-09-14,Offers.Offered On,distinct candidate record,Candidates.Source as recorded,bucket: Job Board + LinkedIn + Career Site
65.71,23,35,38.81,False,False,offer extended: any Offer record,all time,none (all time),distinct candidate+opening,Candidates.Source as recorded,bucket: Job Board + LinkedIn + Career Site
65.71,23,35,38.81,False,False,offer extended: any Offer record,trailing 12m to 2026-08-27,Offers.Offered On,distinct candidate+opening,Candidates.Source as recorded,bucket: Job Board + LinkedIn + Career Site
65.71,23,35,38.81,False,False,offer extended: any Offer record,trailing 12m to 2026-09-14,Offers.Offered On,distinct candidate+opening,Candidates.Source as recorded,bucket: Job Board + LinkedIn + Career Site
65.73,163,248,38.83,False,False,application: every Applications row,2026 YTD to 2026-09-14,Applications.Applied On,distinct person (name+phone),Candidates.Source as recorded,raw Source = Job Board
66.0,33,50,39.1,False,False,candidate: every Candidates record,trailing 3m to 2026-08-27,Candidates.Created On,distinct candidate record,Applications.Referred By overrides Source,bucket: Job Board + LinkedIn
66.0,33,50,39.1,False,False,candidate: every Candidates record,trailing 3m to 2026-08-27,Candidates.Created On,distinct person (name+phone),Applications.Referred By overrides Source,bucket: Job Board + LinkedIn
66.01,167,253,39.11,False,False,application: every Applications row,2026 YTD to 2026-09-14,Applications.Applied On,distinct candidate record,Candidates.Source as recorded,raw Source = Job Board
66.09,152,230,39.19,False,False,application: every Applications row,trailing 6m to 2026-08-27,Applications.Applied On,application rows,Applications.Referred By overrides Source,raw Source = Job Board
66.09,152,230,39.19,False,False,application: every Applications row,trailing 6m to 2026-08-27,Applications.Applied On,distinct candidate+opening,Applications.Referred By overrides Source,raw Source = Job Board
66.67,150,225,39.77,False,False,application: every Applications row,trailing 6m to 2026-09-14,Applications.Applied On,application rows,Applications.Referred By overrides Source,raw Source = Job Board
66.67,150,225,39.77,False,False,application: every Applications row,trailing 6m to 2026-09-14,Applications.Applied On,distinct candidate+opening,Applications.Referred By overrides Source,raw Source = Job Board
66.67,140,210,39.77,False,False,application: every Applications row,trailing 6m to 2026-08-27,Applications.Applied On,distinct person (name+phone),Candidates.Source as recorded,raw Source = Job Board
66.67,58,87,39.77,False,False,candidate: every Candidates record,trailing 6m to 2026-09-14,Candidates.Created On,distinct candidate record,Applications.Referred By overrides Source,bucket: Job Board + LinkedIn
66.67,28,42,39.77,False,False,candidate: every Candidates record,trailing 3m to 2026-09-14,Candidates.Created On,distinct candidate record,Applications.Referred By overrides Source,bucket: Job Board + LinkedIn
66.67,28,42,39.77,False,False,candidate: every Candidates record,trailing 3m to 2026-09-14,Candidates.Created On,distinct person (name+phone),Applications.Referred By overrides Source,bucket: Job Board + LinkedIn
66.67,16,24,39.77,False,True,hired: Applications.Stage = Hired,all time,none (all time),distinct person (name+phone),Candidates.Source as recorded,bucket: Job Board + LinkedIn + Career Site
66.67,16,24,39.77,False,True,hired: Applications.Stage = Hired,trailing 12m to 2026-08-27,Applications.Closed On,distinct person (name+phone),Candidates.Source as recorded,bucket: Job Board + LinkedIn + Career Site
66.67,16,24,39.77,False,True,hired: Applications.Stage = Hired,trailing 12m to 2026-08-27,Applications.Applied On,distinct person (name+phone),Candidates.Source as recorded,bucket: Job Board + LinkedIn + Career Site
66.67,16,24,39.77,False,True,hired: Applications.Stage = Hired,trailing 12m to 2026-08-27,Offers.Decision On,distinct person (name+phone),Candidates.Source as recorded,bucket: Job Board + LinkedIn + Career Site
66.67,16,24,39.77,False,True,hired: Applications.Stage = Hired,trailing 12m to 2026-09-14,Applications.Closed On,distinct person (name+phone),Candidates.Source as recorded,bucket: Job Board + LinkedIn + Career Site
66.67,16,24,39.77,False,True,hired: Applications.Stage = Hired,trailing 12m to 2026-09-14,Offers.Decision On,distinct person (name+phone),Candidates.Source as recorded,bucket: Job Board + LinkedIn + Career Site
66.67,16,24,39.77,False,True,offer accepted: Offers.Status = Accepted,all time,none (all time),distinct person (name+phone),Candidates.Source as recorded,bucket: Job Board + LinkedIn + Career Site
66.67,16,24,39.77,False,True,offer accepted: Offers.Status = Accepted,trailing 12m to 2026-08-27,Offers.Decision On,distinct person (name+phone),Candidates.Source as recorded,bucket: Job Board + LinkedIn + Career Site
66.67,16,24,39.77,False,True,offer accepted: Offers.Status = Accepted,trailing 12m to 2026-08-27,Offers.Offered On,distinct person (name+phone),Candidates.Source as recorded,bucket: Job Board + LinkedIn + Career Site
66.67,16,24,39.77,False,True,offer accepted: Offers.Status = Accepted,trailing 12m to 2026-09-14,Offers.Decision On,distinct person (name+phone),Candidates.Source as recorded,bucket: Job Board + LinkedIn + Career Site
66.67,16,24,39.77,False,True,offer accepted: Offers.Status = Accepted,trailing 12m to 2026-09-14,Offers.Offered On,distinct person (name+phone),Candidates.Source as recorded,bucket: Job Board + LinkedIn + Career Site
66.67,12,18,39.77,False,True,hired: Applications.Stage = Hired,2026 YTD to 2026-09-14,Offers.Proposed Start Date,distinct candidate record,Candidates.Source as recorded,bucket: Job Board + LinkedIn + Career Site
66.67,12,18,39.77,False,True,hired: Applications.Stage = Hired,2026 YTD to 2026-09-14,Offers.Proposed Start Date,distinct person (name+phone),Candidates.Source as recorded,bucket: Job Board + LinkedIn + Career Site
66.67,12,18,39.77,False,True,offer accepted: Offers.Status = Accepted,2026 YTD to 2026-09-14,Offers.Proposed Start Date,distinct candidate record,Candidates.Source as recorded,bucket: Job Board + LinkedIn + Career Site
66.67,12,18,39.77,False,True,offer accepted: Offers.Status = Accepted,2026 YTD to 2026-09-14,Offers.Proposed Start Date,distinct person (name+phone),Candidates.Source as recorded,bucket: Job Board + LinkedIn + Career Site
66.67,12,18,39.77,False,True,hire started: Accepted and Proposed Start Date <= 2026-08-27,2026 YTD to 2026-09-14,Offers.Proposed Start Date,distinct candidate record,Candidates.Source as recorded,bucket: Job Board + LinkedIn + Career Site
66.67,12,18,39.77,False,True,hire started: Accepted and Proposed Start Date <= 2026-08-27,2026 YTD to 2026-09-14,Offers.Proposed Start Date,distinct person (name+phone),Candidates.Source as recorded,bucket: Job Board + LinkedIn + Career Site
66.67,12,18,39.77,False,True,hire started: Accepted and Proposed Start Date <= 2026-09-14,2026 YTD to 2026-09-14,Offers.Proposed Start Date,distinct candidate record,Candidates.Source as recorded,bucket: Job Board + LinkedIn + Career Site
66.67,12,18,39.77,False,True,hire started: Accepted and Proposed Start Date <= 2026-09-14,2026 YTD to 2026-09-14,Offers.Proposed Start Date,distinct person (name+phone),Candidates.Source as recorded,bucket: Job Board + LinkedIn + Career Site
66.67,8,12,39.77,False,True,hired: Applications.Stage = Hired,trailing 3m to 2026-08-27,Offers.Proposed Start Date,application rows,Candidates.Source as recorded,bucket: Job Board + LinkedIn + Career Site
66.67,8,12,39.77,False,True,hired: Applications.Stage = Hired,trailing 3m to 2026-08-27,Offers.Proposed Start Date,application rows,Applications.Referred By overrides Source,bucket: Job Board + LinkedIn + Career Site
66.67,8,12,39.77,False,True,hired: Applications.Stage = Hired,trailing 3m to 2026-08-27,Offers.Proposed Start Date,distinct candidate+opening,Candidates.Source as recorded,bucket: Job Board + LinkedIn + Career Site
66.67,8,12,39.77,False,True,hired: Applications.Stage = Hired,trailing 3m to 2026-08-27,Offers.Proposed Start Date,distinct candidate+opening,Applications.Referred By overrides Source,bucket: Job Board + LinkedIn + Career Site
66.67,8,12,39.77,False,True,hired: Applications.Stage = Hired,trailing 3m to 2026-08-27,Offers.Proposed Start Date,distinct candidate record,Candidates.Source as recorded,bucket: Job Board + LinkedIn + Career Site
66.67,8,12,39.77,False,True,hired: Applications.Stage = Hired,trailing 3m to 2026-08-27,Offers.Proposed Start Date,distinct candidate record,Applications.Referred By overrides Source,bucket: Job Board + LinkedIn + Career Site
66.67,8,12,39.77,False,True,hired: Applications.Stage = Hired,trailing 3m to 2026-08-27,Offers.Proposed Start Date,distinct person (name+phone),Candidates.Source as recorded,bucket: Job Board + LinkedIn + Career Site
66.67,8,12,39.77,False,True,hired: Applications.Stage = Hired,trailing 3m to 2026-08-27,Offers.Proposed Start Date,distinct person (name+phone),Applications.Referred By overrides Source,bucket: Job Board + LinkedIn + Career Site
66.67,8,12,39.77,False,True,offer accepted: Offers.Status = Accepted,trailing 3m to 2026-08-27,Offers.Proposed Start Date,application rows,Candidates.Source as recorded,bucket: Job Board + LinkedIn + Career Site
66.67,8,12,39.77,False,True,offer accepted: Offers.Status = Accepted,trailing 3m to 2026-08-27,Offers.Proposed Start Date,application rows,Applications.Referred By overrides Source,bucket: Job Board + LinkedIn + Career Site
66.67,8,12,39.77,False,True,offer accepted: Offers.Status = Accepted,trailing 3m to 2026-08-27,Offers.Proposed Start Date,distinct candidate+opening,Candidates.Source as recorded,bucket: Job Board + LinkedIn + Career Site
66.67,8,12,39.77,False,True,offer accepted: Offers.Status = Accepted,trailing 3m to 2026-08-27,Offers.Proposed Start Date,distinct candidate+opening,Applications.Referred By overrides Source,bucket: Job Board + LinkedIn + Career Site
66.67,8,12,39.77,False,True,offer accepted: Offers.Status = Accepted,trailing 3m to 2026-08-27,Offers.Proposed Start Date,distinct candidate record,Candidates.Source as recorded,bucket: Job Board + LinkedIn + Career Site
66.67,8,12,39.77,False,True,offer accepted: Offers.Status = Accepted,trailing 3m to 2026-08-27,Offers.Proposed Start Date,distinct candidate record,Applications.Referred By overrides Source,bucket: Job Board + LinkedIn + Career Site
66.67,8,12,39.77,False,True,offer accepted: Offers.Status = Accepted,trailing 3m to 2026-08-27,Offers.Proposed Start Date,distinct person (name+phone),Candidates.Source as recorded,bucket: Job Board + LinkedIn + Career Site
66.67,8,12,39.77,False,True,offer accepted: Offers.Status = Accepted,trailing 3m to 2026-08-27,Offers.Proposed Start Date,distinct person (name+phone),Applications.Referred By overrides Source,bucket: Job Board + LinkedIn + Career Site
66.67,8,12,39.77,False,True,hire started: Accepted and Proposed Start Date <= 2026-08-27,trailing 3m to 2026-08-27,Offers.Proposed Start Date,application rows,Candidates.Source as recorded,bucket: Job Board + LinkedIn + Career Site
66.67,8,12,39.77,False,True,hire started: Accepted and Proposed Start Date <= 2026-08-27,trailing 3m to 2026-08-27,Offers.Proposed Start Date,application rows,Applications.Referred By overrides Source,bucket: Job Board + LinkedIn + Career Site
66.67,8,12,39.77,False,True,hire started: Accepted and Proposed Start Date <= 2026-08-27,trailing 3m to 2026-08-27,Offers.Proposed Start Date,distinct candidate+opening,Candidates.Source as recorded,bucket: Job Board + LinkedIn + Career Site
66.67,8,12,39.77,False,True,hire started: Accepted and Proposed Start Date <= 2026-08-27,trailing 3m to 2026-08-27,Offers.Proposed Start Date,distinct candidate+opening,Applications.Referred By overrides Source,bucket: Job Board + LinkedIn + Career Site
66.67,8,12,39.77,False,True,hire started: Accepted and Proposed Start Date <= 2026-08-27,trailing 3m to 2026-08-27,Offers.Proposed Start Date,distinct candidate record,Candidates.Source as recorded,bucket: Job Board + LinkedIn + Career Site
66.67,8,12,39.77,False,True,hire started: Accepted and Proposed Start Date <= 2026-08-27,trailing 3m to 2026-08-27,Offers.Proposed Start Date,distinct candidate record,Applications.Referred By overrides Source,bucket: Job Board + LinkedIn + Career Site
66.67,8,12,39.77,False,True,hire started: Accepted and Proposed Start Date <= 2026-08-27,trailing 3m to 2026-08-27,Offers.Proposed Start Date,distinct person (name+phone),Candidates.Source as recorded,bucket: Job Board + LinkedIn + Career Site
66.67,8,12,39.77,False,True,hire started: Accepted and Proposed Start Date <= 2026-08-27,trailing 3m to 2026-08-27,Offers.Proposed Start Date,distinct person (name+phone),Applications.Referred By overrides Source,bucket: Job Board + LinkedIn + Career Site
66.67,8,12,39.77,False,True,hire started: Accepted and Proposed Start Date <= 2026-09-14,trailing 3m to 2026-08-27,Offers.Proposed Start Date,application rows,Candidates.Source as recorded,bucket: Job Board + LinkedIn + Career Site
66.67,8,12,39.77,False,True,hire started: Accepted and Proposed Start Date <= 2026-09-14,trailing 3m to 2026-08-27,Offers.Proposed Start Date,application rows,Applications.Referred By overrides Source,bucket: Job Board + LinkedIn + Career Site
66.67,8,12,39.77,False,True,hire started: Accepted and Proposed Start Date <= 2026-09-14,trailing 3m to 2026-08-27,Offers.Proposed Start Date,distinct candidate+opening,Candidates.Source as recorded,bucket: Job Board + LinkedIn + Career Site
66.67,8,12,39.77,False,True,hire started: Accepted and Proposed Start Date <= 2026-09-14,trailing 3m to 2026-08-27,Offers.Proposed Start Date,distinct candidate+opening,Applications.Referred By overrides Source,bucket: Job Board + LinkedIn + Career Site
66.67,8,12,39.77,False,True,hire started: Accepted and Proposed Start Date <= 2026-09-14,trailing 3m to 2026-08-27,Offers.Proposed Start Date,distinct candidate record,Candidates.Source as recorded,bucket: Job Board + LinkedIn + Career Site
66.67,8,12,39.77,False,True,hire started: Accepted and Proposed Start Date <= 2026-09-14,trailing 3m to 2026-08-27,Offers.Proposed Start Date,distinct candidate record,Applications.Referred By overrides Source,bucket: Job Board + LinkedIn + Career Site
66.67,8,12,39.77,False,True,hire started: Accepted and Proposed Start Date <= 2026-09-14,trailing 3m to 2026-08-27,Offers.Proposed Start Date,distinct person (name+phone),Candidates.Source as recorded,bucket: Job Board + LinkedIn + Career Site
66.67,8,12,39.77,False,True,hire started: Accepted and Proposed Start Date <= 2026-09-14,trailing 3m to 2026-08-27,Offers.Proposed Start Date,distinct person (name+phone),Applications.Referred By overrides Source,bucket: Job Board + LinkedIn + Career Site
66.67,4,6,39.77,False,True,hired: Applications.Stage = Hired,calendar 2025,Offers.Decision On,application rows,Candidates.Source as recorded,raw Source = Job Board
66.67,4,6,39.77,False,True,hired: Applications.Stage = Hired,calendar 2025,Offers.Decision On,application rows,Candidates.Source as recorded,bucket: Job Board + LinkedIn
66.67,4,6,39.77,False,True,hired: Applications.Stage = Hired,calendar 2025,Offers.Decision On,application rows,Applications.Referred By overrides Source,bucket: Job Board + LinkedIn + Career Site
66.67,4,6,39.77,False,True,hired: Applications.Stage = Hired,calendar 2025,Offers.Decision On,distinct candidate+opening,Candidates.Source as recorded,raw Source = Job Board
66.67,4,6,39.77,False,True,hired: Applications.Stage = Hired,calendar 2025,Offers.Decision On,distinct candidate+opening,Candidates.Source as recorded,bucket: Job Board + LinkedIn
66.67,4,6,39.77,False,True,hired: Applications.Stage = Hired,calendar 2025,Offers.Decision On,distinct candidate+opening,Applications.Referred By overrides Source,bucket: Job Board + LinkedIn + Career Site
66.67,4,6,39.77,False,True,hired: Applications.Stage = Hired,calendar 2025,Offers.Decision On,distinct candidate record,Candidates.Source as recorded,raw Source = Job Board
66.67,4,6,39.77,False,True,hired: Applications.Stage = Hired,calendar 2025,Offers.Decision On,distinct candidate record,Candidates.Source as recorded,bucket: Job Board + LinkedIn
66.67,4,6,39.77,False,True,hired: Applications.Stage = Hired,calendar 2025,Offers.Decision On,distinct candidate record,Applications.Referred By overrides Source,bucket: Job Board + LinkedIn + Career Site
66.67,4,6,39.77,False,True,hired: Applications.Stage = Hired,calendar 2025,Offers.Decision On,distinct person (name+phone),Applications.Referred By overrides Source,raw Source = Job Board
66.67,4,6,39.77,False,True,hired: Applications.Stage = Hired,calendar 2025,Offers.Decision On,distinct person (name+phone),Applications.Referred By overrides Source,bucket: Job Board + LinkedIn
66.67,4,6,39.77,False,True,offer accepted: Offers.Status = Accepted,calendar 2025,Offers.Decision On,application rows,Candidates.Source as recorded,raw Source = Job Board
66.67,4,6,39.77,False,True,offer accepted: Offers.Status = Accepted,calendar 2025,Offers.Decision On,application rows,Candidates.Source as recorded,bucket: Job Board + LinkedIn
66.67,4,6,39.77,False,True,offer accepted: Offers.Status = Accepted,calendar 2025,Offers.Decision On,application rows,Applications.Referred By overrides Source,bucket: Job Board + LinkedIn + Career Site
66.67,4,6,39.77,False,True,offer accepted: Offers.Status = Accepted,calendar 2025,Offers.Decision On,distinct candidate+opening,Candidates.Source as recorded,raw Source = Job Board
66.67,4,6,39.77,False,True,offer accepted: Offers.Status = Accepted,calendar 2025,Offers.Decision On,distinct candidate+opening,Candidates.Source as recorded,bucket: Job Board + LinkedIn
66.67,4,6,39.77,False,True,offer accepted: Offers.Status = Accepted,calendar 2025,Offers.Decision On,distinct candidate+opening,Applications.Referred By overrides Source,bucket: Job Board + LinkedIn + Career Site
66.67,4,6,39.77,False,True,offer accepted: Offers.Status = Accepted,calendar 2025,Offers.Decision On,distinct candidate record,Candidates.Source as recorded,raw Source = Job Board
66.67,4,6,39.77,False,True,offer accepted: Offers.Status = Accepted,calendar 2025,Offers.Decision On,distinct candidate record,Candidates.Source as recorded,bucket: Job Board + LinkedIn
66.67,4,6,39.77,False,True,offer accepted: Offers.Status = Accepted,calendar 2025,Offers.Decision On,distinct candidate record,Applications.Referred By overrides Source,bucket: Job Board + LinkedIn + Career Site
66.67,4,6,39.77,False,True,offer accepted: Offers.Status = Accepted,calendar 2025,Offers.Decision On,distinct person (name+phone),Applications.Referred By overrides Source,raw Source = Job Board
66.67,4,6,39.77,False,True,offer accepted: Offers.Status = Accepted,calendar 2025,Offers.Decision On,distinct person (name+phone),Applications.Referred By overrides Source,bucket: Job Board + LinkedIn
66.82,141,211,39.92,False,False,application: every Applications row,trailing 6m to 2026-08-27,Applications.Applied On,distinct candidate record,Candidates.Source as recorded,raw Source = Job Board
67.32,138,205,40.42,False,False,application: every Applications row,trailing 6m to 2026-09-14,Applications.Applied On,distinct person (name+phone),Candidates.Source as recorded,raw Source = Job Board
67.37,225,334,40.47,False,False,application: every Applications row,trailing 12m to 2026-08-27,Applications.Applied On,application rows,Candidates.Source as recorded,raw Source = Job Board
67.37,223,331,40.47,False,False,application: every Applications row,trailing 12m to 2026-08-27,Applications.Applied On,distinct candidate+opening,Candidates.Source as recorded,raw Source = Job Board
67.38,221,328,40.48,False,False,application: every Applications row,trailing 12m to 2026-09-14,Applications.Applied On,application rows,Candidates.Source as recorded,raw Source = Job Board
67.43,236,350,40.53,False,False,application: every Applications row,all time,none (all time),application rows,Candidates.Source as recorded,raw Source = Job Board
67.44,234,347,40.54,False,False,application: every Applications row,all time,none (all time),distinct candidate+opening,Candidates.Source as recorded,raw Source = Job Board
67.44,58,86,40.54,False,False,candidate: every Candidates record,trailing 6m to 2026-09-14,Candidates.Created On,distinct person (name+phone),Applications.Referred By overrides Source,bucket: Job Board + LinkedIn
67.48,220,326,40.58,False,False,application: every Applications row,trailing 12m to 2026-09-14,Applications.Applied On,distinct candidate+opening,Candidates.Source as recorded,raw Source = Job Board
67.48,139,206,40.58,False,False,application: every Applications row,trailing 6m to 2026-09-14,Applications.Applied On,distinct candidate record,Candidates.Source as recorded,raw Source = Job Board
67.74,21,31,40.84,False,False,offer extended: any Offer record,all time,none (all time),distinct person (name+phone),Candidates.Source as recorded,bucket: Job Board + LinkedIn + Career Site
67.74,21,31,40.84,False,False,offer extended: any Offer record,trailing 12m to 2026-08-27,Offers.Offered On,distinct person (name+phone),Candidates.Source as recorded,bucket: Job Board + LinkedIn + Career Site
67.74,21,31,40.84,False,False,offer extended: any Offer record,trailing 12m to 2026-09-14,Offers.Offered On,distinct person (name+phone),Candidates.Source as recorded,bucket: Job Board + LinkedIn + Career Site
67.99,189,278,41.09,False,False,application: every Applications row,2026 YTD to 2026-09-14,Applications.Applied On,application rows,Candidates.Source as recorded,raw Source = Job Board
68.23,189,277,41.33,False,False,application: every Applications row,2026 YTD to 2026-09-14,Applications.Applied On,distinct candidate+opening,Candidates.Source as recorded,raw Source = Job Board
68.89,62,90,41.99,False,False,candidate: every Candidates record,trailing 6m to 2026-08-27,Candidates.Created On,distinct candidate record,Applications.Referred By overrides Source,bucket: Job Board + LinkedIn
69.13,159,230,42.23,False,False,application: every Applications row,trailing 6m to 2026-08-27,Applications.Applied On,application rows,Candidates.Source as recorded,raw Source = Job Board
69.13,159,230,42.23,False,False,application: every Applications row,trailing 6m to 2026-08-27,Applications.Applied On,distinct candidate+opening,Candidates.Source as recorded,raw Source = Job Board
69.57,16,23,42.67,False,True,hired: Applications.Stage = Hired,trailing 12m to 2026-08-27,Offers.Proposed Start Date,distinct person (name+phone),Candidates.Source as recorded,bucket: Job Board + LinkedIn + Career Site
69.57,16,23,42.67,False,True,hired: Applications.Stage = Hired,trailing 12m to 2026-09-14,Offers.Proposed Start Date,distinct person (name+phone),Candidates.Source as recorded,bucket: Job Board + LinkedIn + Career Site
69.57,16,23,42.67,False,True,offer accepted: Offers.Status = Accepted,trailing 12m to 2026-08-27,Offers.Proposed Start Date,distinct person (name+phone),Candidates.Source as recorded,bucket: Job Board + LinkedIn + Career Site
69.57,16,23,42.67,False,True,offer accepted: Offers.Status = Accepted,trailing 12m to 2026-09-14,Offers.Proposed Start Date,distinct person (name+phone),Candidates.Source as recorded,bucket: Job Board + LinkedIn + Career Site
69.57,16,23,42.67,False,True,hire started: Accepted and Proposed Start Date <= 2026-08-27,all time,none (all time),distinct person (name+phone),Candidates.Source as recorded,bucket: Job Board + LinkedIn + Career Site
69.57,16,23,42.67,False,True,hire started: Accepted and Proposed Start Date <= 2026-08-27,trailing 12m to 2026-08-27,Offers.Proposed Start Date,distinct person (name+phone),Candidates.Source as recorded,bucket: Job Board + LinkedIn + Career Site
69.57,16,23,42.67,False,True,hire started: Accepted and Proposed Start Date <= 2026-08-27,trailing 12m to 2026-09-14,Offers.Proposed Start Date,distinct person (name+phone),Candidates.Source as recorded,bucket: Job Board + LinkedIn + Career Site
69.57,16,23,42.67,False,True,hire started: Accepted and Proposed Start Date <= 2026-09-14,all time,none (all time),distinct person (name+phone),Candidates.Source as recorded,bucket: Job Board + LinkedIn + Career Site
69.57,16,23,42.67,False,True,hire started: Accepted and Proposed Start Date <= 2026-09-14,trailing 12m to 2026-08-27,Offers.Proposed Start Date,distinct person (name+phone),Candidates.Source as recorded,bucket: Job Board + LinkedIn + Career Site
69.57,16,23,42.67,False,True,hire started: Accepted and Proposed Start Date <= 2026-09-14,trailing 12m to 2026-09-14,Offers.Proposed Start Date,distinct person (name+phone),Candidates.Source as recorded,bucket: Job Board + LinkedIn + Career Site
69.66,62,89,42.76,False,False,candidate: every Candidates record,trailing 6m to 2026-08-27,Candidates.Created On,distinct person (name+phone),Applications.Referred By overrides Source,bucket: Job Board + LinkedIn
69.78,157,225,42.88,False,False,application: every Applications row,trailing 6m to 2026-09-14,Applications.Applied On,application rows,Candidates.Source as recorded,raw Source = Job Board
69.78,157,225,42.88,False,False,application: every Applications row,trailing 6m to 2026-09-14,Applications.Applied On,distinct candidate+opening,Candidates.Source as recorded,raw Source = Job Board
69.88,116,166,42.98,False,False,candidate: every Candidates record,calendar 2025,Candidates.Created On,distinct person (name+phone),Applications.Referred By overrides Source,bucket: Job Board + LinkedIn
70.0,49,70,43.1,False,False,application: every Applications row,calendar 2025,Applications.Applied On,distinct candidate record,Candidates.Source as recorded,bucket: Job Board + LinkedIn
70.0,35,50,43.1,False,False,candidate: every Candidates record,trailing 3m to 2026-08-27,Candidates.Created On,distinct candidate record,Candidates.Source as recorded,bucket: Job Board + LinkedIn
70.0,35,50,43.1,False,False,candidate: every Candidates record,trailing 3m to 2026-08-27,Candidates.Created On,distinct person (name+phone),Candidates.Source as recorded,bucket: Job Board + LinkedIn
70.0,7,10,43.1,False,True,hire started: Accepted and Proposed Start Date <= 2026-08-27,trailing 3m to 2026-09-14,Offers.Proposed Start Date,application rows,Candidates.Source as recorded,bucket: Job Board + LinkedIn + Career Site
70.0,7,10,43.1,False,True,hire started: Accepted and Proposed Start Date <= 2026-08-27,trailing 3m to 2026-09-14,Offers.Proposed Start Date,application rows,Applications.Referred By overrides Source,bucket: Job Board + LinkedIn + Career Site
70.0,7,10,43.1,False,True,hire started: Accepted and Proposed Start Date <= 2026-08-27,trailing 3m to 2026-09-14,Offers.Proposed Start Date,distinct candidate+opening,Candidates.Source as recorded,bucket: Job Board + LinkedIn + Career Site
70.0,7,10,43.1,False,True,hire started: Accepted and Proposed Start Date <= 2026-08-27,trailing 3m to 2026-09-14,Offers.Proposed Start Date,distinct candidate+opening,Applications.Referred By overrides Source,bucket: Job Board + LinkedIn + Career Site
70.0,7,10,43.1,False,True,hire started: Accepted and Proposed Start Date <= 2026-08-27,trailing 3m to 2026-09-14,Offers.Proposed Start Date,distinct candidate record,Candidates.Source as recorded,bucket: Job Board + LinkedIn + Career Site
70.0,7,10,43.1,False,True,hire started: Accepted and Proposed Start Date <= 2026-08-27,trailing 3m to 2026-09-14,Offers.Proposed Start Date,distinct candidate record,Applications.Referred By overrides Source,bucket: Job Board + LinkedIn + Career Site
70.0,7,10,43.1,False,True,hire started: Accepted and Proposed Start Date <= 2026-08-27,trailing 3m to 2026-09-14,Offers.Proposed Start Date,distinct person (name+phone),Candidates.Source as recorded,bucket: Job Board + LinkedIn + Career Site
70.0,7,10,43.1,False,True,hire started: Accepted and Proposed Start Date <= 2026-08-27,trailing 3m to 2026-09-14,Offers.Proposed Start Date,distinct person (name+phone),Applications.Referred By overrides Source,bucket: Job Board + LinkedIn + Career Site
70.07,206,294,43.17,False,False,application: every Applications row,all time,none (all time),distinct person (name+phone),Applications.Referred By overrides Source,bucket: Job Board + LinkedIn
70.07,206,294,43.17,False,False,candidate: every Candidates record,all time,none (all time),distinct person (name+phone),Applications.Referred By overrides Source,bucket: Job Board + LinkedIn
70.11,197,281,43.21,False,False,application: every Applications row,trailing 12m to 2026-08-27,Applications.Applied On,distinct person (name+phone),Applications.Referred By overrides Source,bucket: Job Board + LinkedIn
70.23,92,131,43.33,False,False,candidate: every Candidates record,2026 YTD to 2026-09-14,Candidates.Created On,distinct candidate record,Applications.Referred By overrides Source,bucket: Job Board + LinkedIn
70.33,211,300,43.43,False,False,application: every Applications row,all time,none (all time),distinct candidate record,Applications.Referred By overrides Source,bucket: Job Board + LinkedIn
70.33,211,300,43.43,False,False,candidate: every Candidates record,all time,none (all time),distinct candidate record,Applications.Referred By overrides Source,bucket: Job Board + LinkedIn
70.38,202,287,43.48,False,False,application: every Applications row,trailing 12m to 2026-08-27,Applications.Applied On,distinct candidate record,Applications.Referred By overrides Source,bucket: Job Board + LinkedIn
70.41,119,169,43.51,False,False,candidate: every Candidates record,calendar 2025,Candidates.Created On,distinct candidate record,Applications.Referred By overrides Source,bucket: Job Board + LinkedIn
70.42,50,71,43.52,False,False,application: every Applications row,calendar 2025,Applications.Applied On,distinct candidate+opening,Candidates.Source as recorded,bucket: Job Board + LinkedIn
70.42,50,71,43.52,False,False,application: every Applications row,calendar 2025,Applications.Applied On,distinct candidate+opening,Applications.Referred By overrides Source,bucket: Job Board + LinkedIn + Career Site
70.43,81,115,43.53,False,False,application: every Applications row,trailing 3m to 2026-08-27,Applications.Applied On,distinct person (name+phone),Applications.Referred By overrides Source,raw Source = Job Board
70.59,48,68,43.69,False,False,application: every Applications row,calendar 2025,Applications.Applied On,distinct person (name+phone),Candidates.Source as recorded,bucket: Job Board + LinkedIn
70.61,197,279,43.71,False,False,application: every Applications row,trailing 12m to 2026-09-14,Applications.Applied On,distinct person (name+phone),Applications.Referred By overrides Source,bucket: Job Board + LinkedIn
70.69,82,116,43.79,False,False,application: every Applications row,trailing 3m to 2026-08-27,Applications.Applied On,distinct candidate record,Applications.Referred By overrides Source,raw Source = Job Board
70.77,92,130,43.87,False,False,candidate: every Candidates record,2026 YTD to 2026-09-14,Candidates.Created On,distinct person (name+phone),Applications.Referred By overrides Source,bucket: Job Board + LinkedIn
70.83,51,72,43.93,False,False,application: every Applications row,calendar 2025,Applications.Applied On,application rows,Candidates.Source as recorded,bucket: Job Board + LinkedIn
70.83,51,72,43.93,False,False,application: every Applications row,calendar 2025,Applications.Applied On,application rows,Applications.Referred By overrides Source,bucket: Job Board + LinkedIn + Career Site
70.88,202,285,43.98,False,False,application: every Applications row,trailing 12m to 2026-09-14,Applications.Applied On,distinct candidate record,Applications.Referred By overrides Source,bucket: Job Board + LinkedIn
71.43,250,350,44.53,False,False,application: every Applications row,all time,none (all time),application rows,Applications.Referred By overrides Source,bucket: Job Board + LinkedIn
71.43,135,189,44.53,False,False,candidate: every Candidates record,trailing 12m to 2026-08-27,Candidates.Created On,distinct candidate record,Applications.Referred By overrides Source,bucket: Job Board + LinkedIn
71.43,50,70,44.53,False,False,application: every Applications row,calendar 2025,Applications.Applied On,distinct candidate record,Applications.Referred By overrides Source,bucket: Job Board + LinkedIn + Career Site
71.43,30,42,44.53,False,False,candidate: every Candidates record,trailing 3m to 2026-09-14,Candidates.Created On,distinct candidate record,Candidates.Source as recorded,bucket: Job Board + LinkedIn
71.43,30,42,44.53,False,False,candidate: every Candidates record,trailing 3m to 2026-09-14,Candidates.Created On,distinct person (name+phone),Candidates.Source as recorded,bucket: Job Board + LinkedIn
71.43,5,7,44.53,False,True,hired: Applications.Stage = Hired,calendar 2025,Applications.Closed On,application rows,Candidates.Source as recorded,bucket: Job Board + LinkedIn + Career Site
71.43,5,7,44.53,False,True,hired: Applications.Stage = Hired,calendar 2025,Applications.Closed On,distinct candidate+opening,Candidates.Source as recorded,bucket: Job Board + LinkedIn + Career Site
71.43,5,7,44.53,False,True,hired: Applications.Stage = Hired,calendar 2025,Applications.Closed On,distinct candidate record,Candidates.Source as recorded,bucket: Job Board + LinkedIn + Career Site
71.43,5,7,44.53,False,True,hired: Applications.Stage = Hired,calendar 2025,Applications.Closed On,distinct person (name+phone),Candidates.Source as recorded,raw Source = Job Board
71.43,5,7,44.53,False,True,hired: Applications.Stage = Hired,calendar 2025,Applications.Closed On,distinct person (name+phone),Candidates.Source as recorded,bucket: Job Board + LinkedIn
71.43,5,7,44.53,False,True,hired: Applications.Stage = Hired,calendar 2025,Applications.Closed On,distinct person (name+phone),Applications.Referred By overrides Source,bucket: Job Board + LinkedIn + Career Site
71.43,5,7,44.53,False,True,offer accepted: Offers.Status = Accepted,calendar 2025,Offers.Offered On,application rows,Candidates.Source as recorded,bucket: Job Board + LinkedIn + Career Site
71.43,5,7,44.53,False,True,offer accepted: Offers.Status = Accepted,calendar 2025,Offers.Offered On,distinct candidate+opening,Candidates.Source as recorded,bucket: Job Board + LinkedIn + Career Site
71.43,5,7,44.53,False,True,offer accepted: Offers.Status = Accepted,calendar 2025,Offers.Offered On,distinct candidate record,Candidates.Source as recorded,bucket: Job Board + LinkedIn + Career Site
71.43,5,7,44.53,False,True,offer accepted: Offers.Status = Accepted,calendar 2025,Offers.Offered On,distinct person (name+phone),Candidates.Source as recorded,raw Source = Job Board
71.43,5,7,44.53,False,True,offer accepted: Offers.Status = Accepted,calendar 2025,Offers.Offered On,distinct person (name+phone),Candidates.Source as recorded,bucket: Job Board + LinkedIn
71.43,5,7,44.53,False,True,offer accepted: Offers.Status = Accepted,calendar 2025,Offers.Offered On,distinct person (name+phone),Applications.Referred By overrides Source,bucket: Job Board + LinkedIn + Career Site
71.47,248,347,44.57,False,False,application: every Applications row,all time,none (all time),distinct candidate+opening,Applications.Referred By overrides Source,bucket: Job Board + LinkedIn
71.56,239,334,44.66,False,False,application: every Applications row,trailing 12m to 2026-08-27,Applications.Applied On,application rows,Applications.Referred By overrides Source,bucket: Job Board + LinkedIn
71.58,131,183,44.68,False,False,candidate: every Candidates record,trailing 12m to 2026-09-14,Candidates.Created On,distinct candidate record,Applications.Referred By overrides Source,bucket: Job Board + LinkedIn
71.6,237,331,44.7,False,False,application: every Applications row,trailing 12m to 2026-08-27,Applications.Applied On,distinct candidate+opening,Applications.Referred By overrides Source,bucket: Job Board + LinkedIn
71.81,135,188,44.91,False,False,candidate: every Candidates record,trailing 12m to 2026-08-27,Candidates.Created On,distinct person (name+phone),Applications.Referred By overrides Source,bucket: Job Board + LinkedIn
71.95,236,328,45.05,False,False,application: every Applications row,trailing 12m to 2026-09-14,Applications.Applied On,application rows,Applications.Referred By overrides Source,bucket: Job Board + LinkedIn
71.98,131,182,45.08,False,False,candidate: every Candidates record,trailing 12m to 2026-09-14,Candidates.Created On,distinct person (name+phone),Applications.Referred By overrides Source,bucket: Job Board + LinkedIn
72.06,49,68,45.16,False,False,application: every Applications row,calendar 2025,Applications.Applied On,distinct person (name+phone),Applications.Referred By overrides Source,bucket: Job Board + LinkedIn + Career Site
72.09,235,326,45.19,False,False,application: every Applications row,trailing 12m to 2026-09-14,Applications.Applied On,distinct candidate+opening,Applications.Referred By overrides Source,bucket: Job Board + LinkedIn
72.13,88,122,45.23,False,False,application: every Applications row,trailing 3m to 2026-08-27,Applications.Applied On,application rows,Applications.Referred By overrides Source,raw Source = Job Board
72.13,88,122,45.23,False,False,application: every Applications row,trailing 3m to 2026-08-27,Applications.Applied On,distinct candidate+opening,Applications.Referred By overrides Source,raw Source = Job Board
72.41,63,87,45.51,False,False,candidate: every Candidates record,trailing 6m to 2026-09-14,Candidates.Created On,distinct candidate record,Candidates.Source as recorded,bucket: Job Board + LinkedIn
72.86,51,70,45.96,False,False,application: every Applications row,trailing 3m to 2026-09-14,Applications.Applied On,distinct candidate record,Applications.Referred By overrides Source,raw Source = Job Board
72.86,51,70,45.96,False,False,application: every Applications row,trailing 3m to 2026-09-14,Applications.Applied On,distinct person (name+phone),Applications.Referred By overrides Source,raw Source = Job Board
72.89,121,166,45.99,False,False,candidate: every Candidates record,calendar 2025,Candidates.Created On,distinct person (name+phone),Candidates.Source as recorded,bucket: Job Board + LinkedIn
73.04,84,115,46.14,False,False,application: every Applications row,trailing 3m to 2026-08-27,Applications.Applied On,distinct person (name+phone),Candidates.Source as recorded,raw Source = Job Board
73.26,63,86,46.36,False,False,candidate: every Candidates record,trailing 6m to 2026-09-14,Candidates.Created On,distinct person (name+phone),Candidates.Source as recorded,bucket: Job Board + LinkedIn
73.28,85,116,46.38,False,False,application: every Applications row,trailing 3m to 2026-08-27,Applications.Applied On,distinct candidate record,Candidates.Source as recorded,raw Source = Job Board
73.37,124,169,46.47,False,False,candidate: every Candidates record,calendar 2025,Candidates.Created On,distinct candidate record,Candidates.Source as recorded,bucket: Job Board + LinkedIn
73.39,182,248,46.49,False,False,application: every Applications row,2026 YTD to 2026-09-14,Applications.Applied On,distinct person (name+phone),Applications.Referred By overrides Source,bucket: Job Board + LinkedIn
73.52,186,253,46.62,False,False,application: every Applications row,2026 YTD to 2026-09-14,Applications.Applied On,distinct candidate record,Applications.Referred By overrides Source,bucket: Job Board + LinkedIn
73.81,217,294,46.91,False,False,application: every Applications row,all time,none (all time),distinct person (name+phone),Candidates.Source as recorded,bucket: Job Board + LinkedIn
73.81,217,294,46.91,False,False,candidate: every Candidates record,all time,none (all time),distinct person (name+phone),Candidates.Source as recorded,bucket: Job Board + LinkedIn
73.97,54,73,47.07,False,False,application: every Applications row,trailing 3m to 2026-09-14,Applications.Applied On,application rows,Applications.Referred By overrides Source,raw Source = Job Board
73.97,54,73,47.07,False,False,application: every Applications row,trailing 3m to 2026-09-14,Applications.Applied On,distinct candidate+opening,Applications.Referred By overrides Source,raw Source = Job Board
74.0,222,300,47.1,False,False,application: every Applications row,all time,none (all time),distinct candidate record,Candidates.Source as recorded,bucket: Job Board + LinkedIn
74.0,222,300,47.1,False,False,candidate: every Candidates record,all time,none (all time),distinct candidate record,Candidates.Source as recorded,bucket: Job Board + LinkedIn
74.02,208,281,47.12,False,False,application: every Applications row,trailing 12m to 2026-08-27,Applications.Applied On,distinct person (name+phone),Candidates.Source as recorded,bucket: Job Board + LinkedIn
74.1,206,278,47.2,False,False,application: every Applications row,2026 YTD to 2026-09-14,Applications.Applied On,application rows,Applications.Referred By overrides Source,bucket: Job Board + LinkedIn
74.22,213,287,47.32,False,False,application: every Applications row,trailing 12m to 2026-08-27,Applications.Applied On,distinct candidate record,Candidates.Source as recorded,bucket: Job Board + LinkedIn
74.37,206,277,47.47,False,False,application: every Applications row,2026 YTD to 2026-09-14,Applications.Applied On,distinct candidate+opening,Applications.Referred By overrides Source,bucket: Job Board + LinkedIn
74.44,67,90,47.54,False,False,candidate: every Candidates record,trailing 6m to 2026-08-27,Candidates.Created On,distinct candidate record,Candidates.Source as recorded,bucket: Job Board + LinkedIn
74.55,208,279,47.65,False,False,application: every Applications row,trailing 12m to 2026-09-14,Applications.Applied On,distinct person (name+phone),Candidates.Source as recorded,bucket: Job Board + LinkedIn
74.59,91,122,47.69,False,False,application: every Applications row,trailing 3m to 2026-08-27,Applications.Applied On,application rows,Candidates.Source as recorded,raw Source = Job Board
74.59,91,122,47.69,False,False,application: every Applications row,trailing 3m to 2026-08-27,Applications.Applied On,distinct candidate+opening,Candidates.Source as recorded,raw Source = Job Board
74.74,213,285,47.84,False,False,application: every Applications row,trailing 12m to 2026-09-14,Applications.Applied On,distinct candidate record,Candidates.Source as recorded,bucket: Job Board + LinkedIn
74.76,157,210,47.86,False,False,application: every Applications row,trailing 6m to 2026-08-27,Applications.Applied On,distinct person (name+phone),Applications.Referred By overrides Source,bucket: Job Board + LinkedIn
74.81,98,131,47.91,False,False,candidate: every Candidates record,2026 YTD to 2026-09-14,Candidates.Created On,distinct candidate record,Candidates.Source as recorded,bucket: Job Board + LinkedIn
74.88,158,211,47.98,False,False,application: every Applications row,trailing 6m to 2026-08-27,Applications.Applied On,distinct candidate record,Applications.Referred By overrides Source,bucket: Job Board + LinkedIn
75.0,6,8,48.1,False,True,hired: Applications.Stage = Hired,calendar 2025,Applications.Applied On,application rows,Candidates.Source as recorded,bucket: Job Board + LinkedIn + Career Site
75.0,6,8,48.1,False,True,hired: Applications.Stage = Hired,calendar 2025,Applications.Applied On,distinct candidate+opening,Candidates.Source as recorded,bucket: Job Board + LinkedIn + Career Site
75.0,6,8,48.1,False,True,hired: Applications.Stage = Hired,calendar 2025,Applications.Applied On,distinct candidate record,Candidates.Source as recorded,bucket: Job Board + LinkedIn + Career Site
75.0,6,8,48.1,False,True,hired: Applications.Stage = Hired,calendar 2025,Applications.Applied On,distinct person (name+phone),Candidates.Source as recorded,raw Source = Job Board
75.0,6,8,48.1,False,True,hired: Applications.Stage = Hired,calendar 2025,Applications.Applied On,distinct person (name+phone),Candidates.Source as recorded,bucket: Job Board + LinkedIn
75.0,6,8,48.1,False,True,hired: Applications.Stage = Hired,calendar 2025,Applications.Applied On,distinct person (name+phone),Applications.Referred By overrides Source,bucket: Job Board + LinkedIn + Career Site
75.0,6,8,48.1,False,True,offer extended: any Offer record,calendar 2025,Offers.Offered On,application rows,Candidates.Source as recorded,bucket: Job Board + LinkedIn + Career Site
75.0,6,8,48.1,False,True,offer extended: any Offer record,calendar 2025,Offers.Offered On,distinct candidate+opening,Candidates.Source as recorded,bucket: Job Board + LinkedIn + Career Site
75.0,6,8,48.1,False,True,offer extended: any Offer record,calendar 2025,Offers.Offered On,distinct candidate record,Candidates.Source as recorded,bucket: Job Board + LinkedIn + Career Site
75.0,6,8,48.1,False,True,offer extended: any Offer record,calendar 2025,Offers.Offered On,distinct person (name+phone),Candidates.Source as recorded,bucket: Job Board + LinkedIn
75.0,6,8,48.1,False,True,offer extended: any Offer record,calendar 2025,Offers.Offered On,distinct person (name+phone),Applications.Referred By overrides Source,bucket: Job Board + LinkedIn + Career Site
75.12,154,205,48.22,False,False,application: every Applications row,trailing 6m to 2026-09-14,Applications.Applied On,distinct person (name+phone),Applications.Referred By overrides Source,bucket: Job Board + LinkedIn
75.24,155,206,48.34,False,False,application: every Applications row,trailing 6m to 2026-09-14,Applications.Applied On,distinct candidate record,Applications.Referred By overrides Source,bucket: Job Board + LinkedIn
75.28,67,89,48.38,False,False,candidate: every Candidates record,trailing 6m to 2026-08-27,Candidates.Created On,distinct person (name+phone),Candidates.Source as recorded,bucket: Job Board + LinkedIn
75.38,98,130,48.48,False,False,candidate: every Candidates record,2026 YTD to 2026-09-14,Candidates.Created On,distinct person (name+phone),Candidates.Source as recorded,bucket: Job Board + LinkedIn
75.66,143,189,48.76,False,False,candidate: every Candidates record,trailing 12m to 2026-08-27,Candidates.Created On,distinct candidate record,Candidates.Source as recorded,bucket: Job Board + LinkedIn
75.71,53,70,48.81,False,False,application: every Applications row,trailing 3m to 2026-09-14,Applications.Applied On,distinct candidate record,Candidates.Source as recorded,raw Source = Job Board
75.71,53,70,48.81,False,False,application: every Applications row,trailing 3m to 2026-09-14,Applications.Applied On,distinct person (name+phone),Candidates.Source as recorded,raw Source = Job Board
75.86,66,87,48.96,False,False,candidate: every Candidates record,trailing 6m to 2026-09-14,Candidates.Created On,distinct candidate record,Applications.Referred By overrides Source,bucket: Job Board + LinkedIn + Career Site
75.96,139,183,49.06,False,False,candidate: every Candidates record,trailing 12m to 2026-09-14,Candidates.Created On,distinct candidate record,Candidates.Source as recorded,bucket: Job Board + LinkedIn
76.0,38,50,49.1,False,False,candidate: every Candidates record,trailing 3m to 2026-08-27,Candidates.Created On,distinct candidate record,Applications.Referred By overrides Source,bucket: Job Board + LinkedIn + Career Site
76.0,38,50,49.1,False,False,candidate: every Candidates record,trailing 3m to 2026-08-27,Candidates.Created On,distinct person (name+phone),Applications.Referred By overrides Source,bucket: Job Board + LinkedIn + Career Site
76.06,143,188,49.16,False,False,candidate: every Candidates record,trailing 12m to 2026-08-27,Candidates.Created On,distinct person (name+phone),Candidates.Source as recorded,bucket: Job Board + LinkedIn
76.09,175,230,49.19,False,False,application: every Applications row,trailing 6m to 2026-08-27,Applications.Applied On,application rows,Applications.Referred By overrides Source,bucket: Job Board + LinkedIn
76.09,175,230,49.19,False,False,application: every Applications row,trailing 6m to 2026-08-27,Applications.Applied On,distinct candidate+opening,Applications.Referred By overrides Source,bucket: Job Board + LinkedIn
76.29,267,350,49.39,False,False,application: every Applications row,all time,none (all time),application rows,Candidates.Source as recorded,bucket: Job Board + LinkedIn
76.35,255,334,49.45,False,False,application: every Applications row,trailing 12m to 2026-08-27,Applications.Applied On,application rows,Candidates.Source as recorded,bucket: Job Board + LinkedIn
76.37,265,347,49.47,False,False,application: every Applications row,all time,none (all time),distinct candidate+opening,Candidates.Source as recorded,bucket: Job Board + LinkedIn
76.37,139,182,49.47,False,False,candidate: every Candidates record,trailing 12m to 2026-09-14,Candidates.Created On,distinct person (name+phone),Candidates.Source as recorded,bucket: Job Board + LinkedIn
76.44,253,331,49.54,False,False,application: every Applications row,trailing 12m to 2026-08-27,Applications.Applied On,distinct candidate+opening,Candidates.Source as recorded,bucket: Job Board + LinkedIn
76.44,172,225,49.54,False,False,application: every Applications row,trailing 6m to 2026-09-14,Applications.Applied On,application rows,Applications.Referred By overrides Source,bucket: Job Board + LinkedIn
76.44,172,225,49.54,False,False,application: every Applications row,trailing 6m to 2026-09-14,Applications.Applied On,distinct candidate+opening,Applications.Referred By overrides Source,bucket: Job Board + LinkedIn
76.52,251,328,49.62,False,False,application: every Applications row,trailing 12m to 2026-09-14,Applications.Applied On,application rows,Candidates.Source as recorded,bucket: Job Board + LinkedIn
76.61,190,248,49.71,False,False,application: every Applications row,2026 YTD to 2026-09-14,Applications.Applied On,distinct person (name+phone),Candidates.Source as recorded,bucket: Job Board + LinkedIn
76.67,69,90,49.77,False,False,candidate: every Candidates record,trailing 6m to 2026-08-27,Candidates.Created On,distinct candidate record,Applications.Referred By overrides Source,bucket: Job Board + LinkedIn + Career Site
76.68,194,253,49.78,False,False,application: every Applications row,2026 YTD to 2026-09-14,Applications.Applied On,distinct candidate record,Candidates.Source as recorded,bucket: Job Board + LinkedIn
76.69,250,326,49.79,False,False,application: every Applications row,trailing 12m to 2026-09-14,Applications.Applied On,distinct candidate+opening,Candidates.Source as recorded,bucket: Job Board + LinkedIn
76.71,56,73,49.81,False,False,application: every Applications row,trailing 3m to 2026-09-14,Applications.Applied On,application rows,Candidates.Source as recorded,raw Source = Job Board
76.71,56,73,49.81,False,False,application: every Applications row,trailing 3m to 2026-09-14,Applications.Applied On,distinct candidate+opening,Candidates.Source as recorded,raw Source = Job Board
76.74,66,86,49.84,False,False,candidate: every Candidates record,trailing 6m to 2026-09-14,Candidates.Created On,distinct person (name+phone),Applications.Referred By overrides Source,bucket: Job Board + LinkedIn + Career Site
77.53,69,89,50.63,False,False,candidate: every Candidates record,trailing 6m to 2026-08-27,Candidates.Created On,distinct person (name+phone),Applications.Referred By overrides Source,bucket: Job Board + LinkedIn + Career Site
77.62,163,210,50.72,False,False,application: every Applications row,trailing 6m to 2026-08-27,Applications.Applied On,distinct person (name+phone),Candidates.Source as recorded,bucket: Job Board + LinkedIn
77.7,216,278,50.8,False,False,application: every Applications row,2026 YTD to 2026-09-14,Applications.Applied On,application rows,Candidates.Source as recorded,bucket: Job Board + LinkedIn
77.73,164,211,50.83,False,False,application: every Applications row,trailing 6m to 2026-08-27,Applications.Applied On,distinct candidate record,Candidates.Source as recorded,bucket: Job Board + LinkedIn
77.86,102,131,50.96,False,False,candidate: every Candidates record,2026 YTD to 2026-09-14,Candidates.Created On,distinct candidate record,Applications.Referred By overrides Source,bucket: Job Board + LinkedIn + Career Site
77.98,216,277,51.08,False,False,application: every Applications row,2026 YTD to 2026-09-14,Applications.Applied On,distinct candidate+opening,Candidates.Source as recorded,bucket: Job Board + LinkedIn
78.05,160,205,51.15,False,False,application: every Applications row,trailing 6m to 2026-09-14,Applications.Applied On,distinct person (name+phone),Candidates.Source as recorded,bucket: Job Board + LinkedIn
78.16,161,206,51.26,False,False,application: every Applications row,trailing 6m to 2026-09-14,Applications.Applied On,distinct candidate record,Candidates.Source as recorded,bucket: Job Board + LinkedIn
78.31,148,189,51.41,False,False,candidate: every Candidates record,trailing 12m to 2026-08-27,Candidates.Created On,distinct candidate record,Applications.Referred By overrides Source,bucket: Job Board + LinkedIn + Career Site
78.46,102,130,51.56,False,False,candidate: every Candidates record,2026 YTD to 2026-09-14,Candidates.Created On,distinct person (name+phone),Applications.Referred By overrides Source,bucket: Job Board + LinkedIn + Career Site
78.57,33,42,51.67,False,False,candidate: every Candidates record,trailing 3m to 2026-09-14,Candidates.Created On,distinct candidate record,Applications.Referred By overrides Source,bucket: Job Board + LinkedIn + Career Site
78.57,33,42,51.67,False,False,candidate: every Candidates record,trailing 3m to 2026-09-14,Candidates.Created On,distinct person (name+phone),Applications.Referred By overrides Source,bucket: Job Board + LinkedIn + Career Site
78.72,148,188,51.82,False,False,candidate: every Candidates record,trailing 12m to 2026-08-27,Candidates.Created On,distinct person (name+phone),Applications.Referred By overrides Source,bucket: Job Board + LinkedIn + Career Site
79.13,182,230,52.23,False,False,application: every Applications row,trailing 6m to 2026-08-27,Applications.Applied On,application rows,Candidates.Source as recorded,bucket: Job Board + LinkedIn
79.13,182,230,52.23,False,False,application: every Applications row,trailing 6m to 2026-08-27,Applications.Applied On,distinct candidate+opening,Candidates.Source as recorded,bucket: Job Board + LinkedIn
79.13,91,115,52.23,False,False,application: every Applications row,trailing 3m to 2026-08-27,Applications.Applied On,distinct person (name+phone),Applications.Referred By overrides Source,bucket: Job Board + LinkedIn
79.23,145,183,52.33,False,False,candidate: every Candidates record,trailing 12m to 2026-09-14,Candidates.Created On,distinct candidate record,Applications.Referred By overrides Source,bucket: Job Board + LinkedIn + Career Site
79.31,92,116,52.41,False,False,application: every Applications row,trailing 3m to 2026-08-27,Applications.Applied On,distinct candidate record,Applications.Referred By overrides Source,bucket: Job Board + LinkedIn
79.43,278,350,52.53,False,False,application: every Applications row,all time,none (all time),application rows,Applications.Referred By overrides Source,bucket: Job Board + LinkedIn + Career Site
79.54,276,347,52.64,False,False,application: every Applications row,all time,none (all time),distinct candidate+opening,Applications.Referred By overrides Source,bucket: Job Board + LinkedIn + Career Site
79.56,179,225,52.66,False,False,application: every Applications row,trailing 6m to 2026-09-14,Applications.Applied On,application rows,Candidates.Source as recorded,bucket: Job Board + LinkedIn
79.56,179,225,52.66,False,False,application: every Applications row,trailing 6m to 2026-09-14,Applications.Applied On,distinct candidate+opening,Candidates.Source as recorded,bucket: Job Board + LinkedIn
79.59,234,294,52.69,False,False,application: every Applications row,all time,none (all time),distinct person (name+phone),Applications.Referred By overrides Source,bucket: Job Board + LinkedIn + Career Site
79.59,234,294,52.69,False,False,candidate: every Candidates record,all time,none (all time),distinct person (name+phone),Applications.Referred By overrides Source,bucket: Job Board + LinkedIn + Career Site
79.64,266,334,52.74,False,False,application: every Applications row,trailing 12m to 2026-08-27,Applications.Applied On,application rows,Applications.Referred By overrides Source,bucket: Job Board + LinkedIn + Career Site
79.67,239,300,52.77,False,False,application: every Applications row,all time,none (all time),distinct candidate record,Applications.Referred By overrides Source,bucket: Job Board + LinkedIn + Career Site
79.67,239,300,52.77,False,False,candidate: every Candidates record,all time,none (all time),distinct candidate record,Applications.Referred By overrides Source,bucket: Job Board + LinkedIn + Career Site
79.67,145,182,52.77,False,False,candidate: every Candidates record,trailing 12m to 2026-09-14,Candidates.Created On,distinct person (name+phone),Applications.Referred By overrides Source,bucket: Job Board + LinkedIn + Career Site
79.72,224,281,52.82,False,False,application: every Applications row,trailing 12m to 2026-08-27,Applications.Applied On,distinct person (name+phone),Applications.Referred By overrides Source,bucket: Job Board + LinkedIn + Career Site
79.76,264,331,52.86,False,False,application: every Applications row,trailing 12m to 2026-08-27,Applications.Applied On,distinct candidate+opening,Applications.Referred By overrides Source,bucket: Job Board + LinkedIn + Career Site
79.79,229,287,52.89,False,False,application: every Applications row,trailing 12m to 2026-08-27,Applications.Applied On,distinct candidate record,Applications.Referred By overrides Source,bucket: Job Board + LinkedIn + Career Site
80.0,40,50,53.1,False,False,candidate: every Candidates record,trailing 3m to 2026-08-27,Candidates.Created On,distinct candidate record,Candidates.Source as recorded,bucket: Job Board + LinkedIn + Career Site
80.0,40,50,53.1,False,False,candidate: every Candidates record,trailing 3m to 2026-08-27,Candidates.Created On,distinct person (name+phone),Candidates.Source as recorded,bucket: Job Board + LinkedIn + Career Site
80.0,4,5,53.1,False,True,hired: Applications.Stage = Hired,calendar 2025,Offers.Proposed Start Date,distinct person (name+phone),Candidates.Source as recorded,raw Source = Job Board
80.0,4,5,53.1,False,True,hired: Applications.Stage = Hired,calendar 2025,Offers.Proposed Start Date,distinct person (name+phone),Candidates.Source as recorded,bucket: Job Board + LinkedIn
80.0,4,5,53.1,False,True,hired: Applications.Stage = Hired,calendar 2025,Offers.Proposed Start Date,distinct person (name+phone),Candidates.Source as recorded,bucket: Job Board + LinkedIn + Career Site
80.0,4,5,53.1,False,True,offer accepted: Offers.Status = Accepted,calendar 2025,Offers.Proposed Start Date,distinct person (name+phone),Candidates.Source as recorded,raw Source = Job Board
80.0,4,5,53.1,False,True,offer accepted: Offers.Status = Accepted,calendar 2025,Offers.Proposed Start Date,distinct person (name+phone),Candidates.Source as recorded,bucket: Job Board + LinkedIn
80.0,4,5,53.1,False,True,offer accepted: Offers.Status = Accepted,calendar 2025,Offers.Proposed Start Date,distinct person (name+phone),Candidates.Source as recorded,bucket: Job Board + LinkedIn + Career Site
80.0,4,5,53.1,False,True,hire started: Accepted and Proposed Start Date <= 2026-08-27,calendar 2025,Offers.Proposed Start Date,distinct person (name+phone),Candidates.Source as recorded,raw Source = Job Board
80.0,4,5,53.1,False,True,hire started: Accepted and Proposed Start Date <= 2026-08-27,calendar 2025,Offers.Proposed Start Date,distinct person (name+phone),Candidates.Source as recorded,bucket: Job Board + LinkedIn
80.0,4,5,53.1,False,True,hire started: Accepted and Proposed Start Date <= 2026-08-27,calendar 2025,Offers.Proposed Start Date,distinct person (name+phone),Candidates.Source as recorded,bucket: Job Board + LinkedIn + Career Site
80.0,4,5,53.1,False,True,hire started: Accepted and Proposed Start Date <= 2026-09-14,calendar 2025,Offers.Proposed Start Date,distinct person (name+phone),Candidates.Source as recorded,raw Source = Job Board
80.0,4,5,53.1,False,True,hire started: Accepted and Proposed Start Date <= 2026-09-14,calendar 2025,Offers.Proposed Start Date,distinct person (name+phone),Candidates.Source as recorded,bucket: Job Board + LinkedIn
80.0,4,5,53.1,False,True,hire started: Accepted and Proposed Start Date <= 2026-09-14,calendar 2025,Offers.Proposed Start Date,distinct person (name+phone),Candidates.Source as recorded,bucket: Job Board + LinkedIn + Career Site
80.18,263,328,53.28,False,False,application: every Applications row,trailing 12m to 2026-09-14,Applications.Applied On,application rows,Applications.Referred By overrides Source,bucket: Job Board + LinkedIn + Career Site
80.29,224,279,53.39,False,False,application: every Applications row,trailing 12m to 2026-09-14,Applications.Applied On,distinct person (name+phone),Applications.Referred By overrides Source,bucket: Job Board + LinkedIn + Career Site
80.33,98,122,53.43,False,False,application: every Applications row,trailing 3m to 2026-08-27,Applications.Applied On,application rows,Applications.Referred By overrides Source,bucket: Job Board + LinkedIn
80.33,98,122,53.43,False,False,application: every Applications row,trailing 3m to 2026-08-27,Applications.Applied On,distinct candidate+opening,Applications.Referred By overrides Source,bucket: Job Board + LinkedIn
80.35,229,285,53.45,False,False,application: every Applications row,trailing 12m to 2026-09-14,Applications.Applied On,distinct candidate record,Applications.Referred By overrides Source,bucket: Job Board + LinkedIn + Career Site
80.37,262,326,53.47,False,False,application: every Applications row,trailing 12m to 2026-09-14,Applications.Applied On,distinct candidate+opening,Applications.Referred By overrides Source,bucket: Job Board + LinkedIn + Career Site
80.72,134,166,53.82,False,False,candidate: every Candidates record,calendar 2025,Candidates.Created On,distinct person (name+phone),Applications.Referred By overrides Source,bucket: Job Board + LinkedIn + Career Site
81.07,137,169,54.17,False,False,candidate: every Candidates record,calendar 2025,Candidates.Created On,distinct candidate record,Applications.Referred By overrides Source,bucket: Job Board + LinkedIn + Career Site
81.43,57,70,54.53,False,False,application: every Applications row,calendar 2025,Applications.Applied On,distinct candidate record,Candidates.Source as recorded,bucket: Job Board + LinkedIn + Career Site
81.65,227,278,54.75,False,False,application: every Applications row,2026 YTD to 2026-09-14,Applications.Applied On,application rows,Applications.Referred By overrides Source,bucket: Job Board + LinkedIn + Career Site
81.69,58,71,54.79,False,False,application: every Applications row,calendar 2025,Applications.Applied On,distinct candidate+opening,Candidates.Source as recorded,bucket: Job Board + LinkedIn + Career Site
81.74,94,115,54.84,False,False,application: every Applications row,trailing 3m to 2026-08-27,Applications.Applied On,distinct person (name+phone),Candidates.Source as recorded,bucket: Job Board + LinkedIn
81.82,207,253,54.92,False,False,application: every Applications row,2026 YTD to 2026-09-14,Applications.Applied On,distinct candidate record,Applications.Referred By overrides Source,bucket: Job Board + LinkedIn + Career Site
81.85,203,248,54.95,False,False,application: every Applications row,2026 YTD to 2026-09-14,Applications.Applied On,distinct person (name+phone),Applications.Referred By overrides Source,bucket: Job Board + LinkedIn + Career Site
81.9,95,116,55.0,False,False,application: every Applications row,trailing 3m to 2026-08-27,Applications.Applied On,distinct candidate record,Candidates.Source as recorded,bucket: Job Board + LinkedIn
81.94,59,72,55.04,False,False,application: every Applications row,calendar 2025,Applications.Applied On,application rows,Candidates.Source as recorded,bucket: Job Board + LinkedIn + Career Site
81.95,227,277,55.05,False,False,application: every Applications row,2026 YTD to 2026-09-14,Applications.Applied On,distinct candidate+opening,Applications.Referred By overrides Source,bucket: Job Board + LinkedIn + Career Site
82.35,56,68,55.45,False,False,application: every Applications row,calendar 2025,Applications.Applied On,distinct person (name+phone),Candidates.Source as recorded,bucket: Job Board + LinkedIn + Career Site
82.76,72,87,55.86,False,False,candidate: every Candidates record,trailing 6m to 2026-09-14,Candidates.Created On,distinct candidate record,Candidates.Source as recorded,bucket: Job Board + LinkedIn + Career Site
82.79,101,122,55.89,False,False,application: every Applications row,trailing 3m to 2026-08-27,Applications.Applied On,application rows,Candidates.Source as recorded,bucket: Job Board + LinkedIn
82.79,101,122,55.89,False,False,application: every Applications row,trailing 3m to 2026-08-27,Applications.Applied On,distinct candidate+opening,Candidates.Source as recorded,bucket: Job Board + LinkedIn
82.86,174,210,55.96,False,False,application: every Applications row,trailing 6m to 2026-08-27,Applications.Applied On,distinct person (name+phone),Applications.Referred By overrides Source,bucket: Job Board + LinkedIn + Career Site
82.86,58,70,55.96,False,False,application: every Applications row,trailing 3m to 2026-09-14,Applications.Applied On,distinct candidate record,Applications.Referred By overrides Source,bucket: Job Board + LinkedIn
82.86,58,70,55.96,False,False,application: every Applications row,trailing 3m to 2026-09-14,Applications.Applied On,distinct person (name+phone),Applications.Referred By overrides Source,bucket: Job Board + LinkedIn
82.94,175,211,56.04,False,False,application: every Applications row,trailing 6m to 2026-08-27,Applications.Applied On,distinct candidate record,Applications.Referred By overrides Source,bucket: Job Board + LinkedIn + Career Site
83.07,157,189,56.17,False,False,candidate: every Candidates record,trailing 12m to 2026-08-27,Candidates.Created On,distinct candidate record,Candidates.Source as recorded,bucket: Job Board + LinkedIn + Career Site
83.21,109,131,56.31,False,False,candidate: every Candidates record,2026 YTD to 2026-09-14,Candidates.Created On,distinct candidate record,Candidates.Source as recorded,bucket: Job Board + LinkedIn + Career Site
83.33,75,90,56.43,False,False,candidate: every Candidates record,trailing 6m to 2026-08-27,Candidates.Created On,distinct candidate record,Candidates.Source as recorded,bucket: Job Board + LinkedIn + Career Site
83.33,35,42,56.43,False,False,candidate: every Candidates record,trailing 3m to 2026-09-14,Candidates.Created On,distinct candidate record,Candidates.Source as recorded,bucket: Job Board + LinkedIn + Career Site
83.33,35,42,56.43,False,False,candidate: every Candidates record,trailing 3m to 2026-09-14,Candidates.Created On,distinct person (name+phone),Candidates.Source as recorded,bucket: Job Board + LinkedIn + Career Site
83.33,5,6,56.43,False,True,hired: Applications.Stage = Hired,calendar 2025,Offers.Decision On,application rows,Candidates.Source as recorded,bucket: Job Board + LinkedIn + Career Site
83.33,5,6,56.43,False,True,hired: Applications.Stage = Hired,calendar 2025,Offers.Decision On,distinct candidate+opening,Candidates.Source as recorded,bucket: Job Board + LinkedIn + Career Site
83.33,5,6,56.43,False,True,hired: Applications.Stage = Hired,calendar 2025,Offers.Decision On,distinct candidate record,Candidates.Source as recorded,bucket: Job Board + LinkedIn + Career Site
83.33,5,6,56.43,False,True,hired: Applications.Stage = Hired,calendar 2025,Offers.Decision On,distinct person (name+phone),Candidates.Source as recorded,raw Source = Job Board
83.33,5,6,56.43,False,True,hired: Applications.Stage = Hired,calendar 2025,Offers.Decision On,distinct person (name+phone),Candidates.Source as recorded,bucket: Job Board + LinkedIn
83.33,5,6,56.43,False,True,hired: Applications.Stage = Hired,calendar 2025,Offers.Decision On,distinct person (name+phone),Applications.Referred By overrides Source,bucket: Job Board + LinkedIn + Career Site
83.33,5,6,56.43,False,True,offer accepted: Offers.Status = Accepted,calendar 2025,Offers.Decision On,application rows,Candidates.Source as recorded,bucket: Job Board + LinkedIn + Career Site
83.33,5,6,56.43,False,True,offer accepted: Offers.Status = Accepted,calendar 2025,Offers.Decision On,distinct candidate+opening,Candidates.Source as recorded,bucket: Job Board + LinkedIn + Career Site
83.33,5,6,56.43,False,True,offer accepted: Offers.Status = Accepted,calendar 2025,Offers.Decision On,distinct candidate record,Candidates.Source as recorded,bucket: Job Board + LinkedIn + Career Site
83.33,5,6,56.43,False,True,offer accepted: Offers.Status = Accepted,calendar 2025,Offers.Decision On,distinct person (name+phone),Candidates.Source as recorded,raw Source = Job Board
83.33,5,6,56.43,False,True,offer accepted: Offers.Status = Accepted,calendar 2025,Offers.Decision On,distinct person (name+phone),Candidates.Source as recorded,bucket: Job Board + LinkedIn
83.33,5,6,56.43,False,True,offer accepted: Offers.Status = Accepted,calendar 2025,Offers.Decision On,distinct person (name+phone),Applications.Referred By overrides Source,bucket: Job Board + LinkedIn + Career Site
83.41,171,205,56.51,False,False,application: every Applications row,trailing 6m to 2026-09-14,Applications.Applied On,distinct person (name+phone),Applications.Referred By overrides Source,bucket: Job Board + LinkedIn + Career Site
83.48,192,230,56.58,False,False,application: every Applications row,trailing 6m to 2026-08-27,Applications.Applied On,application rows,Applications.Referred By overrides Source,bucket: Job Board + LinkedIn + Career Site
83.48,192,230,56.58,False,False,application: every Applications row,trailing 6m to 2026-08-27,Applications.Applied On,distinct candidate+opening,Applications.Referred By overrides Source,bucket: Job Board + LinkedIn + Career Site
83.5,172,206,56.6,False,False,application: every Applications row,trailing 6m to 2026-09-14,Applications.Applied On,distinct candidate record,Applications.Referred By overrides Source,bucket: Job Board + LinkedIn + Career Site
83.51,157,188,56.61,False,False,candidate: every Candidates record,trailing 12m to 2026-08-27,Candidates.Created On,distinct person (name+phone),Candidates.Source as recorded,bucket: Job Board + LinkedIn + Career Site
83.56,61,73,56.66,False,False,application: every Applications row,trailing 3m to 2026-09-14,Applications.Applied On,application rows,Applications.Referred By overrides Source,bucket: Job Board + LinkedIn
83.56,61,73,56.66,False,False,application: every Applications row,trailing 3m to 2026-09-14,Applications.Applied On,distinct candidate+opening,Applications.Referred By overrides Source,bucket: Job Board + LinkedIn
83.72,72,86,56.82,False,False,candidate: every Candidates record,trailing 6m to 2026-09-14,Candidates.Created On,distinct person (name+phone),Candidates.Source as recorded,bucket: Job Board + LinkedIn + Career Site
83.85,109,130,56.95,False,False,candidate: every Candidates record,2026 YTD to 2026-09-14,Candidates.Created On,distinct person (name+phone),Candidates.Source as recorded,bucket: Job Board + LinkedIn + Career Site
84.0,189,225,57.1,False,False,application: every Applications row,trailing 6m to 2026-09-14,Applications.Applied On,application rows,Applications.Referred By overrides Source,bucket: Job Board + LinkedIn + Career Site
84.0,189,225,57.1,False,False,application: every Applications row,trailing 6m to 2026-09-14,Applications.Applied On,distinct candidate+opening,Applications.Referred By overrides Source,bucket: Job Board + LinkedIn + Career Site
84.15,154,183,57.25,False,False,candidate: every Candidates record,trailing 12m to 2026-09-14,Candidates.Created On,distinct candidate record,Candidates.Source as recorded,bucket: Job Board + LinkedIn + Career Site
84.27,75,89,57.37,False,False,candidate: every Candidates record,trailing 6m to 2026-08-27,Candidates.Created On,distinct person (name+phone),Candidates.Source as recorded,bucket: Job Board + LinkedIn + Career Site
84.32,242,287,57.42,False,False,application: every Applications row,trailing 12m to 2026-08-27,Applications.Applied On,distinct candidate record,Candidates.Source as recorded,bucket: Job Board + LinkedIn + Career Site
84.33,253,300,57.43,False,False,application: every Applications row,all time,none (all time),distinct candidate record,Candidates.Source as recorded,bucket: Job Board + LinkedIn + Career Site
84.33,253,300,57.43,False,False,candidate: every Candidates record,all time,none (all time),distinct candidate record,Candidates.Source as recorded,bucket: Job Board + LinkedIn + Career Site
84.34,237,281,57.44,False,False,application: every Applications row,trailing 12m to 2026-08-27,Applications.Applied On,distinct person (name+phone),Candidates.Source as recorded,bucket: Job Board + LinkedIn + Career Site
84.35,248,294,57.45,False,False,application: every Applications row,all time,none (all time),distinct person (name+phone),Candidates.Source as recorded,bucket: Job Board + LinkedIn + Career Site
84.35,248,294,57.45,False,False,candidate: every Candidates record,all time,none (all time),distinct person (name+phone),Candidates.Source as recorded,bucket: Job Board + LinkedIn + Career Site
84.62,154,182,57.72,False,False,candidate: every Candidates record,trailing 12m to 2026-09-14,Candidates.Created On,distinct person (name+phone),Candidates.Source as recorded,bucket: Job Board + LinkedIn + Career Site
84.91,242,285,58.01,False,False,application: every Applications row,trailing 12m to 2026-09-14,Applications.Applied On,distinct candidate record,Candidates.Source as recorded,bucket: Job Board + LinkedIn + Career Site
84.94,141,166,58.04,False,False,candidate: every Candidates record,calendar 2025,Candidates.Created On,distinct person (name+phone),Candidates.Source as recorded,bucket: Job Board + LinkedIn + Career Site
84.95,237,279,58.05,False,False,application: every Applications row,trailing 12m to 2026-09-14,Applications.Applied On,distinct person (name+phone),Candidates.Source as recorded,bucket: Job Board + LinkedIn + Career Site
85.03,284,334,58.13,False,False,application: every Applications row,trailing 12m to 2026-08-27,Applications.Applied On,application rows,Candidates.Source as recorded,bucket: Job Board + LinkedIn + Career Site
85.14,298,350,58.24,False,False,application: every Applications row,all time,none (all time),application rows,Candidates.Source as recorded,bucket: Job Board + LinkedIn + Career Site
85.2,282,331,58.3,False,False,application: every Applications row,trailing 12m to 2026-08-27,Applications.Applied On,distinct candidate+opening,Candidates.Source as recorded,bucket: Job Board + LinkedIn + Career Site
85.21,144,169,58.31,False,False,candidate: every Candidates record,calendar 2025,Candidates.Created On,distinct candidate record,Candidates.Source as recorded,bucket: Job Board + LinkedIn + Career Site
85.3,296,347,58.4,False,False,application: every Applications row,all time,none (all time),distinct candidate+opening,Candidates.Source as recorded,bucket: Job Board + LinkedIn + Career Site
85.37,280,328,58.47,False,False,application: every Applications row,trailing 12m to 2026-09-14,Applications.Applied On,application rows,Candidates.Source as recorded,bucket: Job Board + LinkedIn + Career Site
85.58,279,326,58.68,False,False,application: every Applications row,trailing 12m to 2026-09-14,Applications.Applied On,distinct candidate+opening,Candidates.Source as recorded,bucket: Job Board + LinkedIn + Career Site
85.71,180,210,58.81,False,False,application: every Applications row,trailing 6m to 2026-08-27,Applications.Applied On,distinct person (name+phone),Candidates.Source as recorded,bucket: Job Board + LinkedIn + Career Site
85.71,60,70,58.81,False,False,application: every Applications row,trailing 3m to 2026-09-14,Applications.Applied On,distinct candidate record,Candidates.Source as recorded,bucket: Job Board + LinkedIn
85.71,60,70,58.81,False,False,application: every Applications row,trailing 3m to 2026-09-14,Applications.Applied On,distinct person (name+phone),Candidates.Source as recorded,bucket: Job Board + LinkedIn
85.71,6,7,58.81,False,True,hired: Applications.Stage = Hired,calendar 2025,Applications.Closed On,distinct person (name+phone),Candidates.Source as recorded,bucket: Job Board + LinkedIn + Career Site
85.71,6,7,58.81,False,True,offer accepted: Offers.Status = Accepted,calendar 2025,Offers.Offered On,distinct person (name+phone),Candidates.Source as recorded,bucket: Job Board + LinkedIn + Career Site
85.77,217,253,58.87,False,False,application: every Applications row,2026 YTD to 2026-09-14,Applications.Applied On,distinct candidate record,Candidates.Source as recorded,bucket: Job Board + LinkedIn + Career Site
85.78,181,211,58.88,False,False,application: every Applications row,trailing 6m to 2026-08-27,Applications.Applied On,distinct candidate record,Candidates.Source as recorded,bucket: Job Board + LinkedIn + Career Site
85.89,213,248,58.99,False,False,application: every Applications row,2026 YTD to 2026-09-14,Applications.Applied On,distinct person (name+phone),Candidates.Source as recorded,bucket: Job Board + LinkedIn + Career Site
85.97,239,278,59.07,False,False,application: every Applications row,2026 YTD to 2026-09-14,Applications.Applied On,application rows,Candidates.Source as recorded,bucket: Job Board + LinkedIn + Career Site
86.28,239,277,59.38,False,False,application: every Applications row,2026 YTD to 2026-09-14,Applications.Applied On,distinct candidate+opening,Candidates.Source as recorded,bucket: Job Board + LinkedIn + Career Site
86.3,63,73,59.4,False,False,application: every Applications row,trailing 3m to 2026-09-14,Applications.Applied On,application rows,Candidates.Source as recorded,bucket: Job Board + LinkedIn
86.3,63,73,59.4,False,False,application: every Applications row,trailing 3m to 2026-09-14,Applications.Applied On,distinct candidate+opening,Candidates.Source as recorded,bucket: Job Board + LinkedIn
86.34,177,205,59.44,False,False,application: every Applications row,trailing 6m to 2026-09-14,Applications.Applied On,distinct person (name+phone),Candidates.Source as recorded,bucket: Job Board + LinkedIn + Career Site
86.41,178,206,59.51,False,False,application: every Applications row,trailing 6m to 2026-09-14,Applications.Applied On,distinct candidate record,Candidates.Source as recorded,bucket: Job Board + LinkedIn + Career Site
86.52,199,230,59.62,False,False,application: every Applications row,trailing 6m to 2026-08-27,Applications.Applied On,application rows,Candidates.Source as recorded,bucket: Job Board + LinkedIn + Career Site
86.52,199,230,59.62,False,False,application: every Applications row,trailing 6m to 2026-08-27,Applications.Applied On,distinct candidate+opening,Candidates.Source as recorded,bucket: Job Board + LinkedIn + Career Site
87.11,196,225,60.21,False,False,application: every Applications row,trailing 6m to 2026-09-14,Applications.Applied On,application rows,Candidates.Source as recorded,bucket: Job Board + LinkedIn + Career Site
87.11,196,225,60.21,False,False,application: every Applications row,trailing 6m to 2026-09-14,Applications.Applied On,distinct candidate+opening,Candidates.Source as recorded,bucket: Job Board + LinkedIn + Career Site
87.5,7,8,60.6,False,True,hired: Applications.Stage = Hired,calendar 2025,Applications.Applied On,distinct person (name+phone),Candidates.Source as recorded,bucket: Job Board + LinkedIn + Career Site
87.5,7,8,60.6,False,True,offer extended: any Offer record,calendar 2025,Offers.Offered On,distinct person (name+phone),Candidates.Source as recorded,bucket: Job Board + LinkedIn + Career Site
87.83,101,115,60.93,False,False,application: every Applications row,trailing 3m to 2026-08-27,Applications.Applied On,distinct person (name+phone),Applications.Referred By overrides Source,bucket: Job Board + LinkedIn + Career Site
87.93,102,116,61.03,False,False,application: every Applications row,trailing 3m to 2026-08-27,Applications.Applied On,distinct candidate record,Applications.Referred By overrides Source,bucket: Job Board + LinkedIn + Career Site
88.52,108,122,61.62,False,False,application: every Applications row,trailing 3m to 2026-08-27,Applications.Applied On,application rows,Applications.Referred By overrides Source,bucket: Job Board + LinkedIn + Career Site
88.52,108,122,61.62,False,False,application: every Applications row,trailing 3m to 2026-08-27,Applications.Applied On,distinct candidate+opening,Applications.Referred By overrides Source,bucket: Job Board + LinkedIn + Career Site
90.43,104,115,63.53,False,False,application: every Applications row,trailing 3m to 2026-08-27,Applications.Applied On,distinct person (name+phone),Candidates.Source as recorded,bucket: Job Board + LinkedIn + Career Site
90.52,105,116,63.62,False,False,application: every Applications row,trailing 3m to 2026-08-27,Applications.Applied On,distinct candidate record,Candidates.Source as recorded,bucket: Job Board + LinkedIn + Career Site
90.98,111,122,64.08,False,False,application: every Applications row,trailing 3m to 2026-08-27,Applications.Applied On,application rows,Candidates.Source as recorded,bucket: Job Board + LinkedIn + Career Site
90.98,111,122,64.08,False,False,application: every Applications row,trailing 3m to 2026-08-27,Applications.Applied On,distinct candidate+opening,Candidates.Source as recorded,bucket: Job Board + LinkedIn + Career Site
91.43,64,70,64.53,False,False,application: every Applications row,trailing 3m to 2026-09-14,Applications.Applied On,distinct candidate record,Applications.Referred By overrides Source,bucket: Job Board + LinkedIn + Career Site
91.43,64,70,64.53,False,False,application: every Applications row,trailing 3m to 2026-09-14,Applications.Applied On,distinct person (name+phone),Applications.Referred By overrides Source,bucket: Job Board + LinkedIn + Career Site
91.78,67,73,64.88,False,False,application: every Applications row,trailing 3m to 2026-09-14,Applications.Applied On,application rows,Applications.Referred By overrides Source,bucket: Job Board + LinkedIn + Career Site
91.78,67,73,64.88,False,False,application: every Applications row,trailing 3m to 2026-09-14,Applications.Applied On,distinct candidate+opening,Applications.Referred By overrides Source,bucket: Job Board + LinkedIn + Career Site
94.29,66,70,67.39,False,False,application: every Applications row,trailing 3m to 2026-09-14,Applications.Applied On,distinct candidate record,Candidates.Source as recorded,bucket: Job Board + LinkedIn + Career Site
94.29,66,70,67.39,False,False,application: every Applications row,trailing 3m to 2026-09-14,Applications.Applied On,distinct person (name+phone),Candidates.Source as recorded,bucket: Job Board + LinkedIn + Career Site
94.52,69,73,67.62,False,False,application: every Applications row,trailing 3m to 2026-09-14,Applications.Applied On,application rows,Candidates.Source as recorded,bucket: Job Board + LinkedIn + Career Site
94.52,69,73,67.62,False,False,application: every Applications row,trailing 3m to 2026-09-14,Applications.Applied On,distinct candidate+opening,Candidates.Source as recorded,bucket: Job Board + LinkedIn + Career Site
100.0,6,6,73.1,False,True,hired: Applications.Stage = Hired,calendar 2025,Offers.Decision On,distinct person (name+phone),Candidates.Source as recorded,bucket: Job Board + LinkedIn + Career Site
100.0,6,6,73.1,False,True,offer accepted: Offers.Status = Accepted,calendar 2025,Offers.Decision On,distinct person (name+phone),Candidates.Source as recorded,bucket: Job Board + LinkedIn + Career Site
,0,0,,False,True,hired: Applications.Stage = Hired,trailing 3m to 2026-09-14,Applications.Applied On,application rows,Candidates.Source as recorded,raw Source = Job Board
,0,0,,False,True,hired: Applications.Stage = Hired,trailing 3m to 2026-09-14,Applications.Applied On,application rows,Candidates.Source as recorded,bucket: Job Board + LinkedIn
,0,0,,False,True,hired: Applications.Stage = Hired,trailing 3m to 2026-09-14,Applications.Applied On,application rows,Candidates.Source as recorded,bucket: Job Board + LinkedIn + Career Site
,0,0,,False,True,hired: Applications.Stage = Hired,trailing 3m to 2026-09-14,Applications.Applied On,application rows,Applications.Referred By overrides Source,raw Source = Job Board
,0,0,,False,True,hired: Applications.Stage = Hired,trailing 3m to 2026-09-14,Applications.Applied On,application rows,Applications.Referred By overrides Source,bucket: Job Board + LinkedIn
,0,0,,False,True,hired: Applications.Stage = Hired,trailing 3m to 2026-09-14,Applications.Applied On,application rows,Applications.Referred By overrides Source,bucket: Job Board + LinkedIn + Career Site
,0,0,,False,True,hired: Applications.Stage = Hired,trailing 3m to 2026-09-14,Applications.Applied On,distinct candidate+opening,Candidates.Source as recorded,raw Source = Job Board
,0,0,,False,True,hired: Applications.Stage = Hired,trailing 3m to 2026-09-14,Applications.Applied On,distinct candidate+opening,Candidates.Source as recorded,bucket: Job Board + LinkedIn
,0,0,,False,True,hired: Applications.Stage = Hired,trailing 3m to 2026-09-14,Applications.Applied On,distinct candidate+opening,Candidates.Source as recorded,bucket: Job Board + LinkedIn + Career Site
,0,0,,False,True,hired: Applications.Stage = Hired,trailing 3m to 2026-09-14,Applications.Applied On,distinct candidate+opening,Applications.Referred By overrides Source,raw Source = Job Board
,0,0,,False,True,hired: Applications.Stage = Hired,trailing 3m to 2026-09-14,Applications.Applied On,distinct candidate+opening,Applications.Referred By overrides Source,bucket: Job Board + LinkedIn
,0,0,,False,True,hired: Applications.Stage = Hired,trailing 3m to 2026-09-14,Applications.Applied On,distinct candidate+opening,Applications.Referred By overrides Source,bucket: Job Board + LinkedIn + Career Site
,0,0,,False,True,hired: Applications.Stage = Hired,trailing 3m to 2026-09-14,Applications.Applied On,distinct candidate record,Candidates.Source as recorded,raw Source = Job Board
,0,0,,False,True,hired: Applications.Stage = Hired,trailing 3m to 2026-09-14,Applications.Applied On,distinct candidate record,Candidates.Source as recorded,bucket: Job Board + LinkedIn
,0,0,,False,True,hired: Applications.Stage = Hired,trailing 3m to 2026-09-14,Applications.Applied On,distinct candidate record,Candidates.Source as recorded,bucket: Job Board + LinkedIn + Career Site
,0,0,,False,True,hired: Applications.Stage = Hired,trailing 3m to 2026-09-14,Applications.Applied On,distinct candidate record,Applications.Referred By overrides Source,raw Source = Job Board
,0,0,,False,True,hired: Applications.Stage = Hired,trailing 3m to 2026-09-14,Applications.Applied On,distinct candidate record,Applications.Referred By overrides Source,bucket: Job Board + LinkedIn
,0,0,,False,True,hired: Applications.Stage = Hired,trailing 3m to 2026-09-14,Applications.Applied On,distinct candidate record,Applications.Referred By overrides Source,bucket: Job Board + LinkedIn + Career Site
,0,0,,False,True,hired: Applications.Stage = Hired,trailing 3m to 2026-09-14,Applications.Applied On,distinct person (name+phone),Candidates.Source as recorded,raw Source = Job Board
,0,0,,False,True,hired: Applications.Stage = Hired,trailing 3m to 2026-09-14,Applications.Applied On,distinct person (name+phone),Candidates.Source as recorded,bucket: Job Board + LinkedIn
,0,0,,False,True,hired: Applications.Stage = Hired,trailing 3m to 2026-09-14,Applications.Applied On,distinct person (name+phone),Candidates.Source as recorded,bucket: Job Board + LinkedIn + Career Site
,0,0,,False,True,hired: Applications.Stage = Hired,trailing 3m to 2026-09-14,Applications.Applied On,distinct person (name+phone),Applications.Referred By overrides Source,raw Source = Job Board
,0,0,,False,True,hired: Applications.Stage = Hired,trailing 3m to 2026-09-14,Applications.Applied On,distinct person (name+phone),Applications.Referred By overrides Source,bucket: Job Board + LinkedIn
,0,0,,False,True,hired: Applications.Stage = Hired,trailing 3m to 2026-09-14,Applications.Applied On,distinct person (name+phone),Applications.Referred By overrides Source,bucket: Job Board + LinkedIn + Career Site
