numerator,denominator,pct,abs_diff_pp,reproduces,definitions,all_time,unit,numerator_rule,pending_rule,rescinded_rule,date_basis,window
18.0,25,72.0,0.0,True,18,1,candidates: accepted if any offer accepted | candidates: outcome of latest offer (Offered On) | offer records | persons (name+phone): accepted if any offer accepted,Accepted and Proposed Start Date <= 2026-08-27 | Accepted and Proposed Start Date <= 2026-09-14 | Status = Accepted,Pending counted as accepted | Pending excluded | Pending with a Decision On counted as not accepted; other Pending excluded,none (no Rescinded status exists) | proxy: application carries a Rejection Reason -> excluded | proxy: offer on a Cancelled opening -> excluded | proxy: offer on a Cancelled opening -> not accepted,Applications.Offered On | Offers.Decision On | Offers.Offered On | none (all time),2026 YTD to 2026-09-14 | all time | trailing 12m to 2026-08-27 | trailing 12m to 2026-09-14
23.0,32,71.88,0.12,True,43,7,candidates: accepted if any offer accepted | candidates: outcome of latest offer (Offered On) | offer records,Accepted and Proposed Start Date <= 2026-08-27 | Accepted and Proposed Start Date <= 2026-09-14,Pending counted as accepted | Pending counted as not accepted | Pending excluded | Pending with a Decision On counted as not accepted; other Pending excluded,none (no Rescinded status exists) | proxy: application carries a Rejection Reason -> excluded | proxy: application carries a Rejection Reason -> not accepted,Applications.Offered On | Offers.Decision On | Offers.Offered On | none (all time),all time | trailing 12m to 2026-08-27 | trailing 12m to 2026-09-14
11.5,16,71.88,0.12,True,6,1,requisitions: mean of per-requisition rates,Accepted and Proposed Start Date <= 2026-09-14 | Status = Accepted,Pending counted as not accepted | Pending excluded,proxy: application carries a Rejection Reason -> not accepted | proxy: offer on a Cancelled opening -> excluded,Applications.Offered On | Offers.Decision On | Offers.Offered On | none (all time),2026 YTD to 2026-09-14 | all time | trailing 12m to 2026-08-27 | trailing 12m to 2026-09-14
26.0,36,72.22,0.22,True,16,4,"applications: Stage = Hired / Applications.Offered On present | applications: Stage = Hired / Stage in (Hired, Offer) | offer records",Accepted and Proposed Start Date <= 2026-09-14 | Applications.Stage = Hired | Status = Accepted,Pending counted as accepted | Pending counted as not accepted | n/a: Stage cannot separate Pending from Declined,n/a | none (no Rescinded status exists) | proxy: application carries a Rejection Reason -> not accepted,Applications.Offered On | Offers.Offered On | none (all time),all time | trailing 12m to 2026-08-27 | trailing 12m to 2026-09-14
13.0,18,72.22,0.22,True,30,0,candidates: accepted if any offer accepted | candidates: outcome of latest offer (Offered On) | offer records | persons (name+phone): accepted if any offer accepted,Accepted and Proposed Start Date <= 2026-08-27 | Accepted and Proposed Start Date <= 2026-09-14,Pending excluded,none (no Rescinded status exists) | proxy: application carries a Rejection Reason -> excluded | proxy: application carries a Rejection Reason -> not accepted | proxy: offer on a Cancelled opening -> excluded | proxy: offer on a Cancelled opening -> not accepted,Applications.Offered On | Offers.Decision On | Offers.Offered On,trailing 6m to 2026-08-27 | trailing 6m to 2026-09-14
6.5,9,72.22,0.22,True,5,0,requisitions: mean of per-requisition rates,Accepted and Proposed Start Date <= 2026-08-27,Pending excluded,none (no Rescinded status exists) | proxy: application carries a Rejection Reason -> excluded | proxy: application carries a Rejection Reason -> not accepted | proxy: offer on a Cancelled opening -> excluded | proxy: offer on a Cancelled opening -> not accepted,Offers.Decision On,trailing 3m to 2026-09-14
9.33,13,71.77,0.23,True,22,0,requisitions: mean of per-requisition rates,Accepted and Proposed Start Date <= 2026-08-27 | Status = Accepted,Pending counted as accepted | Pending counted as not accepted | Pending with a Decision On counted as not accepted; other Pending excluded,none (no Rescinded status exists) | proxy: application carries a Rejection Reason -> excluded | proxy: application carries a Rejection Reason -> not accepted | proxy: offer on a Cancelled opening -> excluded,Applications.Offered On | Offers.Decision On | Offers.Offered On,trailing 6m to 2026-08-27 | trailing 6m to 2026-09-14
21.0,29,72.41,0.41,True,44,7,candidates: accepted if any offer accepted | offer records | persons (name+phone): accepted if any offer accepted,Accepted and Proposed Start Date <= 2026-08-27 | Accepted and Proposed Start Date <= 2026-09-14,Pending counted as accepted | Pending counted as not accepted | Pending excluded | Pending with a Decision On counted as not accepted; other Pending excluded,proxy: application carries a Rejection Reason -> excluded | proxy: application carries a Rejection Reason -> not accepted | proxy: offer on a Cancelled opening -> excluded | proxy: offer on a Cancelled opening -> not accepted,Applications.Offered On | Offers.Decision On | Offers.Offered On | none (all time),2026 YTD to 2026-09-14 | all time | trailing 12m to 2026-08-27 | trailing 12m to 2026-09-14
12.17,17,71.59,0.41,True,8,1,requisitions: mean of per-requisition rates,Accepted and Proposed Start Date <= 2026-08-27 | Accepted and Proposed Start Date <= 2026-09-14,Pending counted as accepted | Pending counted as not accepted,proxy: application carries a Rejection Reason -> excluded | proxy: offer on a Cancelled opening -> not accepted,Applications.Offered On | Offers.Decision On | Offers.Offered On | none (all time),2026 YTD to 2026-09-14 | all time | trailing 12m to 2026-08-27 | trailing 12m to 2026-09-14
25.0,35,71.43,0.57,False,11,1,offer records,Accepted and Proposed Start Date <= 2026-09-14,Pending counted as accepted | Pending counted as not accepted | Pending with a Decision On counted as not accepted; other Pending excluded,none (no Rescinded status exists) | proxy: application carries a Rejection Reason -> not accepted,Applications.Offered On | Offers.Decision On | Offers.Offered On | none (all time),all time | trailing 12m to 2026-08-27 | trailing 12m to 2026-09-14
20.0,28,71.43,0.57,False,32,4,candidates: accepted if any offer accepted | candidates: outcome of latest offer (Offered On) | offer records | persons (name+phone): accepted if any offer accepted,Accepted and Proposed Start Date <= 2026-08-27 | Status = Accepted,Pending counted as accepted | Pending counted as not accepted | Pending excluded | Pending with a Decision On counted as not accepted; other Pending excluded,none (no Rescinded status exists) | proxy: application carries a Rejection Reason -> excluded | proxy: application carries a Rejection Reason -> not accepted | proxy: offer on a Cancelled opening -> not accepted,Applications.Offered On | Offers.Decision On | Offers.Offered On | none (all time),2026 YTD to 2026-09-14 | all time | trailing 12m to 2026-08-27 | trailing 12m to 2026-09-14
15.0,21,71.43,0.57,False,22,0,candidates: accepted if any offer accepted | candidates: outcome of latest offer (Offered On) | offer records | persons (name+phone): accepted if any offer accepted,Accepted and Proposed Start Date <= 2026-08-27 | Accepted and Proposed Start Date <= 2026-09-14 | Status = Accepted,Pending counted as not accepted | Pending excluded | Pending with a Decision On counted as not accepted; other Pending excluded,none (no Rescinded status exists) | proxy: application carries a Rejection Reason -> excluded | proxy: offer on a Cancelled opening -> excluded | proxy: offer on a Cancelled opening -> not accepted,Applications.Offered On | Offers.Decision On | Offers.Offered On,2026 YTD to 2026-09-14 | trailing 6m to 2026-08-27 | trailing 6m to 2026-09-14
10.0,14,71.43,0.57,False,48,0,candidates: accepted if any offer accepted | candidates: outcome of latest offer (Offered On) | offer records | persons (name+phone): accepted if any offer accepted | requisitions: mean of per-requisition rates | requisitions: share with >=1 accepted offer,Accepted and Proposed Start Date <= 2026-08-27 | Accepted and Proposed Start Date <= 2026-09-14 | Status = Accepted,Pending counted as not accepted | Pending excluded | Pending with a Decision On counted as not accepted; other Pending excluded,none (no Rescinded status exists) | proxy: application carries a Rejection Reason -> excluded | proxy: application carries a Rejection Reason -> not accepted | proxy: offer on a Cancelled opening -> excluded | proxy: offer on a Cancelled opening -> not accepted,Applications.Offered On | Offers.Decision On | Offers.Offered On,2026 YTD to 2026-09-14 | trailing 3m to 2026-08-27 | trailing 6m to 2026-08-27 | trailing 6m to 2026-09-14
10.17,14,72.64,0.64,False,2,0,requisitions: mean of per-requisition rates,Accepted and Proposed Start Date <= 2026-08-27,Pending with a Decision On counted as not accepted; other Pending excluded,proxy: application carries a Rejection Reason -> excluded,Applications.Offered On | Offers.Offered On,2026 YTD to 2026-09-14
24.0,33,72.73,0.73,False,10,2,offer records,Accepted and Proposed Start Date <= 2026-08-27 | Status = Accepted,Pending counted as accepted | Pending counted as not accepted,proxy: application carries a Rejection Reason -> excluded,Applications.Offered On | Offers.Offered On | none (all time),all time | trailing 12m to 2026-08-27 | trailing 12m to 2026-09-14
16.0,22,72.73,0.73,False,57,0,candidates: accepted if any offer accepted | candidates: outcome of latest offer (Offered On) | persons (name+phone): accepted if any offer accepted,Accepted and Proposed Start Date <= 2026-08-27 | Accepted and Proposed Start Date <= 2026-09-14,Pending counted as accepted | Pending excluded,none (no Rescinded status exists) | proxy: application carries a Rejection Reason -> excluded | proxy: application carries a Rejection Reason -> not accepted | proxy: offer on a Cancelled opening -> not accepted,Applications.Offered On | Offers.Decision On | Offers.Offered On,2026 YTD to 2026-09-14 | trailing 6m to 2026-08-27 | trailing 6m to 2026-09-14
8.0,11,72.73,0.73,False,167,0,"applications: Stage = Hired / Applications.Offered On present | applications: Stage = Hired / Stage in (Hired, Offer) | candidates: accepted if any offer accepted | candidates: outcome of latest offer (Offered On) | offer records | persons (name+phone): accepted if any offer accepted | requisitions: mean of per-requisition rates | requisitions: share with >=1 accepted offer",Accepted and Proposed Start Date <= 2026-08-27 | Accepted and Proposed Start Date <= 2026-09-14 | Applications.Stage = Hired | Status = Accepted,Pending counted as accepted | Pending counted as not accepted | Pending with a Decision On counted as not accepted; other Pending excluded | n/a: Stage cannot separate Pending from Declined,n/a | none (no Rescinded status exists) | proxy: application carries a Rejection Reason -> excluded | proxy: application carries a Rejection Reason -> not accepted | proxy: offer on a Cancelled opening -> excluded | proxy: offer on a Cancelled opening -> not accepted,Applications.Offered On | Offers.Decision On | Offers.Offered On,trailing 3m to 2026-08-27 | trailing 3m to 2026-09-14
7.83,11,71.18,0.82,False,12,0,requisitions: mean of per-requisition rates,Accepted and Proposed Start Date <= 2026-08-27,Pending excluded,none (no Rescinded status exists) | proxy: application carries a Rejection Reason -> excluded | proxy: application carries a Rejection Reason -> not accepted | proxy: offer on a Cancelled opening -> not accepted,Applications.Offered On | Offers.Decision On | Offers.Offered On,trailing 6m to 2026-08-27 | trailing 6m to 2026-09-14
10.67,15,71.13,0.87,False,3,0,requisitions: mean of per-requisition rates,Accepted and Proposed Start Date <= 2026-08-27,Pending counted as accepted | Pending counted as not accepted | Pending with a Decision On counted as not accepted; other Pending excluded,proxy: application carries a Rejection Reason -> excluded | proxy: offer on a Cancelled opening -> excluded,Offers.Decision On,2026 YTD to 2026-09-14
11.67,16,72.94,0.94,False,9,1,requisitions: mean of per-requisition rates,Accepted and Proposed Start Date <= 2026-08-27,Pending counted as accepted | Pending excluded,proxy: application carries a Rejection Reason -> not accepted,Applications.Offered On | Offers.Decision On | Offers.Offered On | none (all time),2026 YTD to 2026-09-14 | all time | trailing 12m to 2026-08-27 | trailing 12m to 2026-09-14
22.0,31,70.97,1.03,False,36,4,candidates: accepted if any offer accepted | candidates: outcome of latest offer (Offered On) | offer records | persons (name+phone): accepted if any offer accepted,Accepted and Proposed Start Date <= 2026-08-27 | Accepted and Proposed Start Date <= 2026-09-14 | Status = Accepted,Pending counted as accepted | Pending counted as not accepted | Pending excluded | Pending with a Decision On counted as not accepted; other Pending excluded,none (no Rescinded status exists) | proxy: application carries a Rejection Reason -> not accepted | proxy: offer on a Cancelled opening -> not accepted,Applications.Offered On | Offers.Decision On | Offers.Offered On | none (all time),all time | trailing 12m to 2026-08-27 | trailing 12m to 2026-09-14
12.42,17,73.06,1.06,False,9,1,requisitions: mean of per-requisition rates,Accepted and Proposed Start Date <= 2026-08-27,Pending counted as not accepted | Pending with a Decision On counted as not accepted; other Pending excluded,none (no Rescinded status exists),Applications.Offered On | Offers.Decision On | Offers.Offered On | none (all time),all time | trailing 12m to 2026-08-27 | trailing 12m to 2026-09-14
19.0,26,73.08,1.08,False,64,5,candidates: accepted if any offer accepted | candidates: outcome of latest offer (Offered On) | offer records | persons (name+phone): accepted if any offer accepted,Accepted and Proposed Start Date <= 2026-08-27 | Accepted and Proposed Start Date <= 2026-09-14 | Status = Accepted,Pending counted as accepted | Pending counted as not accepted | Pending excluded | Pending with a Decision On counted as not accepted; other Pending excluded,none (no Rescinded status exists) | proxy: application carries a Rejection Reason -> excluded | proxy: application carries a Rejection Reason -> not accepted | proxy: offer on a Cancelled opening -> excluded | proxy: offer on a Cancelled opening -> not accepted,Applications.Offered On | Offers.Decision On | Offers.Offered On | none (all time),2026 YTD to 2026-09-14 | all time | trailing 12m to 2026-08-27 | trailing 12m to 2026-09-14
17.0,24,70.83,1.17,False,20,0,candidates: accepted if any offer accepted | candidates: outcome of latest offer (Offered On) | offer records | persons (name+phone): accepted if any offer accepted,Accepted and Proposed Start Date <= 2026-08-27 | Accepted and Proposed Start Date <= 2026-09-14 | Status = Accepted,Pending counted as accepted | Pending counted as not accepted | Pending excluded | Pending with a Decision On counted as not accepted; other Pending excluded,proxy: application carries a Rejection Reason -> excluded | proxy: application carries a Rejection Reason -> not accepted | proxy: offer on a Cancelled opening -> excluded | proxy: offer on a Cancelled opening -> not accepted,Applications.Offered On | Offers.Decision On | Offers.Offered On,2026 YTD to 2026-09-14 | trailing 6m to 2026-08-27
12.75,18,70.83,1.17,False,5,1,requisitions: mean of per-requisition rates,Accepted and Proposed Start Date <= 2026-09-14,Pending counted as not accepted,none (no Rescinded status exists),Applications.Offered On | Offers.Offered On | none (all time),all time | trailing 12m to 2026-08-27 | trailing 12m to 2026-09-14
13.17,18,73.17,1.17,False,5,1,requisitions: mean of per-requisition rates,Accepted and Proposed Start Date <= 2026-08-27,Pending counted as accepted,proxy: offer on a Cancelled opening -> not accepted,Applications.Offered On | Offers.Offered On | none (all time),all time | trailing 12m to 2026-08-27 | trailing 12m to 2026-09-14
22.0,30,73.33,1.33,False,20,2,offer records | persons (name+phone): accepted if any offer accepted,Accepted and Proposed Start Date <= 2026-08-27 | Accepted and Proposed Start Date <= 2026-09-14 | Status = Accepted,Pending counted as accepted | Pending counted as not accepted | Pending with a Decision On counted as not accepted; other Pending excluded,proxy: application carries a Rejection Reason -> not accepted | proxy: offer on a Cancelled opening -> excluded | proxy: offer on a Cancelled opening -> not accepted,Applications.Offered On | Offers.Decision On | Offers.Offered On | none (all time),all time | trailing 12m to 2026-08-27 | trailing 12m to 2026-09-14
11.0,15,73.33,1.33,False,50,0,candidates: accepted if any offer accepted | candidates: outcome of latest offer (Offered On) | offer records | persons (name+phone): accepted if any offer accepted | requisitions: mean of per-requisition rates,Accepted and Proposed Start Date <= 2026-09-14 | Status = Accepted,Pending counted as not accepted | Pending with a Decision On counted as not accepted; other Pending excluded,none (no Rescinded status exists) | proxy: application carries a Rejection Reason -> excluded | proxy: application carries a Rejection Reason -> not accepted | proxy: offer on a Cancelled opening -> excluded | proxy: offer on a Cancelled opening -> not accepted,Applications.Offered On | Offers.Decision On | Offers.Offered On,2026 YTD to 2026-09-14 | trailing 3m to 2026-09-14
12.0,17,70.59,1.41,False,78,2,candidates: accepted if any offer accepted | candidates: outcome of latest offer (Offered On) | offer records | persons (name+phone): accepted if any offer accepted | requisitions: mean of per-requisition rates,Accepted and Proposed Start Date <= 2026-08-27 | Status = Accepted,Pending counted as not accepted | Pending excluded | Pending with a Decision On counted as not accepted; other Pending excluded,none (no Rescinded status exists) | proxy: application carries a Rejection Reason -> excluded | proxy: application carries a Rejection Reason -> not accepted | proxy: offer on a Cancelled opening -> excluded | proxy: offer on a Cancelled opening -> not accepted,Applications.Offered On | Offers.Decision On | Offers.Offered On | none (all time),2026 YTD to 2026-09-14 | all time | trailing 12m to 2026-08-27 | trailing 12m to 2026-09-14 | trailing 3m to 2026-08-27 | trailing 6m to 2026-08-27 | trailing 6m to 2026-09-14
12.5,17,73.53,1.53,False,3,0,requisitions: mean of per-requisition rates,Accepted and Proposed Start Date <= 2026-09-14 | Status = Accepted,Pending counted as accepted,proxy: application carries a Rejection Reason -> not accepted,Offers.Decision On,2026 YTD to 2026-09-14 | trailing 12m to 2026-08-27 | trailing 12m to 2026-09-14
8.83,12,73.58,1.58,False,8,0,requisitions: mean of per-requisition rates,Status = Accepted,Pending counted as not accepted | Pending with a Decision On counted as not accepted; other Pending excluded,proxy: offer on a Cancelled opening -> excluded,Applications.Offered On | Offers.Decision On | Offers.Offered On,trailing 6m to 2026-08-27 | trailing 6m to 2026-09-14
13.25,18,73.61,1.61,False,5,1,requisitions: mean of per-requisition rates,Status = Accepted,Pending counted as not accepted,none (no Rescinded status exists),Applications.Offered On | Offers.Offered On | none (all time),all time | trailing 12m to 2026-08-27 | trailing 12m to 2026-09-14
12.67,18,70.39,1.61,False,5,1,requisitions: mean of per-requisition rates,Accepted and Proposed Start Date <= 2026-08-27,Pending counted as accepted,proxy: application carries a Rejection Reason -> not accepted,Applications.Offered On | Offers.Offered On | none (all time),all time | trailing 12m to 2026-08-27 | trailing 12m to 2026-09-14
19.0,27,70.37,1.63,False,35,4,candidates: accepted if any offer accepted | candidates: outcome of latest offer (Offered On) | offer records,Accepted and Proposed Start Date <= 2026-08-27 | Accepted and Proposed Start Date <= 2026-09-14 | Status = Accepted,Pending counted as accepted | Pending counted as not accepted | Pending excluded | Pending with a Decision On counted as not accepted; other Pending excluded,none (no Rescinded status exists) | proxy: application carries a Rejection Reason -> excluded | proxy: application carries a Rejection Reason -> not accepted | proxy: offer on a Cancelled opening -> excluded | proxy: offer on a Cancelled opening -> not accepted,Applications.Offered On | Offers.Decision On | Offers.Offered On | none (all time),2026 YTD to 2026-09-14 | all time | trailing 12m to 2026-08-27 | trailing 12m to 2026-09-14
14.0,19,73.68,1.68,False,58,0,candidates: accepted if any offer accepted | candidates: outcome of latest offer (Offered On) | offer records | persons (name+phone): accepted if any offer accepted,Accepted and Proposed Start Date <= 2026-08-27 | Accepted and Proposed Start Date <= 2026-09-14 | Status = Accepted,Pending excluded,none (no Rescinded status exists) | proxy: application carries a Rejection Reason -> excluded | proxy: application carries a Rejection Reason -> not accepted | proxy: offer on a Cancelled opening -> excluded | proxy: offer on a Cancelled opening -> not accepted,Applications.Offered On | Offers.Decision On | Offers.Offered On,2026 YTD to 2026-09-14 | trailing 6m to 2026-08-27 | trailing 6m to 2026-09-14
9.83,14,70.21,1.79,False,6,0,requisitions: mean of per-requisition rates,Accepted and Proposed Start Date <= 2026-08-27,Pending counted as accepted,none (no Rescinded status exists) | proxy: application carries a Rejection Reason -> excluded | proxy: application carries a Rejection Reason -> not accepted,Applications.Offered On | Offers.Offered On,trailing 6m to 2026-08-27
17.0,23,73.91,1.91,False,50,0,candidates: accepted if any offer accepted | candidates: outcome of latest offer (Offered On) | offer records | persons (name+phone): accepted if any offer accepted,Accepted and Proposed Start Date <= 2026-08-27 | Accepted and Proposed Start Date <= 2026-09-14 | Status = Accepted,Pending counted as accepted | Pending counted as not accepted | Pending excluded | Pending with a Decision On counted as not accepted; other Pending excluded,none (no Rescinded status exists) | proxy: application carries a Rejection Reason -> excluded | proxy: application carries a Rejection Reason -> not accepted | proxy: offer on a Cancelled opening -> excluded | proxy: offer on a Cancelled opening -> not accepted,Applications.Offered On | Offers.Decision On | Offers.Offered On,2026 YTD to 2026-09-14 | trailing 6m to 2026-08-27 | trailing 6m to 2026-09-14
11.83,16,73.94,1.94,False,9,1,requisitions: mean of per-requisition rates,Accepted and Proposed Start Date <= 2026-08-27,Pending counted as not accepted | Pending with a Decision On counted as not accepted; other Pending excluded,proxy: application carries a Rejection Reason -> excluded,Applications.Offered On | Offers.Decision On | Offers.Offered On | none (all time),all time | trailing 12m to 2026-08-27 | trailing 12m to 2026-09-14
21.0,30,70.0,2.0,False,23,3,offer records | persons (name+phone): accepted if any offer accepted,Accepted and Proposed Start Date <= 2026-08-27 | Accepted and Proposed Start Date <= 2026-09-14,Pending counted as not accepted | Pending with a Decision On counted as not accepted; other Pending excluded,proxy: application carries a Rejection Reason -> not accepted | proxy: offer on a Cancelled opening -> excluded,Applications.Offered On | Offers.Decision On | Offers.Offered On | none (all time),all time | trailing 12m to 2026-08-27 | trailing 12m to 2026-09-14
14.0,20,70.0,2.0,False,40,0,candidates: accepted if any offer accepted | candidates: outcome of latest offer (Offered On) | offer records | persons (name+phone): accepted if any offer accepted,Accepted and Proposed Start Date <= 2026-08-27 | Accepted and Proposed Start Date <= 2026-09-14 | Status = Accepted,Pending counted as not accepted | Pending excluded | Pending with a Decision On counted as not accepted; other Pending excluded,none (no Rescinded status exists) | proxy: application carries a Rejection Reason -> excluded | proxy: application carries a Rejection Reason -> not accepted | proxy: offer on a Cancelled opening -> excluded | proxy: offer on a Cancelled opening -> not accepted,Applications.Offered On | Offers.Decision On | Offers.Offered On,trailing 6m to 2026-08-27 | trailing 6m to 2026-09-14
10.5,15,70.0,2.0,False,12,0,requisitions: mean of per-requisition rates,Accepted and Proposed Start Date <= 2026-09-14 | Status = Accepted,Pending counted as not accepted | Pending with a Decision On counted as not accepted; other Pending excluded,none (no Rescinded status exists) | proxy: application carries a Rejection Reason -> excluded | proxy: application carries a Rejection Reason -> not accepted | proxy: offer on a Cancelled opening -> excluded | proxy: offer on a Cancelled opening -> not accepted,Applications.Offered On | Offers.Decision On | Offers.Offered On,2026 YTD to 2026-09-14
20.0,27,74.07,2.07,False,22,3,candidates: accepted if any offer accepted | candidates: outcome of latest offer (Offered On) | offer records,Accepted and Proposed Start Date <= 2026-08-27 | Accepted and Proposed Start Date <= 2026-09-14 | Status = Accepted,Pending counted as accepted | Pending counted as not accepted | Pending excluded,none (no Rescinded status exists) | proxy: application carries a Rejection Reason -> excluded | proxy: application carries a Rejection Reason -> not accepted | proxy: offer on a Cancelled opening -> excluded,Applications.Offered On | Offers.Decision On | Offers.Offered On | none (all time),2026 YTD to 2026-09-14 | all time | trailing 12m to 2026-08-27 | trailing 12m to 2026-09-14
6.67,9,74.11,2.11,False,5,0,requisitions: mean of per-requisition rates,Accepted and Proposed Start Date <= 2026-08-27,Pending excluded,none (no Rescinded status exists) | proxy: application carries a Rejection Reason -> excluded | proxy: application carries a Rejection Reason -> not accepted | proxy: offer on a Cancelled opening -> excluded | proxy: offer on a Cancelled opening -> not accepted,Offers.Decision On,trailing 3m to 2026-08-27
23.0,31,74.19,2.19,False,49,7,candidates: accepted if any offer accepted | candidates: outcome of latest offer (Offered On) | persons (name+phone): accepted if any offer accepted,Accepted and Proposed Start Date <= 2026-08-27 | Accepted and Proposed Start Date <= 2026-09-14 | Status = Accepted,Pending counted as accepted | Pending counted as not accepted | Pending with a Decision On counted as not accepted; other Pending excluded,none (no Rescinded status exists) | proxy: application carries a Rejection Reason -> not accepted | proxy: offer on a Cancelled opening -> not accepted,Applications.Offered On | Offers.Decision On | Offers.Offered On | none (all time),all time | trailing 12m to 2026-08-27 | trailing 12m to 2026-09-14
11.17,16,69.81,2.19,False,5,1,requisitions: mean of per-requisition rates,Accepted and Proposed Start Date <= 2026-08-27,Pending counted as not accepted,proxy: offer on a Cancelled opening -> excluded,Applications.Offered On | Offers.Offered On | none (all time),all time | trailing 12m to 2026-08-27 | trailing 12m to 2026-09-14
8.17,11,74.27,2.27,False,10,0,requisitions: mean of per-requisition rates,Status = Accepted,Pending counted as not accepted | Pending with a Decision On counted as not accepted; other Pending excluded,none (no Rescinded status exists) | proxy: application carries a Rejection Reason -> excluded | proxy: application carries a Rejection Reason -> not accepted | proxy: offer on a Cancelled opening -> excluded | proxy: offer on a Cancelled opening -> not accepted,Offers.Decision On,trailing 3m to 2026-08-27
7.67,11,69.73,2.27,False,10,0,requisitions: mean of per-requisition rates,Accepted and Proposed Start Date <= 2026-09-14,Pending counted as not accepted | Pending with a Decision On counted as not accepted; other Pending excluded,none (no Rescinded status exists) | proxy: application carries a Rejection Reason -> excluded | proxy: application carries a Rejection Reason -> not accepted | proxy: offer on a Cancelled opening -> excluded | proxy: offer on a Cancelled opening -> not accepted,Offers.Decision On,trailing 3m to 2026-08-27
26.0,35,74.29,2.29,False,13,1,offer records,Accepted and Proposed Start Date <= 2026-08-27 | Status = Accepted,Pending counted as accepted | Pending counted as not accepted | Pending with a Decision On counted as not accepted; other Pending excluded,none (no Rescinded status exists) | proxy: offer on a Cancelled opening -> not accepted,Applications.Offered On | Offers.Decision On | Offers.Offered On | none (all time),all time | trailing 12m to 2026-08-27 | trailing 12m to 2026-09-14
23.0,33,69.7,2.3,False,5,1,offer records,Accepted and Proposed Start Date <= 2026-09-14,Pending counted as not accepted,proxy: application carries a Rejection Reason -> excluded,Applications.Offered On | Offers.Offered On | none (all time),all time | trailing 12m to 2026-08-27 | trailing 12m to 2026-09-14
11.83,17,69.59,2.41,False,5,1,requisitions: mean of per-requisition rates,Accepted and Proposed Start Date <= 2026-08-27,Pending counted as not accepted,proxy: application carries a Rejection Reason -> excluded,Applications.Offered On | Offers.Offered On | none (all time),all time | trailing 12m to 2026-08-27 | trailing 12m to 2026-09-14
16.0,23,69.57,2.43,False,46,0,candidates: accepted if any offer accepted | candidates: outcome of latest offer (Offered On) | offer records | persons (name+phone): accepted if any offer accepted,Accepted and Proposed Start Date <= 2026-08-27 | Accepted and Proposed Start Date <= 2026-09-14 | Status = Accepted,Pending counted as accepted | Pending counted as not accepted | Pending excluded | Pending with a Decision On counted as not accepted; other Pending excluded,none (no Rescinded status exists) | proxy: application carries a Rejection Reason -> excluded | proxy: application carries a Rejection Reason -> not accepted | proxy: offer on a Cancelled opening -> excluded | proxy: offer on a Cancelled opening -> not accepted,Applications.Offered On | Offers.Decision On | Offers.Offered On,2026 YTD to 2026-09-14 | trailing 6m to 2026-08-27 | trailing 6m to 2026-09-14
11.17,15,74.47,2.47,False,10,1,requisitions: mean of per-requisition rates,Accepted and Proposed Start Date <= 2026-08-27,Pending counted as not accepted | Pending excluded | Pending with a Decision On counted as not accepted; other Pending excluded,proxy: offer on a Cancelled opening -> excluded | proxy: offer on a Cancelled opening -> not accepted,Applications.Offered On | Offers.Decision On | Offers.Offered On | none (all time),2026 YTD to 2026-09-14 | all time | trailing 12m to 2026-08-27 | trailing 12m to 2026-09-14
12.67,17,74.53,2.53,False,6,1,requisitions: mean of per-requisition rates,Accepted and Proposed Start Date <= 2026-08-27 | Status = Accepted,Pending counted as accepted | Pending counted as not accepted,none (no Rescinded status exists) | proxy: application carries a Rejection Reason -> excluded,Applications.Offered On | Offers.Decision On | Offers.Offered On | none (all time),2026 YTD to 2026-09-14 | all time | trailing 12m to 2026-08-27 | trailing 12m to 2026-09-14
25.0,36,69.44,2.56,False,10,2,offer records,Accepted and Proposed Start Date <= 2026-09-14,Pending counted as accepted | Pending counted as not accepted,none (no Rescinded status exists) | proxy: offer on a Cancelled opening -> not accepted,Applications.Offered On | Offers.Offered On | none (all time),all time | trailing 12m to 2026-08-27 | trailing 12m to 2026-09-14
8.33,12,69.42,2.58,False,10,0,requisitions: mean of per-requisition rates,Accepted and Proposed Start Date <= 2026-08-27 | Accepted and Proposed Start Date <= 2026-09-14,Pending counted as accepted | Pending counted as not accepted | Pending with a Decision On counted as not accepted; other Pending excluded,proxy: offer on a Cancelled opening -> excluded,Applications.Offered On | Offers.Decision On | Offers.Offered On,trailing 6m to 2026-08-27 | trailing 6m to 2026-09-14
18.0,26,69.23,2.77,False,31,1,candidates: accepted if any offer accepted | candidates: outcome of latest offer (Offered On) | offer records | persons (name+phone): accepted if any offer accepted,Accepted and Proposed Start Date <= 2026-08-27 | Accepted and Proposed Start Date <= 2026-09-14 | Status = Accepted,Pending counted as accepted | Pending counted as not accepted | Pending excluded | Pending with a Decision On counted as not accepted; other Pending excluded,none (no Rescinded status exists) | proxy: application carries a Rejection Reason -> excluded | proxy: application carries a Rejection Reason -> not accepted | proxy: offer on a Cancelled opening -> excluded | proxy: offer on a Cancelled opening -> not accepted,Applications.Offered On | Offers.Decision On | Offers.Offered On | none (all time),2026 YTD to 2026-09-14 | all time | trailing 12m to 2026-08-27 | trailing 12m to 2026-09-14
9.0,13,69.23,2.77,False,18,0,requisitions: share with >=1 accepted offer,Accepted and Proposed Start Date <= 2026-08-27,Pending counted as not accepted | Pending with a Decision On counted as not accepted; other Pending excluded,none (no Rescinded status exists) | proxy: application carries a Rejection Reason -> excluded | proxy: application carries a Rejection Reason -> not accepted | proxy: offer on a Cancelled opening -> excluded | proxy: offer on a Cancelled opening -> not accepted,Applications.Offered On | Offers.Decision On | Offers.Offered On,trailing 6m to 2026-08-27 | trailing 6m to 2026-09-14
9.67,14,69.07,2.93,False,2,0,requisitions: mean of per-requisition rates,Accepted and Proposed Start Date <= 2026-08-27,Pending with a Decision On counted as not accepted; other Pending excluded,proxy: offer on a Cancelled opening -> excluded,Applications.Offered On | Offers.Offered On,2026 YTD to 2026-09-14
27.0,36,75.0,3.0,False,10,2,offer records,Accepted and Proposed Start Date <= 2026-08-27 | Status = Accepted,Pending counted as accepted,none (no Rescinded status exists) | proxy: offer on a Cancelled opening -> not accepted,Applications.Offered On | Offers.Offered On | none (all time),all time | trailing 12m to 2026-08-27 | trailing 12m to 2026-09-14
24.0,32,75.0,3.0,False,36,6,candidates: accepted if any offer accepted | candidates: outcome of latest offer (Offered On) | offer records,Status = Accepted,Pending counted as accepted | Pending counted as not accepted | Pending excluded | Pending with a Decision On counted as not accepted; other Pending excluded,none (no Rescinded status exists) | proxy: application carries a Rejection Reason -> excluded | proxy: application carries a Rejection Reason -> not accepted | proxy: offer on a Cancelled opening -> not accepted,Applications.Offered On | Offers.Decision On | Offers.Offered On | none (all time),all time | trailing 12m to 2026-08-27 | trailing 12m to 2026-09-14
21.0,28,75.0,3.0,False,56,6,candidates: accepted if any offer accepted | candidates: outcome of latest offer (Offered On) | offer records | persons (name+phone): accepted if any offer accepted,Accepted and Proposed Start Date <= 2026-08-27 | Accepted and Proposed Start Date <= 2026-09-14,Pending counted as accepted | Pending counted as not accepted | Pending excluded | Pending with a Decision On counted as not accepted; other Pending excluded,proxy: application carries a Rejection Reason -> excluded | proxy: application carries a Rejection Reason -> not accepted | proxy: offer on a Cancelled opening -> not accepted,Applications.Offered On | Offers.Decision On | Offers.Offered On | none (all time),2026 YTD to 2026-09-14 | all time | trailing 12m to 2026-08-27 | trailing 12m to 2026-09-14
18.0,24,75.0,3.0,False,14,0,candidates: accepted if any offer accepted | offer records | persons (name+phone): accepted if any offer accepted,Accepted and Proposed Start Date <= 2026-08-27 | Accepted and Proposed Start Date <= 2026-09-14,Pending counted as accepted | Pending excluded,none (no Rescinded status exists) | proxy: application carries a Rejection Reason -> excluded | proxy: application carries a Rejection Reason -> not accepted | proxy: offer on a Cancelled opening -> excluded,Applications.Offered On | Offers.Decision On | Offers.Offered On,2026 YTD to 2026-09-14 | trailing 6m to 2026-08-27
15.0,20,75.0,3.0,False,23,0,candidates: accepted if any offer accepted | candidates: outcome of latest offer (Offered On) | offer records | persons (name+phone): accepted if any offer accepted,Accepted and Proposed Start Date <= 2026-08-27 | Accepted and Proposed Start Date <= 2026-09-14 | Status = Accepted,Pending counted as accepted | Pending excluded,none (no Rescinded status exists) | proxy: application carries a Rejection Reason -> excluded | proxy: application carries a Rejection Reason -> not accepted | proxy: offer on a Cancelled opening -> excluded | proxy: offer on a Cancelled opening -> not accepted,Applications.Offered On | Offers.Decision On | Offers.Offered On,2026 YTD to 2026-09-14 | trailing 6m to 2026-08-27 | trailing 6m to 2026-09-14
12.42,18,69.0,3.0,False,5,1,requisitions: mean of per-requisition rates,Accepted and Proposed Start Date <= 2026-08-27,Pending counted as not accepted,none (no Rescinded status exists),Applications.Offered On | Offers.Offered On | none (all time),all time | trailing 12m to 2026-08-27 | trailing 12m to 2026-09-14
13.5,18,75.0,3.0,False,5,1,requisitions: mean of per-requisition rates,Accepted and Proposed Start Date <= 2026-09-14,Pending counted as accepted,proxy: application carries a Rejection Reason -> not accepted,Applications.Offered On | Offers.Offered On | none (all time),all time | trailing 12m to 2026-08-27 | trailing 12m to 2026-09-14
12.75,17,75.0,3.0,False,9,1,requisitions: mean of per-requisition rates,Accepted and Proposed Start Date <= 2026-09-14,Pending counted as not accepted | Pending with a Decision On counted as not accepted; other Pending excluded,none (no Rescinded status exists),Applications.Offered On | Offers.Decision On | Offers.Offered On | none (all time),all time | trailing 12m to 2026-08-27 | trailing 12m to 2026-09-14
12.0,16,75.0,3.0,False,100,2,"applications: Stage = Hired / Applications.Offered On present | applications: Stage = Hired / Stage in (Hired, Offer) | candidates: accepted if any offer accepted | candidates: outcome of latest offer (Offered On) | offer records | persons (name+phone): accepted if any offer accepted | requisitions: mean of per-requisition rates | requisitions: share with >=1 accepted offer",Accepted and Proposed Start Date <= 2026-08-27 | Accepted and Proposed Start Date <= 2026-09-14 | Applications.Stage = Hired | Status = Accepted,Pending counted as not accepted | Pending excluded | Pending with a Decision On counted as not accepted; other Pending excluded | n/a: Stage cannot separate Pending from Declined,n/a | none (no Rescinded status exists) | proxy: application carries a Rejection Reason -> excluded | proxy: application carries a Rejection Reason -> not accepted | proxy: offer on a Cancelled opening -> excluded | proxy: offer on a Cancelled opening -> not accepted,Applications.Offered On | Offers.Decision On | Offers.Offered On | none (all time),2026 YTD to 2026-09-14 | all time | trailing 12m to 2026-08-27 | trailing 12m to 2026-09-14 | trailing 3m to 2026-08-27
10.5,14,75.0,3.0,False,4,0,requisitions: mean of per-requisition rates,Accepted and Proposed Start Date <= 2026-09-14 | Status = Accepted,Pending with a Decision On counted as not accepted; other Pending excluded,proxy: application carries a Rejection Reason -> excluded | proxy: offer on a Cancelled opening -> excluded,Applications.Offered On | Offers.Offered On,2026 YTD to 2026-09-14
9.0,12,75.0,3.0,False,28,0,candidates: accepted if any offer accepted | candidates: outcome of latest offer (Offered On) | offer records | persons (name+phone): accepted if any offer accepted | requisitions: share with >=1 accepted offer,Accepted and Proposed Start Date <= 2026-08-27,Pending counted as not accepted | Pending excluded | Pending with a Decision On counted as not accepted; other Pending excluded,none (no Rescinded status exists) | proxy: application carries a Rejection Reason -> excluded | proxy: application carries a Rejection Reason -> not accepted | proxy: offer on a Cancelled opening -> excluded | proxy: offer on a Cancelled opening -> not accepted,Applications.Offered On | Offers.Decision On | Offers.Offered On,trailing 3m to 2026-09-14 | trailing 6m to 2026-08-27 | trailing 6m to 2026-09-14
6.0,8,75.0,3.0,False,110,0,candidates: accepted if any offer accepted | candidates: outcome of latest offer (Offered On) | offer records | persons (name+phone): accepted if any offer accepted | requisitions: mean of per-requisition rates | requisitions: share with >=1 accepted offer,Accepted and Proposed Start Date <= 2026-08-27 | Accepted and Proposed Start Date <= 2026-09-14 | Status = Accepted,Pending counted as accepted | Pending counted as not accepted | Pending excluded | Pending with a Decision On counted as not accepted; other Pending excluded,none (no Rescinded status exists) | proxy: application carries a Rejection Reason -> excluded | proxy: application carries a Rejection Reason -> not accepted | proxy: offer on a Cancelled opening -> excluded | proxy: offer on a Cancelled opening -> not accepted,Applications.Offered On | Offers.Offered On,trailing 3m to 2026-09-14
4.5,6,75.0,3.0,False,10,0,requisitions: mean of per-requisition rates,Accepted and Proposed Start Date <= 2026-08-27,Pending excluded,none (no Rescinded status exists) | proxy: application carries a Rejection Reason -> excluded | proxy: application carries a Rejection Reason -> not accepted | proxy: offer on a Cancelled opening -> excluded | proxy: offer on a Cancelled opening -> not accepted,Applications.Offered On | Offers.Offered On,trailing 3m to 2026-09-14
20.0,29,68.97,3.03,False,23,3,candidates: outcome of latest offer (Offered On) | offer records,Accepted and Proposed Start Date <= 2026-08-27 | Accepted and Proposed Start Date <= 2026-09-14 | Status = Accepted,Pending counted as accepted | Pending counted as not accepted | Pending with a Decision On counted as not accepted; other Pending excluded,none (no Rescinded status exists) | proxy: application carries a Rejection Reason -> excluded | proxy: application carries a Rejection Reason -> not accepted | proxy: offer on a Cancelled opening -> excluded,Applications.Offered On | Offers.Decision On | Offers.Offered On | none (all time),2026 YTD to 2026-09-14 | all time | trailing 12m to 2026-08-27 | trailing 12m to 2026-09-14
22.0,32,68.75,3.25,False,46,8,candidates: accepted if any offer accepted | candidates: outcome of latest offer (Offered On) | offer records,Accepted and Proposed Start Date <= 2026-08-27 | Accepted and Proposed Start Date <= 2026-09-14 | Status = Accepted,Pending counted as accepted | Pending counted as not accepted | Pending excluded | Pending with a Decision On counted as not accepted; other Pending excluded,none (no Rescinded status exists) | proxy: application carries a Rejection Reason -> excluded | proxy: application carries a Rejection Reason -> not accepted | proxy: offer on a Cancelled opening -> not accepted,Applications.Offered On | Offers.Decision On | Offers.Offered On | none (all time),all time | trailing 12m to 2026-08-27 | trailing 12m to 2026-09-14
11.0,16,68.75,3.25,False,125,0,candidates: accepted if any offer accepted | candidates: outcome of latest offer (Offered On) | offer records | persons (name+phone): accepted if any offer accepted | requisitions: mean of per-requisition rates,Accepted and Proposed Start Date <= 2026-08-27 | Accepted and Proposed Start Date <= 2026-09-14 | Status = Accepted,Pending counted as accepted | Pending counted as not accepted | Pending excluded | Pending with a Decision On counted as not accepted; other Pending excluded,none (no Rescinded status exists) | proxy: application carries a Rejection Reason -> excluded | proxy: application carries a Rejection Reason -> not accepted | proxy: offer on a Cancelled opening -> excluded | proxy: offer on a Cancelled opening -> not accepted,Applications.Offered On | Offers.Decision On | Offers.Offered On,2026 YTD to 2026-09-14 | trailing 3m to 2026-08-27
5.5,8,68.75,3.25,False,20,0,requisitions: mean of per-requisition rates,Accepted and Proposed Start Date <= 2026-09-14,Pending counted as not accepted | Pending with a Decision On counted as not accepted; other Pending excluded,none (no Rescinded status exists) | proxy: application carries a Rejection Reason -> excluded | proxy: application carries a Rejection Reason -> not accepted | proxy: offer on a Cancelled opening -> excluded | proxy: offer on a Cancelled opening -> not accepted,Applications.Offered On | Offers.Offered On,trailing 3m to 2026-09-14
11.67,17,68.65,3.35,False,2,0,requisitions: mean of per-requisition rates,Accepted and Proposed Start Date <= 2026-08-27,Pending counted as accepted,proxy: application carries a Rejection Reason -> not accepted,Offers.Decision On,trailing 12m to 2026-08-27 | trailing 12m to 2026-09-14
24.0,35,68.57,3.43,False,20,2,offer records,Accepted and Proposed Start Date <= 2026-08-27 | Accepted and Proposed Start Date <= 2026-09-14 | Status = Accepted,Pending counted as accepted | Pending counted as not accepted | Pending with a Decision On counted as not accepted; other Pending excluded,none (no Rescinded status exists) | proxy: application carries a Rejection Reason -> not accepted | proxy: offer on a Cancelled opening -> not accepted,Applications.Offered On | Offers.Decision On | Offers.Offered On | none (all time),all time | trailing 12m to 2026-08-27 | trailing 12m to 2026-09-14
13.0,19,68.42,3.58,False,56,0,candidates: accepted if any offer accepted | candidates: outcome of latest offer (Offered On) | offer records | persons (name+phone): accepted if any offer accepted,Accepted and Proposed Start Date <= 2026-08-27 | Accepted and Proposed Start Date <= 2026-09-14,Pending excluded,none (no Rescinded status exists) | proxy: application carries a Rejection Reason -> excluded | proxy: application carries a Rejection Reason -> not accepted | proxy: offer on a Cancelled opening -> not accepted,Applications.Offered On | Offers.Decision On | Offers.Offered On,trailing 6m to 2026-08-27 | trailing 6m to 2026-09-14
9.83,13,75.62,3.62,False,2,0,requisitions: mean of per-requisition rates,Accepted and Proposed Start Date <= 2026-09-14,Pending counted as accepted,proxy: offer on a Cancelled opening -> not accepted,Offers.Decision On,trailing 6m to 2026-08-27 | trailing 6m to 2026-09-14
8.33,11,75.73,3.73,False,24,0,requisitions: mean of per-requisition rates,Accepted and Proposed Start Date <= 2026-08-27 | Accepted and Proposed Start Date <= 2026-09-14,Pending excluded,none (no Rescinded status exists) | proxy: application carries a Rejection Reason -> excluded | proxy: application carries a Rejection Reason -> not accepted | proxy: offer on a Cancelled opening -> not accepted,Applications.Offered On | Offers.Decision On | Offers.Offered On,trailing 6m to 2026-08-27 | trailing 6m to 2026-09-14
15.0,22,68.18,3.82,False,79,0,candidates: accepted if any offer accepted | candidates: outcome of latest offer (Offered On) | offer records | persons (name+phone): accepted if any offer accepted,Accepted and Proposed Start Date <= 2026-08-27 | Accepted and Proposed Start Date <= 2026-09-14 | Status = Accepted,Pending counted as accepted | Pending counted as not accepted | Pending excluded | Pending with a Decision On counted as not accepted; other Pending excluded,none (no Rescinded status exists) | proxy: application carries a Rejection Reason -> excluded | proxy: application carries a Rejection Reason -> not accepted | proxy: offer on a Cancelled opening -> excluded | proxy: offer on a Cancelled opening -> not accepted,Applications.Offered On | Offers.Decision On | Offers.Offered On,2026 YTD to 2026-09-14 | trailing 6m to 2026-08-27 | trailing 6m to 2026-09-14
7.5,11,68.18,3.82,False,20,0,requisitions: mean of per-requisition rates,Accepted and Proposed Start Date <= 2026-08-27 | Accepted and Proposed Start Date <= 2026-09-14,Pending counted as accepted | Pending counted as not accepted | Pending with a Decision On counted as not accepted; other Pending excluded,none (no Rescinded status exists) | proxy: application carries a Rejection Reason -> excluded | proxy: application carries a Rejection Reason -> not accepted | proxy: offer on a Cancelled opening -> excluded | proxy: offer on a Cancelled opening -> not accepted,Applications.Offered On | Offers.Decision On | Offers.Offered On,trailing 3m to 2026-08-27 | trailing 3m to 2026-09-14
22.0,29,75.86,3.86,False,42,6,candidates: accepted if any offer accepted | candidates: outcome of latest offer (Offered On) | offer records | persons (name+phone): accepted if any offer accepted,Accepted and Proposed Start Date <= 2026-08-27 | Accepted and Proposed Start Date <= 2026-09-14 | Status = Accepted,Pending counted as accepted | Pending counted as not accepted | Pending excluded | Pending with a Decision On counted as not accepted; other Pending excluded,none (no Rescinded status exists) | proxy: application carries a Rejection Reason -> excluded | proxy: application carries a Rejection Reason -> not accepted | proxy: offer on a Cancelled opening -> excluded,Applications.Offered On | Offers.Decision On | Offers.Offered On | none (all time),2026 YTD to 2026-09-14 | all time | trailing 12m to 2026-08-27 | trailing 12m to 2026-09-14
19.0,25,76.0,4.0,False,33,3,candidates: accepted if any offer accepted | candidates: outcome of latest offer (Offered On) | offer records | persons (name+phone): accepted if any offer accepted,Accepted and Proposed Start Date <= 2026-08-27 | Accepted and Proposed Start Date <= 2026-09-14 | Status = Accepted,Pending counted as accepted | Pending counted as not accepted | Pending excluded | Pending with a Decision On counted as not accepted; other Pending excluded,none (no Rescinded status exists) | proxy: application carries a Rejection Reason -> excluded | proxy: offer on a Cancelled opening -> excluded | proxy: offer on a Cancelled opening -> not accepted,Applications.Offered On | Offers.Decision On | Offers.Offered On | none (all time),2026 YTD to 2026-09-14 | all time | trailing 12m to 2026-08-27 | trailing 12m to 2026-09-14
17.0,25,68.0,4.0,False,31,0,candidates: accepted if any offer accepted | candidates: outcome of latest offer (Offered On) | offer records | persons (name+phone): accepted if any offer accepted,Accepted and Proposed Start Date <= 2026-08-27 | Accepted and Proposed Start Date <= 2026-09-14 | Status = Accepted,Pending counted as accepted | Pending counted as not accepted | Pending excluded | Pending with a Decision On counted as not accepted; other Pending excluded,none (no Rescinded status exists) | proxy: application carries a Rejection Reason -> excluded | proxy: application carries a Rejection Reason -> not accepted | proxy: offer on a Cancelled opening -> excluded | proxy: offer on a Cancelled opening -> not accepted,Applications.Offered On | Offers.Decision On | Offers.Offered On,2026 YTD to 2026-09-14
12.17,16,76.06,4.06,False,18,2,requisitions: mean of per-requisition rates,Accepted and Proposed Start Date <= 2026-08-27 | Accepted and Proposed Start Date <= 2026-09-14,Pending counted as accepted | Pending counted as not accepted | Pending excluded | Pending with a Decision On counted as not accepted; other Pending excluded,proxy: application carries a Rejection Reason -> excluded | proxy: offer on a Cancelled opening -> not accepted,Applications.Offered On | Offers.Decision On | Offers.Offered On | none (all time),2026 YTD to 2026-09-14 | all time | trailing 12m to 2026-08-27 | trailing 12m to 2026-09-14
8.83,13,67.92,4.08,False,42,0,requisitions: mean of per-requisition rates,Accepted and Proposed Start Date <= 2026-08-27 | Accepted and Proposed Start Date <= 2026-09-14 | Status = Accepted,Pending counted as accepted | Pending counted as not accepted | Pending with a Decision On counted as not accepted; other Pending excluded,none (no Rescinded status exists) | proxy: application carries a Rejection Reason -> excluded | proxy: application carries a Rejection Reason -> not accepted | proxy: offer on a Cancelled opening -> excluded | proxy: offer on a Cancelled opening -> not accepted,Applications.Offered On | Offers.Decision On | Offers.Offered On,trailing 6m to 2026-08-27 | trailing 6m to 2026-09-14
19.0,28,67.86,4.14,False,56,6,"applications: Stage = Hired / Applications.Offered On present | applications: Stage = Hired / Stage in (Hired, Offer) | candidates: accepted if any offer accepted | candidates: outcome of latest offer (Offered On) | offer records | persons (name+phone): accepted if any offer accepted",Accepted and Proposed Start Date <= 2026-08-27 | Accepted and Proposed Start Date <= 2026-09-14 | Applications.Stage = Hired | Status = Accepted,Pending counted as accepted | Pending counted as not accepted | Pending excluded | Pending with a Decision On counted as not accepted; other Pending excluded | n/a: Stage cannot separate Pending from Declined,n/a | none (no Rescinded status exists) | proxy: application carries a Rejection Reason -> excluded | proxy: application carries a Rejection Reason -> not accepted | proxy: offer on a Cancelled opening -> not accepted,Applications.Offered On | Offers.Decision On | Offers.Offered On | none (all time),2026 YTD to 2026-09-14 | all time | trailing 12m to 2026-08-27 | trailing 12m to 2026-09-14
16.0,21,76.19,4.19,False,42,0,candidates: accepted if any offer accepted | candidates: outcome of latest offer (Offered On) | offer records | persons (name+phone): accepted if any offer accepted,Accepted and Proposed Start Date <= 2026-08-27 | Accepted and Proposed Start Date <= 2026-09-14 | Status = Accepted,Pending counted as accepted | Pending excluded,none (no Rescinded status exists) | proxy: application carries a Rejection Reason -> excluded | proxy: offer on a Cancelled opening -> excluded | proxy: offer on a Cancelled opening -> not accepted,Applications.Offered On | Offers.Decision On | Offers.Offered On,2026 YTD to 2026-09-14 | trailing 6m to 2026-08-27 | trailing 6m to 2026-09-14
10.17,15,67.8,4.2,False,8,0,requisitions: mean of per-requisition rates,Accepted and Proposed Start Date <= 2026-08-27,Pending counted as not accepted | Pending with a Decision On counted as not accepted; other Pending excluded,none (no Rescinded status exists) | proxy: application carries a Rejection Reason -> excluded | proxy: application carries a Rejection Reason -> not accepted,Applications.Offered On | Offers.Decision On | Offers.Offered On,2026 YTD to 2026-09-14
10.67,14,76.21,4.21,False,3,0,requisitions: mean of per-requisition rates,Accepted and Proposed Start Date <= 2026-08-27,Pending excluded,proxy: application carries a Rejection Reason -> excluded | proxy: application carries a Rejection Reason -> not accepted,Applications.Offered On | Offers.Decision On | Offers.Offered On,2026 YTD to 2026-09-14
21.0,31,67.74,4.26,False,62,8,candidates: accepted if any offer accepted | candidates: outcome of latest offer (Offered On) | offer records | persons (name+phone): accepted if any offer accepted,Accepted and Proposed Start Date <= 2026-08-27 | Accepted and Proposed Start Date <= 2026-09-14,Pending counted as accepted | Pending counted as not accepted | Pending excluded | Pending with a Decision On counted as not accepted; other Pending excluded,none (no Rescinded status exists) | proxy: application carries a Rejection Reason -> not accepted | proxy: offer on a Cancelled opening -> not accepted,Applications.Offered On | Offers.Decision On | Offers.Offered On | none (all time),all time | trailing 12m to 2026-08-27 | trailing 12m to 2026-09-14
11.5,17,67.65,4.35,False,23,2,requisitions: mean of per-requisition rates,Accepted and Proposed Start Date <= 2026-09-14 | Status = Accepted,Pending counted as accepted | Pending counted as not accepted | Pending with a Decision On counted as not accepted; other Pending excluded,none (no Rescinded status exists) | proxy: application carries a Rejection Reason -> not accepted | proxy: offer on a Cancelled opening -> not accepted,Applications.Offered On | Offers.Decision On | Offers.Offered On | none (all time),2026 YTD to 2026-09-14 | all time | trailing 12m to 2026-08-27 | trailing 12m to 2026-09-14
13.0,17,76.47,4.47,False,53,0,candidates: accepted if any offer accepted | candidates: outcome of latest offer (Offered On) | offer records | persons (name+phone): accepted if any offer accepted | requisitions: mean of per-requisition rates | requisitions: share with >=1 accepted offer,Accepted and Proposed Start Date <= 2026-08-27 | Accepted and Proposed Start Date <= 2026-09-14 | Status = Accepted,Pending counted as accepted | Pending counted as not accepted | Pending excluded | Pending with a Decision On counted as not accepted; other Pending excluded,none (no Rescinded status exists) | proxy: application carries a Rejection Reason -> excluded | proxy: application carries a Rejection Reason -> not accepted | proxy: offer on a Cancelled opening -> excluded | proxy: offer on a Cancelled opening -> not accepted,Applications.Offered On | Offers.Decision On | Offers.Offered On,2026 YTD to 2026-09-14 | trailing 12m to 2026-08-27 | trailing 12m to 2026-09-14 | trailing 3m to 2026-08-27 | trailing 6m to 2026-08-27 | trailing 6m to 2026-09-14
23.0,30,76.67,4.67,False,23,3,offer records | persons (name+phone): accepted if any offer accepted,Accepted and Proposed Start Date <= 2026-08-27 | Accepted and Proposed Start Date <= 2026-09-14,Pending counted as accepted | Pending counted as not accepted | Pending with a Decision On counted as not accepted; other Pending excluded,none (no Rescinded status exists) | proxy: offer on a Cancelled opening -> excluded,Applications.Offered On | Offers.Decision On | Offers.Offered On | none (all time),all time | trailing 12m to 2026-08-27 | trailing 12m to 2026-09-14
11.5,15,76.67,4.67,False,13,1,requisitions: mean of per-requisition rates,Accepted and Proposed Start Date <= 2026-09-14 | Status = Accepted,Pending counted as accepted | Pending counted as not accepted | Pending excluded | Pending with a Decision On counted as not accepted; other Pending excluded,proxy: application carries a Rejection Reason -> excluded | proxy: offer on a Cancelled opening -> excluded | proxy: offer on a Cancelled opening -> not accepted,Applications.Offered On | Offers.Decision On | Offers.Offered On | none (all time),2026 YTD to 2026-09-14 | all time | trailing 12m to 2026-08-27 | trailing 12m to 2026-09-14
20.0,26,76.92,4.92,False,22,2,candidates: accepted if any offer accepted | candidates: outcome of latest offer (Offered On) | persons (name+phone): accepted if any offer accepted,Accepted and Proposed Start Date <= 2026-09-14 | Status = Accepted,Pending counted as accepted | Pending counted as not accepted | Pending with a Decision On counted as not accepted; other Pending excluded,none (no Rescinded status exists) | proxy: application carries a Rejection Reason -> not accepted | proxy: offer on a Cancelled opening -> excluded | proxy: offer on a Cancelled opening -> not accepted,Applications.Offered On | Offers.Decision On | Offers.Offered On | none (all time),2026 YTD to 2026-09-14 | all time | trailing 12m to 2026-08-27 | trailing 12m to 2026-09-14
10.0,13,76.92,4.92,False,96,0,candidates: accepted if any offer accepted | candidates: outcome of latest offer (Offered On) | offer records | persons (name+phone): accepted if any offer accepted | requisitions: share with >=1 accepted offer,Accepted and Proposed Start Date <= 2026-08-27 | Accepted and Proposed Start Date <= 2026-09-14 | Status = Accepted,Pending counted as accepted | Pending counted as not accepted | Pending excluded | Pending with a Decision On counted as not accepted; other Pending excluded,none (no Rescinded status exists) | proxy: application carries a Rejection Reason -> excluded | proxy: application carries a Rejection Reason -> not accepted | proxy: offer on a Cancelled opening -> excluded | proxy: offer on a Cancelled opening -> not accepted,Applications.Offered On | Offers.Decision On | Offers.Offered On,trailing 3m to 2026-08-27 | trailing 6m to 2026-08-27 | trailing 6m to 2026-09-14
12.33,16,77.06,5.06,False,2,0,requisitions: mean of per-requisition rates,Accepted and Proposed Start Date <= 2026-08-27,Pending counted as accepted,proxy: application carries a Rejection Reason -> excluded,Offers.Decision On,trailing 12m to 2026-08-27 | trailing 12m to 2026-09-14
27.0,35,77.14,5.14,False,2,0,offer records,Status = Accepted,Pending counted as accepted,proxy: application carries a Rejection Reason -> not accepted,Offers.Decision On,trailing 12m to 2026-08-27 | trailing 12m to 2026-09-14
17.0,22,77.27,5.27,False,27,1,candidates: accepted if any offer accepted | candidates: outcome of latest offer (Offered On) | offer records | persons (name+phone): accepted if any offer accepted,Accepted and Proposed Start Date <= 2026-08-27 | Accepted and Proposed Start Date <= 2026-09-14 | Status = Accepted,Pending counted as accepted | Pending excluded,proxy: application carries a Rejection Reason -> excluded | proxy: application carries a Rejection Reason -> not accepted | proxy: offer on a Cancelled opening -> excluded | proxy: offer on a Cancelled opening -> not accepted,Applications.Offered On | Offers.Decision On | Offers.Offered On | none (all time),2026 YTD to 2026-09-14 | all time | trailing 12m to 2026-08-27 | trailing 12m to 2026-09-14 | trailing 6m to 2026-08-27 | trailing 6m to 2026-09-14
8.5,11,77.27,5.27,False,20,0,requisitions: mean of per-requisition rates,Status = Accepted,Pending counted as not accepted | Pending with a Decision On counted as not accepted; other Pending excluded,none (no Rescinded status exists) | proxy: application carries a Rejection Reason -> excluded | proxy: application carries a Rejection Reason -> not accepted | proxy: offer on a Cancelled opening -> excluded | proxy: offer on a Cancelled opening -> not accepted,Applications.Offered On | Offers.Offered On,trailing 3m to 2026-08-27
10.67,16,66.69,5.31,False,1,0,requisitions: mean of per-requisition rates,Accepted and Proposed Start Date <= 2026-08-27,Pending excluded,proxy: application carries a Rejection Reason -> not accepted,Offers.Decision On,2026 YTD to 2026-09-14
24.0,36,66.67,5.33,False,15,3,offer records,Accepted and Proposed Start Date <= 2026-08-27 | Status = Accepted,Pending counted as accepted | Pending counted as not accepted,none (no Rescinded status exists) | proxy: application carries a Rejection Reason -> not accepted,Applications.Offered On | Offers.Offered On | none (all time),all time | trailing 12m to 2026-08-27 | trailing 12m to 2026-09-14
22.0,33,66.67,5.33,False,5,1,offer records,Accepted and Proposed Start Date <= 2026-08-27,Pending counted as not accepted,proxy: application carries a Rejection Reason -> excluded,Applications.Offered On | Offers.Offered On | none (all time),all time | trailing 12m to 2026-08-27 | trailing 12m to 2026-09-14
20.0,30,66.67,5.33,False,18,2,offer records | persons (name+phone): accepted if any offer accepted,Accepted and Proposed Start Date <= 2026-08-27 | Accepted and Proposed Start Date <= 2026-09-14 | Status = Accepted,Pending counted as accepted | Pending counted as not accepted | Pending with a Decision On counted as not accepted; other Pending excluded,proxy: offer on a Cancelled opening -> excluded | proxy: offer on a Cancelled opening -> not accepted,Applications.Offered On | Offers.Decision On | Offers.Offered On | none (all time),all time | trailing 12m to 2026-08-27 | trailing 12m to 2026-09-14
18.0,27,66.67,5.33,False,31,2,candidates: accepted if any offer accepted | candidates: outcome of latest offer (Offered On) | offer records,Accepted and Proposed Start Date <= 2026-08-27 | Accepted and Proposed Start Date <= 2026-09-14 | Status = Accepted,Pending counted as accepted | Pending counted as not accepted | Pending excluded | Pending with a Decision On counted as not accepted; other Pending excluded,none (no Rescinded status exists) | proxy: application carries a Rejection Reason -> excluded | proxy: application carries a Rejection Reason -> not accepted | proxy: offer on a Cancelled opening -> excluded | proxy: offer on a Cancelled opening -> not accepted,Applications.Offered On | Offers.Decision On | Offers.Offered On | none (all time),2026 YTD to 2026-09-14 | all time | trailing 12m to 2026-08-27 | trailing 12m to 2026-09-14
16.0,24,66.67,5.33,False,39,0,"applications: Stage = Hired / Applications.Offered On present | applications: Stage = Hired / Stage in (Hired, Offer) | candidates: accepted if any offer accepted | candidates: outcome of latest offer (Offered On) | offer records | persons (name+phone): accepted if any offer accepted",Accepted and Proposed Start Date <= 2026-08-27 | Accepted and Proposed Start Date <= 2026-09-14 | Applications.Stage = Hired | Status = Accepted,Pending counted as accepted | Pending counted as not accepted | Pending excluded | Pending with a Decision On counted as not accepted; other Pending excluded | n/a: Stage cannot separate Pending from Declined,n/a | none (no Rescinded status exists) | proxy: application carries a Rejection Reason -> excluded | proxy: application carries a Rejection Reason -> not accepted | proxy: offer on a Cancelled opening -> excluded,Applications.Offered On | Offers.Decision On | Offers.Offered On,2026 YTD to 2026-09-14 | trailing 6m to 2026-08-27
14.0,21,66.67,5.33,False,60,0,candidates: accepted if any offer accepted | candidates: outcome of latest offer (Offered On) | offer records | persons (name+phone): accepted if any offer accepted,Accepted and Proposed Start Date <= 2026-08-27 | Accepted and Proposed Start Date <= 2026-09-14 | Status = Accepted,Pending counted as accepted | Pending counted as not accepted | Pending excluded | Pending with a Decision On counted as not accepted; other Pending excluded,none (no Rescinded status exists) | proxy: application carries a Rejection Reason -> excluded | proxy: application carries a Rejection Reason -> not accepted | proxy: offer on a Cancelled opening -> excluded | proxy: offer on a Cancelled opening -> not accepted,Applications.Offered On | Offers.Decision On | Offers.Offered On,2026 YTD to 2026-09-14 | trailing 6m to 2026-08-27 | trailing 6m to 2026-09-14
12.0,18,66.67,5.33,False,34,2,candidates: accepted if any offer accepted | candidates: outcome of latest offer (Offered On) | persons (name+phone): accepted if any offer accepted | requisitions: mean of per-requisition rates,Accepted and Proposed Start Date <= 2026-08-27 | Status = Accepted,Pending counted as not accepted | Pending excluded,none (no Rescinded status exists) | proxy: application carries a Rejection Reason -> excluded | proxy: application carries a Rejection Reason -> not accepted | proxy: offer on a Cancelled opening -> not accepted,Applications.Offered On | Offers.Offered On | none (all time),all time | trailing 12m to 2026-08-27 | trailing 12m to 2026-09-14 | trailing 6m to 2026-09-14
10.0,15,66.67,5.33,False,64,0,candidates: accepted if any offer accepted | candidates: outcome of latest offer (Offered On) | offer records | persons (name+phone): accepted if any offer accepted | requisitions: mean of per-requisition rates,Accepted and Proposed Start Date <= 2026-08-27 | Accepted and Proposed Start Date <= 2026-09-14,Pending counted as accepted | Pending counted as not accepted | Pending with a Decision On counted as not accepted; other Pending excluded,none (no Rescinded status exists) | proxy: application carries a Rejection Reason -> excluded | proxy: application carries a Rejection Reason -> not accepted | proxy: offer on a Cancelled opening -> excluded | proxy: offer on a Cancelled opening -> not accepted,Applications.Offered On | Offers.Decision On | Offers.Offered On,2026 YTD to 2026-09-14 | trailing 3m to 2026-09-14
4.0,6,66.67,5.33,False,72,0,requisitions: mean of per-requisition rates | requisitions: share with >=1 accepted offer,Accepted and Proposed Start Date <= 2026-08-27 | Accepted and Proposed Start Date <= 2026-09-14 | Status = Accepted,Pending counted as accepted | Pending counted as not accepted | Pending excluded | Pending with a Decision On counted as not accepted; other Pending excluded,proxy: application carries a Rejection Reason -> not accepted | proxy: offer on a Cancelled opening -> not accepted,Applications.Offered On | Offers.Offered On,calendar 2025
9.33,14,66.64,5.36,False,16,0,requisitions: mean of per-requisition rates,Accepted and Proposed Start Date <= 2026-08-27 | Status = Accepted,Pending counted as accepted | Pending counted as not accepted,none (no Rescinded status exists) | proxy: application carries a Rejection Reason -> excluded | proxy: application carries a Rejection Reason -> not accepted | proxy: offer on a Cancelled opening -> not accepted,Applications.Offered On | Offers.Offered On,trailing 6m to 2026-08-27 | trailing 6m to 2026-09-14
10.83,14,77.36,5.36,False,10,0,requisitions: mean of per-requisition rates,Accepted and Proposed Start Date <= 2026-09-14,Pending counted as accepted,none (no Rescinded status exists) | proxy: application carries a Rejection Reason -> excluded | proxy: application carries a Rejection Reason -> not accepted | proxy: offer on a Cancelled opening -> not accepted,Applications.Offered On | Offers.Offered On,trailing 6m to 2026-08-27 | trailing 6m to 2026-09-14
24.0,31,77.42,5.42,False,25,3,candidates: accepted if any offer accepted | candidates: outcome of latest offer (Offered On) | offer records | persons (name+phone): accepted if any offer accepted,Accepted and Proposed Start Date <= 2026-08-27 | Accepted and Proposed Start Date <= 2026-09-14 | Status = Accepted,Pending counted as accepted | Pending counted as not accepted | Pending excluded | Pending with a Decision On counted as not accepted; other Pending excluded,none (no Rescinded status exists) | proxy: application carries a Rejection Reason -> not accepted,Applications.Offered On | Offers.Decision On | Offers.Offered On | none (all time),all time | trailing 12m to 2026-08-27 | trailing 12m to 2026-09-14
28.0,36,77.78,5.78,False,5,1,offer records,Status = Accepted,Pending counted as accepted,proxy: application carries a Rejection Reason -> not accepted,Applications.Offered On | Offers.Offered On | none (all time),all time | trailing 12m to 2026-08-27 | trailing 12m to 2026-09-14
21.0,27,77.78,5.78,False,11,1,candidates: accepted if any offer accepted | candidates: outcome of latest offer (Offered On) | offer records,Accepted and Proposed Start Date <= 2026-09-14 | Status = Accepted,Pending counted as accepted | Pending excluded,none (no Rescinded status exists) | proxy: application carries a Rejection Reason -> excluded | proxy: offer on a Cancelled opening -> not accepted,Applications.Offered On | Offers.Decision On | Offers.Offered On | none (all time),2026 YTD to 2026-09-14 | all time | trailing 12m to 2026-08-27 | trailing 12m to 2026-09-14
14.0,18,77.78,5.78,False,50,4,candidates: accepted if any offer accepted | candidates: outcome of latest offer (Offered On) | offer records | persons (name+phone): accepted if any offer accepted | requisitions: mean of per-requisition rates | requisitions: share with >=1 accepted offer,Accepted and Proposed Start Date <= 2026-08-27 | Accepted and Proposed Start Date <= 2026-09-14 | Status = Accepted,Pending counted as accepted | Pending counted as not accepted | Pending excluded,none (no Rescinded status exists) | proxy: application carries a Rejection Reason -> excluded | proxy: application carries a Rejection Reason -> not accepted | proxy: offer on a Cancelled opening -> excluded | proxy: offer on a Cancelled opening -> not accepted,Applications.Offered On | Offers.Decision On | Offers.Offered On | none (all time),all time | trailing 12m to 2026-08-27 | trailing 12m to 2026-09-14 | trailing 6m to 2026-08-27 | trailing 6m to 2026-09-14
7.0,9,77.78,5.78,False,15,0,requisitions: mean of per-requisition rates | requisitions: share with >=1 accepted offer,Accepted and Proposed Start Date <= 2026-08-27,Pending excluded,none (no Rescinded status exists) | proxy: application carries a Rejection Reason -> excluded | proxy: application carries a Rejection Reason -> not accepted | proxy: offer on a Cancelled opening -> excluded | proxy: offer on a Cancelled opening -> not accepted,Applications.Offered On | Offers.Decision On | Offers.Offered On,trailing 3m to 2026-08-27 | trailing 3m to 2026-09-14
11.67,15,77.8,5.8,False,3,0,requisitions: mean of per-requisition rates,Accepted and Proposed Start Date <= 2026-08-27,Pending counted as accepted | Pending excluded,none (no Rescinded status exists) | proxy: application carries a Rejection Reason -> excluded,Applications.Offered On | Offers.Decision On | Offers.Offered On,2026 YTD to 2026-09-14
13.25,17,77.94,5.94,False,9,1,requisitions: mean of per-requisition rates,Status = Accepted,Pending counted as not accepted | Pending with a Decision On counted as not accepted; other Pending excluded,none (no Rescinded status exists),Applications.Offered On | Offers.Decision On | Offers.Offered On | none (all time),all time | trailing 12m to 2026-08-27 | trailing 12m to 2026-09-14
25.0,32,78.12,6.12,False,12,2,candidates: accepted if any offer accepted | candidates: outcome of latest offer (Offered On) | offer records,Accepted and Proposed Start Date <= 2026-09-14 | Status = Accepted,Pending counted as accepted,none (no Rescinded status exists) | proxy: application carries a Rejection Reason -> excluded | proxy: application carries a Rejection Reason -> not accepted,Applications.Offered On | Offers.Decision On | Offers.Offered On | none (all time),all time | trailing 12m to 2026-08-27 | trailing 12m to 2026-09-14
12.5,16,78.12,6.12,False,16,2,requisitions: mean of per-requisition rates,Accepted and Proposed Start Date <= 2026-09-14 | Status = Accepted,Pending counted as accepted | Pending excluded,proxy: application carries a Rejection Reason -> not accepted | proxy: offer on a Cancelled opening -> not accepted,Applications.Offered On | Offers.Decision On | Offers.Offered On | none (all time),2026 YTD to 2026-09-14 | all time | trailing 12m to 2026-08-27 | trailing 12m to 2026-09-14
10.17,13,78.23,6.23,False,2,0,requisitions: mean of per-requisition rates,Accepted and Proposed Start Date <= 2026-08-27,Pending excluded,proxy: offer on a Cancelled opening -> not accepted,Applications.Offered On | Offers.Offered On,2026 YTD to 2026-09-14
18.0,23,78.26,6.26,False,18,0,candidates: accepted if any offer accepted | candidates: outcome of latest offer (Offered On) | offer records | persons (name+phone): accepted if any offer accepted,Accepted and Proposed Start Date <= 2026-09-14 | Status = Accepted,Pending counted as accepted | Pending excluded,none (no Rescinded status exists) | proxy: application carries a Rejection Reason -> excluded | proxy: offer on a Cancelled opening -> excluded | proxy: offer on a Cancelled opening -> not accepted,Applications.Offered On | Offers.Decision On | Offers.Offered On,2026 YTD to 2026-09-14 | trailing 6m to 2026-08-27 | trailing 6m to 2026-09-14
23.0,35,65.71,6.29,False,11,1,offer records,Accepted and Proposed Start Date <= 2026-08-27 | Accepted and Proposed Start Date <= 2026-09-14,Pending counted as accepted | Pending counted as not accepted | Pending with a Decision On counted as not accepted; other Pending excluded,proxy: application carries a Rejection Reason -> not accepted,Applications.Offered On | Offers.Decision On | Offers.Offered On | none (all time),all time | trailing 12m to 2026-08-27 | trailing 12m to 2026-09-14
11.17,17,65.71,6.29,False,20,2,requisitions: mean of per-requisition rates,Accepted and Proposed Start Date <= 2026-08-27,Pending counted as not accepted | Pending with a Decision On counted as not accepted; other Pending excluded,none (no Rescinded status exists) | proxy: application carries a Rejection Reason -> not accepted | proxy: offer on a Cancelled opening -> not accepted,Applications.Offered On | Offers.Decision On | Offers.Offered On | none (all time),2026 YTD to 2026-09-14 | all time | trailing 12m to 2026-08-27 | trailing 12m to 2026-09-14
7.83,10,78.3,6.3,False,6,0,requisitions: mean of per-requisition rates,Accepted and Proposed Start Date <= 2026-08-27,Pending excluded,proxy: offer on a Cancelled opening -> excluded,Applications.Offered On | Offers.Decision On | Offers.Offered On,trailing 6m to 2026-08-27 | trailing 6m to 2026-09-14
21.0,32,65.62,6.38,False,15,3,candidates: accepted if any offer accepted | candidates: outcome of latest offer (Offered On),Accepted and Proposed Start Date <= 2026-08-27 | Accepted and Proposed Start Date <= 2026-09-14,Pending counted as not accepted,none (no Rescinded status exists) | proxy: application carries a Rejection Reason -> not accepted,Applications.Offered On | Offers.Offered On | none (all time),all time | trailing 12m to 2026-08-27 | trailing 12m to 2026-09-14
10.5,16,65.62,6.38,False,6,0,requisitions: mean of per-requisition rates,Accepted and Proposed Start Date <= 2026-09-14 | Status = Accepted,Pending counted as not accepted,none (no Rescinded status exists) | proxy: application carries a Rejection Reason -> not accepted | proxy: offer on a Cancelled opening -> not accepted,Applications.Offered On | Offers.Offered On,2026 YTD to 2026-09-14
13.33,17,78.41,6.41,False,5,1,requisitions: mean of per-requisition rates,Accepted and Proposed Start Date <= 2026-08-27,Pending counted as accepted,proxy: application carries a Rejection Reason -> excluded,Applications.Offered On | Offers.Offered On | none (all time),all time | trailing 12m to 2026-08-27 | trailing 12m to 2026-09-14
19.0,29,65.52,6.48,False,12,1,candidates: outcome of latest offer (Offered On) | offer records,Accepted and Proposed Start Date <= 2026-08-27 | Accepted and Proposed Start Date <= 2026-09-14 | Status = Accepted,Pending counted as accepted | Pending counted as not accepted | Pending with a Decision On counted as not accepted; other Pending excluded,none (no Rescinded status exists) | proxy: application carries a Rejection Reason -> excluded | proxy: application carries a Rejection Reason -> not accepted | proxy: offer on a Cancelled opening -> not accepted,Applications.Offered On | Offers.Decision On | Offers.Offered On | none (all time),2026 YTD to 2026-09-14 | all time | trailing 12m to 2026-08-27 | trailing 12m to 2026-09-14
22.0,28,78.57,6.57,False,35,3,candidates: accepted if any offer accepted | offer records | persons (name+phone): accepted if any offer accepted,Accepted and Proposed Start Date <= 2026-08-27 | Accepted and Proposed Start Date <= 2026-09-14 | Status = Accepted,Pending counted as accepted | Pending counted as not accepted | Pending excluded | Pending with a Decision On counted as not accepted; other Pending excluded,none (no Rescinded status exists) | proxy: application carries a Rejection Reason -> excluded | proxy: application carries a Rejection Reason -> not accepted,Applications.Offered On | Offers.Decision On | Offers.Offered On | none (all time),2026 YTD to 2026-09-14 | all time | trailing 12m to 2026-08-27 | trailing 12m to 2026-09-14
11.0,14,78.57,6.57,False,47,0,candidates: accepted if any offer accepted | candidates: outcome of latest offer (Offered On) | offer records | persons (name+phone): accepted if any offer accepted | requisitions: mean of per-requisition rates | requisitions: share with >=1 accepted offer,Accepted and Proposed Start Date <= 2026-08-27 | Accepted and Proposed Start Date <= 2026-09-14 | Status = Accepted,Pending counted as accepted | Pending counted as not accepted | Pending excluded | Pending with a Decision On counted as not accepted; other Pending excluded,none (no Rescinded status exists) | proxy: application carries a Rejection Reason -> excluded | proxy: application carries a Rejection Reason -> not accepted | proxy: offer on a Cancelled opening -> excluded | proxy: offer on a Cancelled opening -> not accepted,Applications.Offered On | Offers.Decision On | Offers.Offered On,2026 YTD to 2026-09-14 | trailing 3m to 2026-08-27 | trailing 6m to 2026-08-27 | trailing 6m to 2026-09-14
17.0,26,65.38,6.62,False,42,1,candidates: accepted if any offer accepted | candidates: outcome of latest offer (Offered On) | offer records | persons (name+phone): accepted if any offer accepted,Accepted and Proposed Start Date <= 2026-08-27 | Accepted and Proposed Start Date <= 2026-09-14 | Status = Accepted,Pending counted as accepted | Pending counted as not accepted | Pending excluded | Pending with a Decision On counted as not accepted; other Pending excluded,none (no Rescinded status exists) | proxy: application carries a Rejection Reason -> excluded | proxy: application carries a Rejection Reason -> not accepted | proxy: offer on a Cancelled opening -> excluded | proxy: offer on a Cancelled opening -> not accepted,Applications.Offered On | Offers.Decision On | Offers.Offered On | none (all time),2026 YTD to 2026-09-14 | all time | trailing 12m to 2026-08-27 | trailing 12m to 2026-09-14
7.83,12,65.25,6.75,False,8,0,requisitions: mean of per-requisition rates,Accepted and Proposed Start Date <= 2026-08-27,Pending counted as not accepted | Pending with a Decision On counted as not accepted; other Pending excluded,proxy: offer on a Cancelled opening -> excluded,Applications.Offered On | Offers.Decision On | Offers.Offered On,trailing 6m to 2026-08-27 | trailing 6m to 2026-09-14
15.0,23,65.22,6.78,False,95,0,"applications: Stage = Hired / Applications.Offered On present | applications: Stage = Hired / Stage in (Hired, Offer) | candidates: accepted if any offer accepted | candidates: outcome of latest offer (Offered On) | offer records | persons (name+phone): accepted if any offer accepted",Accepted and Proposed Start Date <= 2026-08-27 | Accepted and Proposed Start Date <= 2026-09-14 | Applications.Stage = Hired | Status = Accepted,Pending counted as accepted | Pending counted as not accepted | Pending excluded | Pending with a Decision On counted as not accepted; other Pending excluded | n/a: Stage cannot separate Pending from Declined,n/a | none (no Rescinded status exists) | proxy: application carries a Rejection Reason -> excluded | proxy: application carries a Rejection Reason -> not accepted | proxy: offer on a Cancelled opening -> excluded | proxy: offer on a Cancelled opening -> not accepted,Applications.Offered On | Offers.Decision On | Offers.Offered On,2026 YTD to 2026-09-14 | trailing 6m to 2026-08-27 | trailing 6m to 2026-09-14
26.0,33,78.79,6.79,False,5,1,offer records,Accepted and Proposed Start Date <= 2026-09-14,Pending counted as accepted,proxy: application carries a Rejection Reason -> excluded,Applications.Offered On | Offers.Offered On | none (all time),all time | trailing 12m to 2026-08-27 | trailing 12m to 2026-09-14
7.17,11,65.18,6.82,False,5,0,requisitions: mean of per-requisition rates,Accepted and Proposed Start Date <= 2026-08-27,Pending counted as accepted,none (no Rescinded status exists) | proxy: application carries a Rejection Reason -> excluded | proxy: application carries a Rejection Reason -> not accepted | proxy: offer on a Cancelled opening -> excluded | proxy: offer on a Cancelled opening -> not accepted,Offers.Decision On,trailing 3m to 2026-08-27
13.42,17,78.94,6.94,False,2,0,requisitions: mean of per-requisition rates,Accepted and Proposed Start Date <= 2026-08-27,Pending counted as accepted,none (no Rescinded status exists),Offers.Decision On,trailing 12m to 2026-08-27 | trailing 12m to 2026-09-14
15.0,19,78.95,6.95,False,54,0,candidates: accepted if any offer accepted | candidates: outcome of latest offer (Offered On) | offer records | persons (name+phone): accepted if any offer accepted,Accepted and Proposed Start Date <= 2026-08-27 | Accepted and Proposed Start Date <= 2026-09-14 | Status = Accepted,Pending excluded,none (no Rescinded status exists) | proxy: application carries a Rejection Reason -> excluded | proxy: application carries a Rejection Reason -> not accepted | proxy: offer on a Cancelled opening -> excluded | proxy: offer on a Cancelled opening -> not accepted,Applications.Offered On | Offers.Decision On | Offers.Offered On,2026 YTD to 2026-09-14 | trailing 6m to 2026-08-27 | trailing 6m to 2026-09-14
13.0,20,65.0,7.0,False,34,0,candidates: accepted if any offer accepted | candidates: outcome of latest offer (Offered On) | offer records | persons (name+phone): accepted if any offer accepted,Accepted and Proposed Start Date <= 2026-08-27 | Accepted and Proposed Start Date <= 2026-09-14,Pending counted as accepted | Pending counted as not accepted | Pending excluded | Pending with a Decision On counted as not accepted; other Pending excluded,proxy: offer on a Cancelled opening -> excluded | proxy: offer on a Cancelled opening -> not accepted,Applications.Offered On | Offers.Decision On | Offers.Offered On,trailing 6m to 2026-08-27 | trailing 6m to 2026-09-14
19.0,24,79.17,7.17,False,13,0,candidates: accepted if any offer accepted | candidates: outcome of latest offer (Offered On) | offer records | persons (name+phone): accepted if any offer accepted,Accepted and Proposed Start Date <= 2026-09-14 | Status = Accepted,Pending counted as accepted | Pending excluded,proxy: application carries a Rejection Reason -> excluded | proxy: application carries a Rejection Reason -> not accepted | proxy: offer on a Cancelled opening -> excluded | proxy: offer on a Cancelled opening -> not accepted,Applications.Offered On | Offers.Decision On | Offers.Offered On,2026 YTD to 2026-09-14 | trailing 6m to 2026-08-27
12.67,16,79.19,7.19,False,11,1,requisitions: mean of per-requisition rates,Accepted and Proposed Start Date <= 2026-08-27 | Status = Accepted,Pending counted as accepted | Pending counted as not accepted | Pending with a Decision On counted as not accepted; other Pending excluded,none (no Rescinded status exists) | proxy: application carries a Rejection Reason -> excluded,Applications.Offered On | Offers.Decision On | Offers.Offered On | none (all time),2026 YTD to 2026-09-14 | all time | trailing 12m to 2026-08-27 | trailing 12m to 2026-09-14
11.0,17,64.71,7.29,False,64,0,candidates: accepted if any offer accepted | candidates: outcome of latest offer (Offered On) | offer records | persons (name+phone): accepted if any offer accepted | requisitions: mean of per-requisition rates,Accepted and Proposed Start Date <= 2026-08-27 | Accepted and Proposed Start Date <= 2026-09-14 | Status = Accepted,Pending counted as accepted | Pending counted as not accepted | Pending with a Decision On counted as not accepted; other Pending excluded,none (no Rescinded status exists) | proxy: application carries a Rejection Reason -> excluded | proxy: application carries a Rejection Reason -> not accepted | proxy: offer on a Cancelled opening -> excluded | proxy: offer on a Cancelled opening -> not accepted,Offers.Decision On,2026 YTD to 2026-09-14 | trailing 3m to 2026-08-27
23.0,29,79.31,7.31,False,28,5,candidates: accepted if any offer accepted | offer records | persons (name+phone): accepted if any offer accepted,Accepted and Proposed Start Date <= 2026-08-27 | Accepted and Proposed Start Date <= 2026-09-14 | Status = Accepted,Pending counted as accepted | Pending excluded,proxy: application carries a Rejection Reason -> excluded | proxy: offer on a Cancelled opening -> not accepted,Applications.Offered On | Offers.Decision On | Offers.Offered On | none (all time),2026 YTD to 2026-09-14 | all time | trailing 12m to 2026-08-27 | trailing 12m to 2026-09-14
13.5,17,79.41,7.41,False,3,0,requisitions: mean of per-requisition rates,Accepted and Proposed Start Date <= 2026-09-14 | Status = Accepted,Pending counted as accepted,none (no Rescinded status exists) | proxy: application carries a Rejection Reason -> not accepted,Offers.Decision On,2026 YTD to 2026-09-14 | trailing 12m to 2026-08-27 | trailing 12m to 2026-09-14
10.33,13,79.46,7.46,False,6,0,requisitions: mean of per-requisition rates,Accepted and Proposed Start Date <= 2026-09-14,Pending counted as accepted,none (no Rescinded status exists) | proxy: application carries a Rejection Reason -> excluded | proxy: application carries a Rejection Reason -> not accepted,Offers.Decision On,trailing 6m to 2026-08-27 | trailing 6m to 2026-09-14
20.0,31,64.52,7.48,False,39,5,candidates: accepted if any offer accepted | candidates: outcome of latest offer (Offered On) | offer records | persons (name+phone): accepted if any offer accepted,Accepted and Proposed Start Date <= 2026-08-27 | Status = Accepted,Pending counted as not accepted | Pending excluded | Pending with a Decision On counted as not accepted; other Pending excluded,none (no Rescinded status exists) | proxy: application carries a Rejection Reason -> not accepted | proxy: offer on a Cancelled opening -> not accepted,Applications.Offered On | Offers.Decision On | Offers.Offered On | none (all time),all time | trailing 12m to 2026-08-27 | trailing 12m to 2026-09-14
9.67,15,64.47,7.53,False,4,0,requisitions: mean of per-requisition rates,Accepted and Proposed Start Date <= 2026-08-27,Pending counted as not accepted | Pending with a Decision On counted as not accepted; other Pending excluded,proxy: offer on a Cancelled opening -> excluded | proxy: offer on a Cancelled opening -> not accepted,Applications.Offered On | Offers.Offered On,2026 YTD to 2026-09-14
18.0,28,64.29,7.71,False,22,2,candidates: outcome of latest offer (Offered On) | offer records,Accepted and Proposed Start Date <= 2026-08-27 | Accepted and Proposed Start Date <= 2026-09-14 | Status = Accepted,Pending counted as not accepted | Pending excluded | Pending with a Decision On counted as not accepted; other Pending excluded,none (no Rescinded status exists) | proxy: application carries a Rejection Reason -> excluded | proxy: application carries a Rejection Reason -> not accepted | proxy: offer on a Cancelled opening -> not accepted,Applications.Offered On | Offers.Decision On | Offers.Offered On | none (all time),2026 YTD to 2026-09-14 | all time | trailing 12m to 2026-08-27 | trailing 12m to 2026-09-14
9.0,14,64.29,7.71,False,10,0,requisitions: share with >=1 accepted offer,Accepted and Proposed Start Date <= 2026-08-27,Pending counted as not accepted,none (no Rescinded status exists) | proxy: application carries a Rejection Reason -> excluded | proxy: application carries a Rejection Reason -> not accepted | proxy: offer on a Cancelled opening -> not accepted,Applications.Offered On | Offers.Offered On,trailing 6m to 2026-08-27 | trailing 6m to 2026-09-14
8.33,13,64.08,7.92,False,38,0,requisitions: mean of per-requisition rates,Accepted and Proposed Start Date <= 2026-08-27 | Accepted and Proposed Start Date <= 2026-09-14,Pending counted as accepted | Pending counted as not accepted | Pending with a Decision On counted as not accepted; other Pending excluded,none (no Rescinded status exists) | proxy: application carries a Rejection Reason -> excluded | proxy: application carries a Rejection Reason -> not accepted | proxy: offer on a Cancelled opening -> excluded | proxy: offer on a Cancelled opening -> not accepted,Applications.Offered On | Offers.Decision On | Offers.Offered On,trailing 6m to 2026-08-27 | trailing 6m to 2026-09-14
28.0,35,80.0,8.0,False,2,0,offer records,Accepted and Proposed Start Date <= 2026-09-14,Pending counted as accepted,none (no Rescinded status exists),Offers.Decision On,trailing 12m to 2026-08-27 | trailing 12m to 2026-09-14
24.0,30,80.0,8.0,False,15,1,persons (name+phone): accepted if any offer accepted,Accepted and Proposed Start Date <= 2026-08-27 | Accepted and Proposed Start Date <= 2026-09-14 | Status = Accepted,Pending counted as accepted | Pending counted as not accepted | Pending with a Decision On counted as not accepted; other Pending excluded,none (no Rescinded status exists) | proxy: application carries a Rejection Reason -> not accepted,Applications.Offered On | Offers.Decision On | Offers.Offered On | none (all time),all time | trailing 12m to 2026-08-27 | trailing 12m to 2026-09-14
20.0,25,80.0,8.0,False,31,3,candidates: accepted if any offer accepted | candidates: outcome of latest offer (Offered On) | offer records | persons (name+phone): accepted if any offer accepted,Accepted and Proposed Start Date <= 2026-08-27 | Accepted and Proposed Start Date <= 2026-09-14 | Status = Accepted,Pending counted as accepted | Pending counted as not accepted | Pending excluded | Pending with a Decision On counted as not accepted; other Pending excluded,none (no Rescinded status exists) | proxy: application carries a Rejection Reason -> excluded | proxy: offer on a Cancelled opening -> excluded,Applications.Offered On | Offers.Decision On | Offers.Offered On | none (all time),2026 YTD to 2026-09-14 | all time | trailing 12m to 2026-08-27 | trailing 12m to 2026-09-14
16.0,25,64.0,8.0,False,49,0,candidates: accepted if any offer accepted | candidates: outcome of latest offer (Offered On) | offer records | persons (name+phone): accepted if any offer accepted,Accepted and Proposed Start Date <= 2026-08-27 | Accepted and Proposed Start Date <= 2026-09-14 | Status = Accepted,Pending counted as accepted | Pending counted as not accepted | Pending with a Decision On counted as not accepted; other Pending excluded,none (no Rescinded status exists) | proxy: application carries a Rejection Reason -> excluded | proxy: application carries a Rejection Reason -> not accepted | proxy: offer on a Cancelled opening -> excluded | proxy: offer on a Cancelled opening -> not accepted,Applications.Offered On | Offers.Decision On | Offers.Offered On,2026 YTD to 2026-09-14
16.0,20,80.0,8.0,False,17,0,candidates: accepted if any offer accepted | candidates: outcome of latest offer (Offered On) | offer records | persons (name+phone): accepted if any offer accepted,Accepted and Proposed Start Date <= 2026-08-27 | Accepted and Proposed Start Date <= 2026-09-14 | Status = Accepted,Pending excluded,none (no Rescinded status exists) | proxy: application carries a Rejection Reason -> excluded | proxy: application carries a Rejection Reason -> not accepted | proxy: offer on a Cancelled opening -> excluded,Applications.Offered On | Offers.Decision On | Offers.Offered On,2026 YTD to 2026-09-14 | trailing 6m to 2026-08-27 | trailing 6m to 2026-09-14
12.0,15,80.0,8.0,False,43,1,candidates: accepted if any offer accepted | candidates: outcome of latest offer (Offered On) | offer records | persons (name+phone): accepted if any offer accepted | requisitions: mean of per-requisition rates | requisitions: share with >=1 accepted offer,Accepted and Proposed Start Date <= 2026-08-27 | Accepted and Proposed Start Date <= 2026-09-14 | Status = Accepted,Pending counted as accepted | Pending counted as not accepted | Pending excluded | Pending with a Decision On counted as not accepted; other Pending excluded,none (no Rescinded status exists) | proxy: application carries a Rejection Reason -> excluded | proxy: application carries a Rejection Reason -> not accepted | proxy: offer on a Cancelled opening -> excluded | proxy: offer on a Cancelled opening -> not accepted,Applications.Offered On | Offers.Decision On | Offers.Offered On | none (all time),2026 YTD to 2026-09-14 | all time | trailing 12m to 2026-08-27 | trailing 12m to 2026-09-14 | trailing 3m to 2026-09-14
23.0,36,63.89,8.11,False,10,2,offer records,Accepted and Proposed Start Date <= 2026-08-27 | Accepted and Proposed Start Date <= 2026-09-14,Pending counted as accepted | Pending counted as not accepted,proxy: application carries a Rejection Reason -> not accepted | proxy: offer on a Cancelled opening -> not accepted,Applications.Offered On | Offers.Offered On | none (all time),all time | trailing 12m to 2026-08-27 | trailing 12m to 2026-09-14
11.5,18,63.89,8.11,False,10,2,requisitions: mean of per-requisition rates,Accepted and Proposed Start Date <= 2026-09-14,Pending counted as not accepted,proxy: application carries a Rejection Reason -> not accepted | proxy: offer on a Cancelled opening -> not accepted,Applications.Offered On | Offers.Offered On | none (all time),all time | trailing 12m to 2026-08-27 | trailing 12m to 2026-09-14
14.42,18,80.11,8.11,False,5,1,requisitions: mean of per-requisition rates,Accepted and Proposed Start Date <= 2026-08-27,Pending counted as accepted,none (no Rescinded status exists),Applications.Offered On | Offers.Offered On | none (all time),all time | trailing 12m to 2026-08-27 | trailing 12m to 2026-09-14
8.83,11,80.27,8.27,False,24,0,requisitions: mean of per-requisition rates,Accepted and Proposed Start Date <= 2026-09-14 | Status = Accepted,Pending excluded,none (no Rescinded status exists) | proxy: application carries a Rejection Reason -> excluded | proxy: application carries a Rejection Reason -> not accepted | proxy: offer on a Cancelled opening -> not accepted,Applications.Offered On | Offers.Decision On | Offers.Offered On,trailing 6m to 2026-08-27 | trailing 6m to 2026-09-14
14.0,22,63.64,8.36,False,150,0,candidates: accepted if any offer accepted | candidates: outcome of latest offer (Offered On) | offer records | persons (name+phone): accepted if any offer accepted,Accepted and Proposed Start Date <= 2026-08-27 | Accepted and Proposed Start Date <= 2026-09-14 | Status = Accepted,Pending counted as accepted | Pending counted as not accepted | Pending with a Decision On counted as not accepted; other Pending excluded,none (no Rescinded status exists) | proxy: application carries a Rejection Reason -> excluded | proxy: application carries a Rejection Reason -> not accepted | proxy: offer on a Cancelled opening -> excluded | proxy: offer on a Cancelled opening -> not accepted,Applications.Offered On | Offers.Decision On | Offers.Offered On,trailing 6m to 2026-08-27 | trailing 6m to 2026-09-14
7.0,11,63.64,8.36,False,155,0,candidates: accepted if any offer accepted | candidates: outcome of latest offer (Offered On) | offer records | persons (name+phone): accepted if any offer accepted | requisitions: mean of per-requisition rates | requisitions: share with >=1 accepted offer,Accepted and Proposed Start Date <= 2026-08-27 | Accepted and Proposed Start Date <= 2026-09-14,Pending counted as accepted | Pending counted as not accepted | Pending with a Decision On counted as not accepted; other Pending excluded,none (no Rescinded status exists) | proxy: application carries a Rejection Reason -> excluded | proxy: application carries a Rejection Reason -> not accepted | proxy: offer on a Cancelled opening -> excluded | proxy: offer on a Cancelled opening -> not accepted,Applications.Offered On | Offers.Decision On | Offers.Offered On,trailing 3m to 2026-08-27 | trailing 3m to 2026-09-14
10.17,16,63.56,8.44,False,4,0,requisitions: mean of per-requisition rates,Accepted and Proposed Start Date <= 2026-08-27,Pending counted as not accepted,none (no Rescinded status exists) | proxy: application carries a Rejection Reason -> not accepted,Applications.Offered On | Offers.Offered On,2026 YTD to 2026-09-14
29.0,36,80.56,8.56,False,5,1,offer records,Accepted and Proposed Start Date <= 2026-09-14,Pending counted as accepted,none (no Rescinded status exists),Applications.Offered On | Offers.Offered On | none (all time),all time | trailing 12m to 2026-08-27 | trailing 12m to 2026-09-14
14.5,18,80.56,8.56,False,5,1,requisitions: mean of per-requisition rates,Status = Accepted,Pending counted as accepted,proxy: application carries a Rejection Reason -> not accepted,Applications.Offered On | Offers.Offered On | none (all time),all time | trailing 12m to 2026-08-27 | trailing 12m to 2026-09-14
25.0,31,80.65,8.65,False,26,4,candidates: accepted if any offer accepted | offer records | persons (name+phone): accepted if any offer accepted,Accepted and Proposed Start Date <= 2026-08-27 | Accepted and Proposed Start Date <= 2026-09-14 | Status = Accepted,Pending counted as accepted | Pending excluded,none (no Rescinded status exists) | proxy: application carries a Rejection Reason -> not accepted,Applications.Offered On | Offers.Decision On | Offers.Offered On | none (all time),all time | trailing 12m to 2026-08-27 | trailing 12m to 2026-09-14
19.0,30,63.33,8.67,False,18,2,persons (name+phone): accepted if any offer accepted,Accepted and Proposed Start Date <= 2026-08-27 | Accepted and Proposed Start Date <= 2026-09-14,Pending counted as not accepted | Pending with a Decision On counted as not accepted; other Pending excluded,proxy: offer on a Cancelled opening -> not accepted,Applications.Offered On | Offers.Decision On | Offers.Offered On | none (all time),all time | trailing 12m to 2026-08-27 | trailing 12m to 2026-09-14
21.0,26,80.77,8.77,False,60,6,candidates: accepted if any offer accepted | candidates: outcome of latest offer (Offered On) | offer records | persons (name+phone): accepted if any offer accepted,Accepted and Proposed Start Date <= 2026-08-27 | Accepted and Proposed Start Date <= 2026-09-14 | Status = Accepted,Pending counted as accepted | Pending excluded,none (no Rescinded status exists) | proxy: application carries a Rejection Reason -> excluded | proxy: application carries a Rejection Reason -> not accepted | proxy: offer on a Cancelled opening -> excluded | proxy: offer on a Cancelled opening -> not accepted,Applications.Offered On | Offers.Decision On | Offers.Offered On | none (all time),2026 YTD to 2026-09-14 | all time | trailing 12m to 2026-08-27 | trailing 12m to 2026-09-14
10.5,13,80.77,8.77,False,2,0,requisitions: mean of per-requisition rates,Accepted and Proposed Start Date <= 2026-09-14,Pending excluded,proxy: offer on a Cancelled opening -> not accepted,Applications.Offered On | Offers.Offered On,2026 YTD to 2026-09-14
12.0,19,63.16,8.84,False,12,0,candidates: accepted if any offer accepted | candidates: outcome of latest offer (Offered On) | persons (name+phone): accepted if any offer accepted,Accepted and Proposed Start Date <= 2026-08-27,Pending excluded,proxy: offer on a Cancelled opening -> not accepted,Applications.Offered On | Offers.Decision On | Offers.Offered On,trailing 6m to 2026-08-27 | trailing 6m to 2026-09-14
8.83,14,63.07,8.93,False,16,0,requisitions: mean of per-requisition rates,Accepted and Proposed Start Date <= 2026-09-14 | Status = Accepted,Pending counted as not accepted,none (no Rescinded status exists) | proxy: application carries a Rejection Reason -> excluded | proxy: application carries a Rejection Reason -> not accepted | proxy: offer on a Cancelled opening -> not accepted,Applications.Offered On | Offers.Offered On,trailing 6m to 2026-08-27 | trailing 6m to 2026-09-14
11.33,14,80.93,8.93,False,6,0,requisitions: mean of per-requisition rates,Accepted and Proposed Start Date <= 2026-09-14,Pending counted as accepted,none (no Rescinded status exists) | proxy: application carries a Rejection Reason -> excluded | proxy: application carries a Rejection Reason -> not accepted,Applications.Offered On | Offers.Offered On,trailing 6m to 2026-08-27
17.0,21,80.95,8.95,False,14,0,candidates: accepted if any offer accepted | candidates: outcome of latest offer (Offered On) | offer records | persons (name+phone): accepted if any offer accepted,Accepted and Proposed Start Date <= 2026-09-14 | Status = Accepted,Pending excluded,none (no Rescinded status exists) | proxy: application carries a Rejection Reason -> excluded | proxy: offer on a Cancelled opening -> excluded,Applications.Offered On | Offers.Offered On,2026 YTD to 2026-09-14
17.0,27,62.96,9.04,False,38,2,candidates: accepted if any offer accepted | candidates: outcome of latest offer (Offered On) | offer records,Accepted and Proposed Start Date <= 2026-08-27 | Accepted and Proposed Start Date <= 2026-09-14 | Status = Accepted,Pending counted as accepted | Pending counted as not accepted | Pending excluded | Pending with a Decision On counted as not accepted; other Pending excluded,none (no Rescinded status exists) | proxy: application carries a Rejection Reason -> excluded | proxy: application carries a Rejection Reason -> not accepted | proxy: offer on a Cancelled opening -> excluded | proxy: offer on a Cancelled opening -> not accepted,Applications.Offered On | Offers.Decision On | Offers.Offered On | none (all time),2026 YTD to 2026-09-14 | all time | trailing 12m to 2026-08-27 | trailing 12m to 2026-09-14
12.17,15,81.13,9.13,False,5,0,requisitions: mean of per-requisition rates,Accepted and Proposed Start Date <= 2026-08-27,Pending counted as accepted,proxy: offer on a Cancelled opening -> excluded,Applications.Offered On | Offers.Decision On | Offers.Offered On,2026 YTD to 2026-09-14 | trailing 12m to 2026-08-27 | trailing 12m to 2026-09-14
22.0,35,62.86,9.14,False,20,2,offer records,Accepted and Proposed Start Date <= 2026-08-27 | Status = Accepted,Pending counted as accepted | Pending counted as not accepted | Pending with a Decision On counted as not accepted; other Pending excluded,proxy: application carries a Rejection Reason -> not accepted | proxy: offer on a Cancelled opening -> not accepted,Applications.Offered On | Offers.Decision On | Offers.Offered On | none (all time),all time | trailing 12m to 2026-08-27 | trailing 12m to 2026-09-14
10.67,17,62.76,9.24,False,3,0,requisitions: mean of per-requisition rates,Accepted and Proposed Start Date <= 2026-08-27,Pending counted as accepted | Pending counted as not accepted | Pending with a Decision On counted as not accepted; other Pending excluded,proxy: application carries a Rejection Reason -> not accepted | proxy: offer on a Cancelled opening -> not accepted,Offers.Decision On,2026 YTD to 2026-09-14
26.0,32,81.25,9.25,False,10,2,candidates: accepted if any offer accepted,Accepted and Proposed Start Date <= 2026-08-27 | Accepted and Proposed Start Date <= 2026-09-14,Pending counted as accepted,none (no Rescinded status exists),Applications.Offered On | Offers.Offered On | none (all time),all time | trailing 12m to 2026-08-27 | trailing 12m to 2026-09-14
13.0,16,81.25,9.25,False,64,1,candidates: accepted if any offer accepted | candidates: outcome of latest offer (Offered On) | offer records | persons (name+phone): accepted if any offer accepted | requisitions: mean of per-requisition rates | requisitions: share with >=1 accepted offer,Accepted and Proposed Start Date <= 2026-08-27 | Accepted and Proposed Start Date <= 2026-09-14 | Status = Accepted,Pending counted as accepted | Pending counted as not accepted | Pending excluded,none (no Rescinded status exists) | proxy: application carries a Rejection Reason -> excluded | proxy: application carries a Rejection Reason -> not accepted | proxy: offer on a Cancelled opening -> excluded | proxy: offer on a Cancelled opening -> not accepted,Applications.Offered On | Offers.Decision On | Offers.Offered On | none (all time),2026 YTD to 2026-09-14 | all time | trailing 12m to 2026-08-27 | trailing 12m to 2026-09-14 | trailing 3m to 2026-08-27
22.0,27,81.48,9.48,False,25,4,candidates: accepted if any offer accepted | candidates: outcome of latest offer (Offered On) | offer records,Accepted and Proposed Start Date <= 2026-08-27 | Accepted and Proposed Start Date <= 2026-09-14 | Status = Accepted,Pending counted as accepted | Pending excluded,none (no Rescinded status exists) | proxy: application carries a Rejection Reason -> excluded | proxy: offer on a Cancelled opening -> excluded,Applications.Offered On | Offers.Decision On | Offers.Offered On | none (all time),2026 YTD to 2026-09-14 | all time | trailing 12m to 2026-08-27 | trailing 12m to 2026-09-14
20.0,32,62.5,9.5,False,25,5,candidates: accepted if any offer accepted | candidates: outcome of latest offer (Offered On),Accepted and Proposed Start Date <= 2026-08-27 | Status = Accepted,Pending counted as accepted | Pending counted as not accepted,none (no Rescinded status exists) | proxy: application carries a Rejection Reason -> not accepted | proxy: offer on a Cancelled opening -> not accepted,Applications.Offered On | Offers.Offered On | none (all time),all time | trailing 12m to 2026-08-27 | trailing 12m to 2026-09-14
15.0,24,62.5,9.5,False,25,0,candidates: accepted if any offer accepted | candidates: outcome of latest offer (Offered On) | offer records | persons (name+phone): accepted if any offer accepted,Accepted and Proposed Start Date <= 2026-08-27 | Accepted and Proposed Start Date <= 2026-09-14 | Status = Accepted,Pending counted as accepted | Pending counted as not accepted | Pending excluded | Pending with a Decision On counted as not accepted; other Pending excluded,none (no Rescinded status exists) | proxy: application carries a Rejection Reason -> excluded | proxy: application carries a Rejection Reason -> not accepted | proxy: offer on a Cancelled opening -> excluded | proxy: offer on a Cancelled opening -> not accepted,Applications.Offered On | Offers.Decision On | Offers.Offered On,2026 YTD to 2026-09-14 | trailing 6m to 2026-08-27
10.0,16,62.5,9.5,False,82,0,candidates: accepted if any offer accepted | candidates: outcome of latest offer (Offered On) | offer records | persons (name+phone): accepted if any offer accepted | requisitions: mean of per-requisition rates,Accepted and Proposed Start Date <= 2026-08-27 | Accepted and Proposed Start Date <= 2026-09-14,Pending counted as not accepted | Pending with a Decision On counted as not accepted; other Pending excluded,none (no Rescinded status exists) | proxy: application carries a Rejection Reason -> excluded | proxy: application carries a Rejection Reason -> not accepted | proxy: offer on a Cancelled opening -> excluded | proxy: offer on a Cancelled opening -> not accepted,Applications.Offered On | Offers.Offered On,2026 YTD to 2026-09-14 | trailing 3m to 2026-08-27
5.0,8,62.5,9.5,False,126,0,candidates: accepted if any offer accepted | candidates: outcome of latest offer (Offered On) | offer records | persons (name+phone): accepted if any offer accepted | requisitions: mean of per-requisition rates | requisitions: share with >=1 accepted offer,Accepted and Proposed Start Date <= 2026-08-27 | Accepted and Proposed Start Date <= 2026-09-14 | Status = Accepted,Pending counted as accepted | Pending counted as not accepted | Pending excluded | Pending with a Decision On counted as not accepted; other Pending excluded,none (no Rescinded status exists) | proxy: application carries a Rejection Reason -> excluded | proxy: application carries a Rejection Reason -> not accepted | proxy: offer on a Cancelled opening -> excluded | proxy: offer on a Cancelled opening -> not accepted,Applications.Offered On | Offers.Offered On,calendar 2025 | trailing 3m to 2026-09-14
18.0,22,81.82,9.82,False,50,1,candidates: accepted if any offer accepted | candidates: outcome of latest offer (Offered On) | offer records | persons (name+phone): accepted if any offer accepted,Accepted and Proposed Start Date <= 2026-09-14 | Status = Accepted,Pending counted as accepted | Pending excluded,none (no Rescinded status exists) | proxy: application carries a Rejection Reason -> excluded | proxy: application carries a Rejection Reason -> not accepted | proxy: offer on a Cancelled opening -> excluded | proxy: offer on a Cancelled opening -> not accepted,Applications.Offered On | Offers.Decision On | Offers.Offered On | none (all time),2026 YTD to 2026-09-14 | all time | trailing 12m to 2026-08-27 | trailing 12m to 2026-09-14 | trailing 6m to 2026-08-27 | trailing 6m to 2026-09-14
9.0,11,81.82,9.82,False,132,0,candidates: accepted if any offer accepted | candidates: outcome of latest offer (Offered On) | offer records | persons (name+phone): accepted if any offer accepted | requisitions: mean of per-requisition rates | requisitions: share with >=1 accepted offer,Accepted and Proposed Start Date <= 2026-08-27 | Accepted and Proposed Start Date <= 2026-09-14 | Status = Accepted,Pending counted as accepted | Pending counted as not accepted | Pending excluded | Pending with a Decision On counted as not accepted; other Pending excluded,none (no Rescinded status exists) | proxy: application carries a Rejection Reason -> excluded | proxy: application carries a Rejection Reason -> not accepted | proxy: offer on a Cancelled opening -> excluded | proxy: offer on a Cancelled opening -> not accepted,Applications.Offered On | Offers.Decision On | Offers.Offered On,trailing 3m to 2026-08-27 | trailing 3m to 2026-09-14 | trailing 6m to 2026-08-27 | trailing 6m to 2026-09-14
9.83,12,81.92,9.92,False,2,0,requisitions: mean of per-requisition rates,Accepted and Proposed Start Date <= 2026-09-14,Pending counted as accepted,proxy: offer on a Cancelled opening -> excluded,Offers.Decision On,trailing 6m to 2026-08-27 | trailing 6m to 2026-09-14
18.0,29,62.07,9.93,False,12,1,candidates: outcome of latest offer (Offered On) | offer records,Accepted and Proposed Start Date <= 2026-08-27 | Accepted and Proposed Start Date <= 2026-09-14,Pending counted as accepted | Pending counted as not accepted | Pending with a Decision On counted as not accepted; other Pending excluded,none (no Rescinded status exists) | proxy: application carries a Rejection Reason -> excluded | proxy: application carries a Rejection Reason -> not accepted | proxy: offer on a Cancelled opening -> not accepted,Applications.Offered On | Offers.Decision On | Offers.Offered On | none (all time),2026 YTD to 2026-09-14 | all time | trailing 12m to 2026-08-27 | trailing 12m to 2026-09-14
11.17,18,62.06,9.94,False,10,2,requisitions: mean of per-requisition rates,Accepted and Proposed Start Date <= 2026-08-27,Pending counted as not accepted,proxy: application carries a Rejection Reason -> not accepted | proxy: offer on a Cancelled opening -> not accepted,Applications.Offered On | Offers.Offered On | none (all time),all time | trailing 12m to 2026-08-27 | trailing 12m to 2026-09-14
10.67,13,82.08,10.08,False,4,0,requisitions: mean of per-requisition rates,Accepted and Proposed Start Date <= 2026-08-27,Pending excluded,none (no Rescinded status exists) | proxy: application carries a Rejection Reason -> excluded,Applications.Offered On | Offers.Offered On,2026 YTD to 2026-09-14
13.0,21,61.9,10.1,False,44,0,candidates: accepted if any offer accepted | candidates: outcome of latest offer (Offered On) | offer records | persons (name+phone): accepted if any offer accepted,Accepted and Proposed Start Date <= 2026-08-27 | Accepted and Proposed Start Date <= 2026-09-14,Pending counted as not accepted | Pending with a Decision On counted as not accepted; other Pending excluded,none (no Rescinded status exists) | proxy: application carries a Rejection Reason -> excluded | proxy: application carries a Rejection Reason -> not accepted | proxy: offer on a Cancelled opening -> excluded | proxy: offer on a Cancelled opening -> not accepted,Applications.Offered On | Offers.Decision On | Offers.Offered On,trailing 6m to 2026-08-27 | trailing 6m to 2026-09-14
23.0,28,82.14,10.14,False,34,4,candidates: accepted if any offer accepted | candidates: outcome of latest offer (Offered On) | offer records | persons (name+phone): accepted if any offer accepted,Accepted and Proposed Start Date <= 2026-08-27 | Accepted and Proposed Start Date <= 2026-09-14 | Status = Accepted,Pending counted as accepted | Pending excluded,none (no Rescinded status exists) | proxy: application carries a Rejection Reason -> excluded | proxy: application carries a Rejection Reason -> not accepted | proxy: offer on a Cancelled opening -> not accepted,Applications.Offered On | Offers.Decision On | Offers.Offered On | none (all time),2026 YTD to 2026-09-14 | all time | trailing 12m to 2026-08-27 | trailing 12m to 2026-09-14
11.5,14,82.14,10.14,False,3,0,requisitions: mean of per-requisition rates,Status = Accepted,Pending excluded,proxy: application carries a Rejection Reason -> excluded | proxy: application carries a Rejection Reason -> not accepted,Applications.Offered On | Offers.Decision On | Offers.Offered On,2026 YTD to 2026-09-14
12.33,15,82.2,10.2,False,7,1,requisitions: mean of per-requisition rates,Accepted and Proposed Start Date <= 2026-08-27,Pending excluded,proxy: application carries a Rejection Reason -> excluded,Applications.Offered On | Offers.Decision On | Offers.Offered On | none (all time),all time | trailing 12m to 2026-08-27 | trailing 12m to 2026-09-14
10.5,17,61.76,10.24,False,2,0,requisitions: mean of per-requisition rates,Accepted and Proposed Start Date <= 2026-09-14,Pending counted as not accepted | Pending with a Decision On counted as not accepted; other Pending excluded,proxy: application carries a Rejection Reason -> not accepted,Offers.Decision On,2026 YTD to 2026-09-14
13.17,16,82.31,10.31,False,7,1,requisitions: mean of per-requisition rates,Accepted and Proposed Start Date <= 2026-08-27 | Accepted and Proposed Start Date <= 2026-09-14,Pending counted as accepted,proxy: application carries a Rejection Reason -> excluded | proxy: offer on a Cancelled opening -> excluded,Applications.Offered On | Offers.Decision On | Offers.Offered On | none (all time),all time | trailing 12m to 2026-08-27 | trailing 12m to 2026-09-14
14.0,17,82.35,10.35,False,57,3,candidates: accepted if any offer accepted | candidates: outcome of latest offer (Offered On) | persons (name+phone): accepted if any offer accepted | requisitions: mean of per-requisition rates | requisitions: share with >=1 accepted offer,Accepted and Proposed Start Date <= 2026-08-27 | Accepted and Proposed Start Date <= 2026-09-14 | Status = Accepted,Pending counted as accepted | Pending counted as not accepted | Pending excluded | Pending with a Decision On counted as not accepted; other Pending excluded,none (no Rescinded status exists) | proxy: application carries a Rejection Reason -> not accepted | proxy: offer on a Cancelled opening -> excluded | proxy: offer on a Cancelled opening -> not accepted,Applications.Offered On | Offers.Decision On | Offers.Offered On | none (all time),2026 YTD to 2026-09-14 | all time | trailing 12m to 2026-08-27 | trailing 12m to 2026-09-14 | trailing 6m to 2026-08-27 | trailing 6m to 2026-09-14
16.0,26,61.54,10.46,False,36,0,candidates: accepted if any offer accepted | candidates: outcome of latest offer (Offered On) | offer records | persons (name+phone): accepted if any offer accepted,Accepted and Proposed Start Date <= 2026-08-27 | Accepted and Proposed Start Date <= 2026-09-14 | Status = Accepted,Pending counted as not accepted | Pending with a Decision On counted as not accepted; other Pending excluded,none (no Rescinded status exists) | proxy: application carries a Rejection Reason -> not accepted | proxy: offer on a Cancelled opening -> excluded | proxy: offer on a Cancelled opening -> not accepted,Applications.Offered On | Offers.Decision On | Offers.Offered On,2026 YTD to 2026-09-14
19.0,23,82.61,10.61,False,64,4,candidates: accepted if any offer accepted | candidates: outcome of latest offer (Offered On) | offer records | persons (name+phone): accepted if any offer accepted,Accepted and Proposed Start Date <= 2026-08-27 | Accepted and Proposed Start Date <= 2026-09-14 | Status = Accepted,Pending counted as accepted | Pending excluded,none (no Rescinded status exists) | proxy: application carries a Rejection Reason -> excluded | proxy: application carries a Rejection Reason -> not accepted | proxy: offer on a Cancelled opening -> excluded | proxy: offer on a Cancelled opening -> not accepted,Applications.Offered On | Offers.Decision On | Offers.Offered On | none (all time),2026 YTD to 2026-09-14 | all time | trailing 12m to 2026-08-27 | trailing 12m to 2026-09-14 | trailing 6m to 2026-08-27 | trailing 6m to 2026-09-14
19.0,31,61.29,10.71,False,50,6,candidates: accepted if any offer accepted | candidates: outcome of latest offer (Offered On) | persons (name+phone): accepted if any offer accepted,Accepted and Proposed Start Date <= 2026-08-27 | Accepted and Proposed Start Date <= 2026-09-14 | Status = Accepted,Pending counted as accepted | Pending counted as not accepted | Pending with a Decision On counted as not accepted; other Pending excluded,proxy: application carries a Rejection Reason -> not accepted | proxy: offer on a Cancelled opening -> not accepted,Applications.Offered On | Offers.Decision On | Offers.Offered On | none (all time),all time | trailing 12m to 2026-08-27 | trailing 12m to 2026-09-14
24.0,29,82.76,10.76,False,15,2,candidates: outcome of latest offer (Offered On) | offer records,Accepted and Proposed Start Date <= 2026-09-14 | Status = Accepted,Pending counted as accepted | Pending excluded,none (no Rescinded status exists) | proxy: application carries a Rejection Reason -> excluded | proxy: offer on a Cancelled opening -> excluded,Applications.Offered On | Offers.Decision On | Offers.Offered On | none (all time),2026 YTD to 2026-09-14 | all time | trailing 12m to 2026-08-27 | trailing 12m to 2026-09-14
22.0,36,61.11,10.89,False,10,2,offer records,Accepted and Proposed Start Date <= 2026-08-27 | Status = Accepted,Pending counted as not accepted,proxy: application carries a Rejection Reason -> not accepted | proxy: offer on a Cancelled opening -> not accepted,Applications.Offered On | Offers.Offered On | none (all time),all time | trailing 12m to 2026-08-27 | trailing 12m to 2026-09-14
14.0,23,60.87,11.13,False,66,0,candidates: accepted if any offer accepted | candidates: outcome of latest offer (Offered On) | offer records | persons (name+phone): accepted if any offer accepted,Accepted and Proposed Start Date <= 2026-08-27 | Accepted and Proposed Start Date <= 2026-09-14 | Status = Accepted,Pending counted as accepted | Pending counted as not accepted | Pending with a Decision On counted as not accepted; other Pending excluded,none (no Rescinded status exists) | proxy: application carries a Rejection Reason -> excluded | proxy: application carries a Rejection Reason -> not accepted | proxy: offer on a Cancelled opening -> excluded | proxy: offer on a Cancelled opening -> not accepted,Applications.Offered On | Offers.Decision On | Offers.Offered On,2026 YTD to 2026-09-14 | trailing 6m to 2026-08-27 | trailing 6m to 2026-09-14
17.0,28,60.71,11.29,False,6,0,offer records,Accepted and Proposed Start Date <= 2026-08-27 | Accepted and Proposed Start Date <= 2026-09-14,Pending counted as not accepted,none (no Rescinded status exists) | proxy: application carries a Rejection Reason -> not accepted | proxy: offer on a Cancelled opening -> not accepted,Applications.Offered On | Offers.Offered On,2026 YTD to 2026-09-14
8.33,10,83.3,11.3,False,6,0,requisitions: mean of per-requisition rates,Accepted and Proposed Start Date <= 2026-09-14,Pending excluded,proxy: offer on a Cancelled opening -> excluded,Applications.Offered On | Offers.Decision On | Offers.Offered On,trailing 6m to 2026-08-27 | trailing 6m to 2026-09-14
10.83,13,83.31,11.31,False,6,0,requisitions: mean of per-requisition rates,Accepted and Proposed Start Date <= 2026-09-14 | Status = Accepted,Pending counted as accepted,proxy: offer on a Cancelled opening -> excluded | proxy: offer on a Cancelled opening -> not accepted,Applications.Offered On | Offers.Decision On | Offers.Offered On,trailing 6m to 2026-08-27 | trailing 6m to 2026-09-14
25.0,30,83.33,11.33,False,5,1,offer records,Accepted and Proposed Start Date <= 2026-09-14,Pending counted as accepted,proxy: offer on a Cancelled opening -> excluded,Applications.Offered On | Offers.Offered On | none (all time),all time | trailing 12m to 2026-08-27 | trailing 12m to 2026-09-14
20.0,24,83.33,11.33,False,6,0,offer records,Status = Accepted,Pending counted as accepted,none (no Rescinded status exists) | proxy: application carries a Rejection Reason -> excluded | proxy: application carries a Rejection Reason -> not accepted,Applications.Offered On | Offers.Offered On,trailing 6m to 2026-08-27
15.0,18,83.33,11.33,False,26,4,offer records | requisitions: mean of per-requisition rates | requisitions: share with >=1 accepted offer,Accepted and Proposed Start Date <= 2026-08-27 | Accepted and Proposed Start Date <= 2026-09-14 | Status = Accepted,Pending counted as accepted | Pending counted as not accepted | Pending excluded,proxy: application carries a Rejection Reason -> not accepted | proxy: offer on a Cancelled opening -> excluded | proxy: offer on a Cancelled opening -> not accepted,Applications.Offered On | Offers.Decision On | Offers.Offered On | none (all time),all time | trailing 12m to 2026-08-27 | trailing 12m to 2026-09-14 | trailing 6m to 2026-08-27 | trailing 6m to 2026-09-14
12.5,15,83.33,11.33,False,4,0,requisitions: mean of per-requisition rates,Accepted and Proposed Start Date <= 2026-09-14 | Status = Accepted,Pending counted as accepted | Pending excluded,none (no Rescinded status exists) | proxy: application carries a Rejection Reason -> excluded,Applications.Offered On | Offers.Decision On | Offers.Offered On,2026 YTD to 2026-09-14
10.0,12,83.33,11.33,False,38,0,candidates: accepted if any offer accepted | candidates: outcome of latest offer (Offered On) | offer records | persons (name+phone): accepted if any offer accepted | requisitions: share with >=1 accepted offer,Accepted and Proposed Start Date <= 2026-08-27 | Accepted and Proposed Start Date <= 2026-09-14 | Status = Accepted,Pending counted as accepted | Pending counted as not accepted | Pending excluded | Pending with a Decision On counted as not accepted; other Pending excluded,none (no Rescinded status exists) | proxy: application carries a Rejection Reason -> excluded | proxy: application carries a Rejection Reason -> not accepted | proxy: offer on a Cancelled opening -> excluded | proxy: offer on a Cancelled opening -> not accepted,Applications.Offered On | Offers.Decision On | Offers.Offered On,trailing 3m to 2026-09-14 | trailing 6m to 2026-08-27 | trailing 6m to 2026-09-14
7.5,9,83.33,11.33,False,5,0,requisitions: mean of per-requisition rates,Accepted and Proposed Start Date <= 2026-09-14,Pending excluded,none (no Rescinded status exists) | proxy: application carries a Rejection Reason -> excluded | proxy: application carries a Rejection Reason -> not accepted | proxy: offer on a Cancelled opening -> excluded | proxy: offer on a Cancelled opening -> not accepted,Offers.Decision On,trailing 3m to 2026-09-14
5.0,6,83.33,11.33,False,178,0,candidates: accepted if any offer accepted | candidates: outcome of latest offer (Offered On) | offer records | persons (name+phone): accepted if any offer accepted | requisitions: share with >=1 accepted offer,Accepted and Proposed Start Date <= 2026-08-27 | Accepted and Proposed Start Date <= 2026-09-14 | Status = Accepted,Pending counted as accepted | Pending counted as not accepted | Pending excluded | Pending with a Decision On counted as not accepted; other Pending excluded,none (no Rescinded status exists) | proxy: application carries a Rejection Reason -> excluded | proxy: application carries a Rejection Reason -> not accepted | proxy: offer on a Cancelled opening -> excluded | proxy: offer on a Cancelled opening -> not accepted,Applications.Offered On | Offers.Decision On | Offers.Offered On,calendar 2025 | trailing 3m to 2026-09-14
14.17,17,83.35,11.35,False,5,1,requisitions: mean of per-requisition rates,Accepted and Proposed Start Date <= 2026-09-14,Pending counted as accepted,proxy: application carries a Rejection Reason -> excluded,Applications.Offered On | Offers.Offered On | none (all time),all time | trailing 12m to 2026-08-27 | trailing 12m to 2026-09-14
6.67,11,60.64,11.36,False,10,0,requisitions: mean of per-requisition rates,Accepted and Proposed Start Date <= 2026-08-27,Pending counted as not accepted | Pending with a Decision On counted as not accepted; other Pending excluded,none (no Rescinded status exists) | proxy: application carries a Rejection Reason -> excluded | proxy: application carries a Rejection Reason -> not accepted | proxy: offer on a Cancelled opening -> excluded | proxy: offer on a Cancelled opening -> not accepted,Offers.Decision On,trailing 3m to 2026-08-27
9.17,11,83.36,11.36,False,5,0,requisitions: mean of per-requisition rates,Accepted and Proposed Start Date <= 2026-09-14,Pending counted as accepted,none (no Rescinded status exists) | proxy: application carries a Rejection Reason -> excluded | proxy: application carries a Rejection Reason -> not accepted | proxy: offer on a Cancelled opening -> excluded | proxy: offer on a Cancelled opening -> not accepted,Offers.Decision On,trailing 3m to 2026-08-27
9.67,16,60.44,11.56,False,2,0,requisitions: mean of per-requisition rates,Accepted and Proposed Start Date <= 2026-08-27,Pending counted as not accepted,proxy: offer on a Cancelled opening -> not accepted,Applications.Offered On | Offers.Offered On,2026 YTD to 2026-09-14
7.83,13,60.23,11.77,False,18,0,requisitions: mean of per-requisition rates,Accepted and Proposed Start Date <= 2026-08-27,Pending counted as not accepted | Pending with a Decision On counted as not accepted; other Pending excluded,none (no Rescinded status exists) | proxy: application carries a Rejection Reason -> excluded | proxy: application carries a Rejection Reason -> not accepted | proxy: offer on a Cancelled opening -> excluded | proxy: offer on a Cancelled opening -> not accepted,Applications.Offered On | Offers.Decision On | Offers.Offered On,trailing 6m to 2026-08-27 | trailing 6m to 2026-09-14
14.25,17,83.82,11.82,False,2,0,requisitions: mean of per-requisition rates,Accepted and Proposed Start Date <= 2026-09-14,Pending counted as accepted,none (no Rescinded status exists),Offers.Decision On,trailing 12m to 2026-08-27 | trailing 12m to 2026-09-14
26.0,31,83.87,11.87,False,9,1,candidates: outcome of latest offer (Offered On) | offer records,Status = Accepted,Pending counted as accepted | Pending excluded,none (no Rescinded status exists),Applications.Offered On | Offers.Decision On | Offers.Offered On | none (all time),all time | trailing 12m to 2026-08-27 | trailing 12m to 2026-09-14
13.42,16,83.88,11.88,False,7,1,requisitions: mean of per-requisition rates,Accepted and Proposed Start Date <= 2026-08-27,Pending excluded,none (no Rescinded status exists),Applications.Offered On | Offers.Decision On | Offers.Offered On | none (all time),all time | trailing 12m to 2026-08-27 | trailing 12m to 2026-09-14
21.0,35,60.0,12.0,False,9,1,offer records,Accepted and Proposed Start Date <= 2026-09-14,Pending counted as not accepted | Pending with a Decision On counted as not accepted; other Pending excluded,proxy: offer on a Cancelled opening -> not accepted,Applications.Offered On | Offers.Decision On | Offers.Offered On | none (all time),all time | trailing 12m to 2026-08-27 | trailing 12m to 2026-09-14
21.0,25,84.0,12.0,False,13,1,candidates: accepted if any offer accepted | candidates: outcome of latest offer (Offered On) | offer records | persons (name+phone): accepted if any offer accepted,Accepted and Proposed Start Date <= 2026-09-14 | Status = Accepted,Pending counted as accepted | Pending excluded,proxy: application carries a Rejection Reason -> excluded | proxy: offer on a Cancelled opening -> excluded,Applications.Offered On | Offers.Decision On | Offers.Offered On | none (all time),2026 YTD to 2026-09-14 | all time | trailing 12m to 2026-08-27 | trailing 12m to 2026-09-14
15.0,25,60.0,12.0,False,18,0,candidates: accepted if any offer accepted | candidates: outcome of latest offer (Offered On) | persons (name+phone): accepted if any offer accepted,Accepted and Proposed Start Date <= 2026-08-27 | Accepted and Proposed Start Date <= 2026-09-14,Pending counted as not accepted | Pending with a Decision On counted as not accepted; other Pending excluded,none (no Rescinded status exists) | proxy: application carries a Rejection Reason -> excluded | proxy: application carries a Rejection Reason -> not accepted | proxy: offer on a Cancelled opening -> not accepted,Applications.Offered On | Offers.Decision On | Offers.Offered On,2026 YTD to 2026-09-14
12.0,20,60.0,12.0,False,24,0,candidates: accepted if any offer accepted | candidates: outcome of latest offer (Offered On) | persons (name+phone): accepted if any offer accepted,Accepted and Proposed Start Date <= 2026-08-27,Pending counted as not accepted | Pending with a Decision On counted as not accepted; other Pending excluded,proxy: offer on a Cancelled opening -> excluded,Applications.Offered On | Offers.Decision On | Offers.Offered On,trailing 6m to 2026-08-27 | trailing 6m to 2026-09-14
9.0,15,60.0,12.0,False,40,0,candidates: accepted if any offer accepted | candidates: outcome of latest offer (Offered On) | offer records | persons (name+phone): accepted if any offer accepted,Accepted and Proposed Start Date <= 2026-08-27,Pending counted as not accepted | Pending with a Decision On counted as not accepted; other Pending excluded,none (no Rescinded status exists) | proxy: application carries a Rejection Reason -> excluded | proxy: application carries a Rejection Reason -> not accepted | proxy: offer on a Cancelled opening -> excluded | proxy: offer on a Cancelled opening -> not accepted,Offers.Decision On,trailing 3m to 2026-09-14
3.0,5,60.0,12.0,False,24,0,requisitions: mean of per-requisition rates | requisitions: share with >=1 accepted offer,Accepted and Proposed Start Date <= 2026-08-27 | Accepted and Proposed Start Date <= 2026-09-14 | Status = Accepted,Pending counted as accepted | Pending counted as not accepted | Pending excluded | Pending with a Decision On counted as not accepted; other Pending excluded,proxy: offer on a Cancelled opening -> not accepted,Offers.Decision On,calendar 2025
10.17,17,59.82,12.18,False,2,0,requisitions: mean of per-requisition rates,Accepted and Proposed Start Date <= 2026-08-27,Pending counted as not accepted | Pending with a Decision On counted as not accepted; other Pending excluded,proxy: application carries a Rejection Reason -> not accepted,Offers.Decision On,2026 YTD to 2026-09-14
16.0,19,84.21,12.21,False,6,0,candidates: accepted if any offer accepted | candidates: outcome of latest offer (Offered On) | persons (name+phone): accepted if any offer accepted,Status = Accepted,Pending excluded,proxy: offer on a Cancelled opening -> excluded,Applications.Offered On | Offers.Offered On,2026 YTD to 2026-09-14
27.0,32,84.38,12.38,False,7,1,candidates: outcome of latest offer (Offered On) | offer records,Status = Accepted,Pending counted as accepted,none (no Rescinded status exists) | proxy: application carries a Rejection Reason -> excluded,Applications.Offered On | Offers.Decision On | Offers.Offered On | none (all time),all time | trailing 12m to 2026-08-27 | trailing 12m to 2026-09-14
13.5,16,84.38,12.38,False,4,0,requisitions: mean of per-requisition rates,Accepted and Proposed Start Date <= 2026-09-14 | Status = Accepted,Pending counted as accepted,none (no Rescinded status exists) | proxy: application carries a Rejection Reason -> not accepted,Applications.Offered On | Offers.Offered On,2026 YTD to 2026-09-14
12.67,15,84.47,12.47,False,7,1,requisitions: mean of per-requisition rates,Accepted and Proposed Start Date <= 2026-09-14,Pending excluded,proxy: application carries a Rejection Reason -> excluded,Applications.Offered On | Offers.Decision On | Offers.Offered On | none (all time),all time | trailing 12m to 2026-08-27 | trailing 12m to 2026-09-14
8.33,14,59.5,12.5,False,16,0,requisitions: mean of per-requisition rates,Accepted and Proposed Start Date <= 2026-08-27 | Accepted and Proposed Start Date <= 2026-09-14,Pending counted as not accepted,none (no Rescinded status exists) | proxy: application carries a Rejection Reason -> excluded | proxy: application carries a Rejection Reason -> not accepted | proxy: offer on a Cancelled opening -> not accepted,Applications.Offered On | Offers.Offered On,trailing 6m to 2026-08-27 | trailing 6m to 2026-09-14
11.83,14,84.5,12.5,False,10,0,requisitions: mean of per-requisition rates,Status = Accepted,Pending counted as accepted,none (no Rescinded status exists) | proxy: application carries a Rejection Reason -> excluded | proxy: application carries a Rejection Reason -> not accepted | proxy: offer on a Cancelled opening -> not accepted,Applications.Offered On | Offers.Offered On,trailing 6m to 2026-08-27 | trailing 6m to 2026-09-14
19.0,32,59.38,12.62,False,20,4,candidates: accepted if any offer accepted | candidates: outcome of latest offer (Offered On),Accepted and Proposed Start Date <= 2026-08-27 | Accepted and Proposed Start Date <= 2026-09-14 | Status = Accepted,Pending counted as not accepted,proxy: application carries a Rejection Reason -> not accepted | proxy: offer on a Cancelled opening -> not accepted,Applications.Offered On | Offers.Offered On | none (all time),all time | trailing 12m to 2026-08-27 | trailing 12m to 2026-09-14
22.0,26,84.62,12.62,False,20,2,candidates: accepted if any offer accepted | candidates: outcome of latest offer (Offered On) | persons (name+phone): accepted if any offer accepted,Status = Accepted,Pending counted as accepted | Pending excluded,none (no Rescinded status exists) | proxy: application carries a Rejection Reason -> excluded,Applications.Offered On | Offers.Decision On | Offers.Offered On | none (all time),2026 YTD to 2026-09-14 | all time | trailing 12m to 2026-08-27 | trailing 12m to 2026-09-14
11.0,13,84.62,12.62,False,92,0,candidates: accepted if any offer accepted | candidates: outcome of latest offer (Offered On) | offer records | persons (name+phone): accepted if any offer accepted | requisitions: mean of per-requisition rates | requisitions: share with >=1 accepted offer,Accepted and Proposed Start Date <= 2026-08-27 | Accepted and Proposed Start Date <= 2026-09-14 | Status = Accepted,Pending counted as accepted | Pending counted as not accepted | Pending excluded | Pending with a Decision On counted as not accepted; other Pending excluded,none (no Rescinded status exists) | proxy: application carries a Rejection Reason -> excluded | proxy: application carries a Rejection Reason -> not accepted | proxy: offer on a Cancelled opening -> excluded | proxy: offer on a Cancelled opening -> not accepted,Applications.Offered On | Offers.Decision On | Offers.Offered On,2026 YTD to 2026-09-14 | trailing 3m to 2026-08-27 | trailing 6m to 2026-08-27 | trailing 6m to 2026-09-14
15.25,18,84.72,12.72,False,5,1,requisitions: mean of per-requisition rates,Accepted and Proposed Start Date <= 2026-09-14,Pending counted as accepted,none (no Rescinded status exists),Applications.Offered On | Offers.Offered On | none (all time),all time | trailing 12m to 2026-08-27 | trailing 12m to 2026-09-14
16.0,27,59.26,12.74,False,17,0,candidates: accepted if any offer accepted | candidates: outcome of latest offer (Offered On) | offer records,Accepted and Proposed Start Date <= 2026-08-27 | Accepted and Proposed Start Date <= 2026-09-14,Pending counted as accepted | Pending counted as not accepted | Pending with a Decision On counted as not accepted; other Pending excluded,none (no Rescinded status exists) | proxy: application carries a Rejection Reason -> not accepted | proxy: offer on a Cancelled opening -> not accepted,Applications.Offered On | Offers.Decision On | Offers.Offered On,2026 YTD to 2026-09-14
10.17,12,84.75,12.75,False,2,0,requisitions: mean of per-requisition rates,Accepted and Proposed Start Date <= 2026-08-27,Pending excluded,proxy: offer on a Cancelled opening -> excluded,Applications.Offered On | Offers.Offered On,2026 YTD to 2026-09-14
9.33,11,84.82,12.82,False,12,0,requisitions: mean of per-requisition rates,Status = Accepted,Pending excluded,none (no Rescinded status exists) | proxy: application carries a Rejection Reason -> excluded | proxy: application carries a Rejection Reason -> not accepted,Applications.Offered On | Offers.Decision On | Offers.Offered On,trailing 6m to 2026-08-27 | trailing 6m to 2026-09-14
28.0,33,84.85,12.85,False,5,1,offer records,Status = Accepted,Pending counted as accepted,proxy: application carries a Rejection Reason -> excluded,Applications.Offered On | Offers.Offered On | none (all time),all time | trailing 12m to 2026-08-27 | trailing 12m to 2026-09-14
13.0,22,59.09,12.91,False,114,0,candidates: accepted if any offer accepted | candidates: outcome of latest offer (Offered On) | offer records | persons (name+phone): accepted if any offer accepted,Accepted and Proposed Start Date <= 2026-08-27 | Accepted and Proposed Start Date <= 2026-09-14,Pending counted as accepted | Pending counted as not accepted | Pending with a Decision On counted as not accepted; other Pending excluded,none (no Rescinded status exists) | proxy: application carries a Rejection Reason -> excluded | proxy: application carries a Rejection Reason -> not accepted | proxy: offer on a Cancelled opening -> excluded | proxy: offer on a Cancelled opening -> not accepted,Applications.Offered On | Offers.Decision On | Offers.Offered On,trailing 6m to 2026-08-27 | trailing 6m to 2026-09-14
6.5,11,59.09,12.91,False,10,0,requisitions: mean of per-requisition rates,Accepted and Proposed Start Date <= 2026-08-27,Pending counted as not accepted | Pending with a Decision On counted as not accepted; other Pending excluded,none (no Rescinded status exists) | proxy: application carries a Rejection Reason -> excluded | proxy: application carries a Rejection Reason -> not accepted | proxy: offer on a Cancelled opening -> excluded | proxy: offer on a Cancelled opening -> not accepted,Offers.Decision On,trailing 3m to 2026-09-14
17.0,20,85.0,13.0,False,9,0,candidates: accepted if any offer accepted | candidates: outcome of latest offer (Offered On) | persons (name+phone): accepted if any offer accepted,Status = Accepted,Pending counted as accepted | Pending excluded,proxy: offer on a Cancelled opening -> excluded,Offers.Decision On,2026 YTD to 2026-09-14 | trailing 6m to 2026-08-27 | trailing 6m to 2026-09-14
10.0,17,58.82,13.18,False,40,0,candidates: accepted if any offer accepted | candidates: outcome of latest offer (Offered On) | offer records | persons (name+phone): accepted if any offer accepted,Accepted and Proposed Start Date <= 2026-08-27,Pending counted as not accepted | Pending with a Decision On counted as not accepted; other Pending excluded,none (no Rescinded status exists) | proxy: application carries a Rejection Reason -> excluded | proxy: application carries a Rejection Reason -> not accepted | proxy: offer on a Cancelled opening -> excluded | proxy: offer on a Cancelled opening -> not accepted,Offers.Decision On,trailing 3m to 2026-08-27
23.0,27,85.19,13.19,False,2,0,offer records,Status = Accepted,Pending counted as accepted,proxy: application carries a Rejection Reason -> excluded,Applications.Offered On | Offers.Offered On,2026 YTD to 2026-09-14
7.67,9,85.22,13.22,False,5,0,requisitions: mean of per-requisition rates,Accepted and Proposed Start Date <= 2026-09-14,Pending excluded,none (no Rescinded status exists) | proxy: application carries a Rejection Reason -> excluded | proxy: application carries a Rejection Reason -> not accepted | proxy: offer on a Cancelled opening -> excluded | proxy: offer on a Cancelled opening -> not accepted,Offers.Decision On,trailing 3m to 2026-08-27
14.5,17,85.29,13.29,False,1,0,requisitions: mean of per-requisition rates,Status = Accepted,Pending counted as accepted,none (no Rescinded status exists),Offers.Decision On,2026 YTD to 2026-09-14
17.0,29,58.62,13.38,False,4,0,offer records,Accepted and Proposed Start Date <= 2026-08-27,Pending counted as not accepted | Pending with a Decision On counted as not accepted; other Pending excluded,proxy: application carries a Rejection Reason -> not accepted | proxy: offer on a Cancelled opening -> not accepted,Offers.Decision On,2026 YTD to 2026-09-14
21.0,36,58.33,13.67,False,5,1,offer records,Accepted and Proposed Start Date <= 2026-09-14,Pending counted as not accepted,proxy: offer on a Cancelled opening -> not accepted,Applications.Offered On | Offers.Offered On | none (all time),all time | trailing 12m to 2026-08-27 | trailing 12m to 2026-09-14
14.0,24,58.33,13.67,False,10,0,candidates: outcome of latest offer (Offered On) | offer records,Accepted and Proposed Start Date <= 2026-08-27 | Accepted and Proposed Start Date <= 2026-09-14,Pending counted as not accepted,none (no Rescinded status exists) | proxy: application carries a Rejection Reason -> excluded | proxy: application carries a Rejection Reason -> not accepted | proxy: offer on a Cancelled opening -> excluded | proxy: offer on a Cancelled opening -> not accepted,Applications.Offered On | Offers.Offered On,2026 YTD to 2026-09-14 | trailing 6m to 2026-08-27
30.0,35,85.71,13.71,False,2,0,offer records,Status = Accepted,Pending counted as accepted,none (no Rescinded status exists),Offers.Decision On,trailing 12m to 2026-08-27 | trailing 12m to 2026-09-14
24.0,28,85.71,13.71,False,20,2,candidates: accepted if any offer accepted | offer records | persons (name+phone): accepted if any offer accepted,Status = Accepted,Pending counted as accepted | Pending excluded,none (no Rescinded status exists) | proxy: application carries a Rejection Reason -> excluded,Applications.Offered On | Offers.Decision On | Offers.Offered On | none (all time),2026 YTD to 2026-09-14 | all time | trailing 12m to 2026-08-27 | trailing 12m to 2026-09-14
18.0,21,85.71,13.71,False,16,0,candidates: accepted if any offer accepted | candidates: outcome of latest offer (Offered On) | offer records | persons (name+phone): accepted if any offer accepted,Status = Accepted,Pending counted as accepted | Pending excluded,proxy: offer on a Cancelled opening -> excluded,Applications.Offered On | Offers.Decision On | Offers.Offered On,2026 YTD to 2026-09-14 | trailing 6m to 2026-08-27 | trailing 6m to 2026-09-14
12.0,14,85.71,13.71,False,32,0,candidates: accepted if any offer accepted | candidates: outcome of latest offer (Offered On) | offer records | persons (name+phone): accepted if any offer accepted | requisitions: share with >=1 accepted offer,Accepted and Proposed Start Date <= 2026-08-27 | Accepted and Proposed Start Date <= 2026-09-14 | Status = Accepted,Pending counted as accepted | Pending excluded | Pending with a Decision On counted as not accepted; other Pending excluded,none (no Rescinded status exists) | proxy: application carries a Rejection Reason -> excluded | proxy: application carries a Rejection Reason -> not accepted | proxy: offer on a Cancelled opening -> excluded | proxy: offer on a Cancelled opening -> not accepted,Applications.Offered On | Offers.Decision On | Offers.Offered On,2026 YTD to 2026-09-14 | trailing 3m to 2026-08-27 | trailing 6m to 2026-08-27
11.17,13,85.92,13.92,False,1,0,requisitions: mean of per-requisition rates,Accepted and Proposed Start Date <= 2026-08-27,Pending excluded,proxy: offer on a Cancelled opening -> excluded,Offers.Decision On,2026 YTD to 2026-09-14
18.0,31,58.06,13.94,False,18,2,candidates: outcome of latest offer (Offered On),Accepted and Proposed Start Date <= 2026-08-27 | Accepted and Proposed Start Date <= 2026-09-14,Pending counted as not accepted | Pending with a Decision On counted as not accepted; other Pending excluded,proxy: application carries a Rejection Reason -> not accepted | proxy: offer on a Cancelled opening -> not accepted,Applications.Offered On | Offers.Decision On | Offers.Offered On | none (all time),all time | trailing 12m to 2026-08-27 | trailing 12m to 2026-09-14
13.75,16,85.94,13.94,False,7,1,requisitions: mean of per-requisition rates,Accepted and Proposed Start Date <= 2026-09-14,Pending excluded,none (no Rescinded status exists),Applications.Offered On | Offers.Decision On | Offers.Offered On | none (all time),all time | trailing 12m to 2026-08-27 | trailing 12m to 2026-09-14
31.0,36,86.11,14.11,False,5,1,offer records,Status = Accepted,Pending counted as accepted,none (no Rescinded status exists),Applications.Offered On | Offers.Offered On | none (all time),all time | trailing 12m to 2026-08-27 | trailing 12m to 2026-09-14
25.0,29,86.21,14.21,False,10,2,candidates: accepted if any offer accepted | persons (name+phone): accepted if any offer accepted,Status = Accepted,Pending counted as accepted,proxy: application carries a Rejection Reason -> excluded,Applications.Offered On | Offers.Offered On | none (all time),all time | trailing 12m to 2026-08-27 | trailing 12m to 2026-09-14
15.0,26,57.69,14.31,False,14,0,candidates: accepted if any offer accepted | candidates: outcome of latest offer (Offered On) | persons (name+phone): accepted if any offer accepted,Accepted and Proposed Start Date <= 2026-08-27 | Accepted and Proposed Start Date <= 2026-09-14,Pending counted as not accepted,none (no Rescinded status exists) | proxy: application carries a Rejection Reason -> not accepted | proxy: offer on a Cancelled opening -> not accepted,Applications.Offered On | Offers.Offered On,2026 YTD to 2026-09-14
19.0,22,86.36,14.36,False,12,1,candidates: outcome of latest offer (Offered On) | offer records,Status = Accepted,Pending counted as accepted | Pending excluded,proxy: offer on a Cancelled opening -> excluded,Applications.Offered On | Offers.Decision On | Offers.Offered On | none (all time),2026 YTD to 2026-09-14 | all time | trailing 12m to 2026-08-27 | trailing 12m to 2026-09-14 | trailing 6m to 2026-08-27 | trailing 6m to 2026-09-14
9.5,11,86.36,14.36,False,10,0,requisitions: mean of per-requisition rates,Accepted and Proposed Start Date <= 2026-09-14,Pending counted as accepted,none (no Rescinded status exists) | proxy: application carries a Rejection Reason -> excluded | proxy: application carries a Rejection Reason -> not accepted | proxy: offer on a Cancelled opening -> excluded | proxy: offer on a Cancelled opening -> not accepted,Applications.Offered On | Offers.Offered On,trailing 3m to 2026-08-27
26.0,30,86.67,14.67,False,2,0,persons (name+phone): accepted if any offer accepted,Status = Accepted,Pending counted as accepted,none (no Rescinded status exists),Offers.Decision On,trailing 12m to 2026-08-27 | trailing 12m to 2026-09-14
13.0,15,86.67,14.67,False,38,0,requisitions: mean of per-requisition rates | requisitions: share with >=1 accepted offer,Accepted and Proposed Start Date <= 2026-08-27 | Accepted and Proposed Start Date <= 2026-09-14 | Status = Accepted,Pending counted as accepted | Pending counted as not accepted | Pending excluded | Pending with a Decision On counted as not accepted; other Pending excluded,none (no Rescinded status exists) | proxy: application carries a Rejection Reason -> excluded | proxy: application carries a Rejection Reason -> not accepted | proxy: offer on a Cancelled opening -> excluded | proxy: offer on a Cancelled opening -> not accepted,Applications.Offered On | Offers.Decision On | Offers.Offered On,2026 YTD to 2026-09-14 | trailing 12m to 2026-08-27 | trailing 12m to 2026-09-14
20.0,35,57.14,14.86,False,9,1,offer records,Accepted and Proposed Start Date <= 2026-08-27,Pending counted as not accepted | Pending with a Decision On counted as not accepted; other Pending excluded,proxy: offer on a Cancelled opening -> not accepted,Applications.Offered On | Offers.Decision On | Offers.Offered On | none (all time),all time | trailing 12m to 2026-08-27 | trailing 12m to 2026-09-14
16.0,28,57.14,14.86,False,2,0,offer records,Accepted and Proposed Start Date <= 2026-08-27,Pending counted as not accepted,proxy: offer on a Cancelled opening -> not accepted,Applications.Offered On | Offers.Offered On,2026 YTD to 2026-09-14
12.0,21,57.14,14.86,False,36,0,candidates: accepted if any offer accepted | candidates: outcome of latest offer (Offered On) | persons (name+phone): accepted if any offer accepted,Accepted and Proposed Start Date <= 2026-08-27,Pending counted as not accepted | Pending with a Decision On counted as not accepted; other Pending excluded,none (no Rescinded status exists) | proxy: application carries a Rejection Reason -> excluded | proxy: application carries a Rejection Reason -> not accepted | proxy: offer on a Cancelled opening -> excluded | proxy: offer on a Cancelled opening -> not accepted,Applications.Offered On | Offers.Offered On,trailing 6m to 2026-08-27 | trailing 6m to 2026-09-14
12.17,14,86.93,14.93,False,7,1,requisitions: mean of per-requisition rates,Accepted and Proposed Start Date <= 2026-08-27,Pending excluded,proxy: offer on a Cancelled opening -> excluded,Applications.Offered On | Offers.Decision On | Offers.Offered On | none (all time),all time | trailing 12m to 2026-08-27 | trailing 12m to 2026-09-14
20.0,23,86.96,14.96,False,15,2,candidates: accepted if any offer accepted | persons (name+phone): accepted if any offer accepted,Status = Accepted,Pending counted as accepted | Pending excluded,proxy: offer on a Cancelled opening -> excluded,Applications.Offered On | Offers.Decision On | Offers.Offered On | none (all time),2026 YTD to 2026-09-14 | all time | trailing 12m to 2026-08-27 | trailing 12m to 2026-09-14
27.0,31,87.1,15.1,False,7,1,candidates: accepted if any offer accepted | persons (name+phone): accepted if any offer accepted,Status = Accepted,Pending counted as accepted,none (no Rescinded status exists),Applications.Offered On | Offers.Decision On | Offers.Offered On | none (all time),all time | trailing 12m to 2026-08-27 | trailing 12m to 2026-09-14
11.33,13,87.15,15.15,False,6,0,requisitions: mean of per-requisition rates,Status = Accepted,Pending counted as accepted,none (no Rescinded status exists) | proxy: application carries a Rejection Reason -> excluded | proxy: application carries a Rejection Reason -> not accepted,Offers.Decision On,trailing 6m to 2026-08-27 | trailing 6m to 2026-09-14
13.0,23,56.52,15.48,False,38,0,candidates: accepted if any offer accepted | candidates: outcome of latest offer (Offered On) | offer records | persons (name+phone): accepted if any offer accepted,Accepted and Proposed Start Date <= 2026-08-27 | Accepted and Proposed Start Date <= 2026-09-14,Pending counted as not accepted | Pending with a Decision On counted as not accepted; other Pending excluded,none (no Rescinded status exists) | proxy: application carries a Rejection Reason -> excluded | proxy: application carries a Rejection Reason -> not accepted | proxy: offer on a Cancelled opening -> not accepted,Applications.Offered On | Offers.Decision On | Offers.Offered On,trailing 6m to 2026-08-27 | trailing 6m to 2026-09-14
28.0,32,87.5,15.5,False,5,1,candidates: accepted if any offer accepted,Status = Accepted,Pending counted as accepted,none (no Rescinded status exists),Applications.Offered On | Offers.Offered On | none (all time),all time | trailing 12m to 2026-08-27 | trailing 12m to 2026-09-14
21.0,24,87.5,15.5,False,8,0,candidates: accepted if any offer accepted | candidates: outcome of latest offer (Offered On) | persons (name+phone): accepted if any offer accepted,Status = Accepted,Pending counted as accepted,proxy: offer on a Cancelled opening -> excluded,Applications.Offered On | Offers.Decision On | Offers.Offered On,2026 YTD to 2026-09-14
14.0,16,87.5,15.5,False,43,7,requisitions: mean of per-requisition rates | requisitions: share with >=1 accepted offer,Accepted and Proposed Start Date <= 2026-08-27 | Accepted and Proposed Start Date <= 2026-09-14 | Status = Accepted,Pending counted as accepted | Pending counted as not accepted | Pending excluded,proxy: offer on a Cancelled opening -> excluded | proxy: offer on a Cancelled opening -> not accepted,Applications.Offered On | Offers.Decision On | Offers.Offered On | none (all time),2026 YTD to 2026-09-14 | all time | trailing 12m to 2026-08-27 | trailing 12m to 2026-09-14
10.5,12,87.5,15.5,False,2,0,requisitions: mean of per-requisition rates,Accepted and Proposed Start Date <= 2026-09-14,Pending excluded,proxy: offer on a Cancelled opening -> excluded,Applications.Offered On | Offers.Offered On,2026 YTD to 2026-09-14
7.0,8,87.5,15.5,False,148,0,"applications: Stage = Hired / Applications.Offered On present | applications: Stage = Hired / Stage in (Hired, Offer) | candidates: accepted if any offer accepted | candidates: outcome of latest offer (Offered On) | offer records | persons (name+phone): accepted if any offer accepted | requisitions: mean of per-requisition rates",Accepted and Proposed Start Date <= 2026-08-27 | Accepted and Proposed Start Date <= 2026-09-14 | Applications.Stage = Hired | Status = Accepted,Pending counted as accepted | Pending counted as not accepted | Pending excluded | Pending with a Decision On counted as not accepted; other Pending excluded | n/a: Stage cannot separate Pending from Declined,n/a | none (no Rescinded status exists) | proxy: application carries a Rejection Reason -> excluded | proxy: application carries a Rejection Reason -> not accepted | proxy: offer on a Cancelled opening -> excluded | proxy: offer on a Cancelled opening -> not accepted,Applications.Offered On | Offers.Offered On,calendar 2025 | trailing 3m to 2026-09-14
18.0,32,56.25,15.75,False,10,2,candidates: outcome of latest offer (Offered On),Accepted and Proposed Start Date <= 2026-08-27 | Accepted and Proposed Start Date <= 2026-09-14,Pending counted as not accepted,proxy: application carries a Rejection Reason -> not accepted | proxy: offer on a Cancelled opening -> not accepted,Applications.Offered On | Offers.Offered On | none (all time),all time | trailing 12m to 2026-08-27 | trailing 12m to 2026-09-14
4.5,8,56.25,15.75,False,20,0,requisitions: mean of per-requisition rates,Accepted and Proposed Start Date <= 2026-08-27,Pending counted as not accepted | Pending with a Decision On counted as not accepted; other Pending excluded,none (no Rescinded status exists) | proxy: application carries a Rejection Reason -> excluded | proxy: application carries a Rejection Reason -> not accepted | proxy: offer on a Cancelled opening -> excluded | proxy: offer on a Cancelled opening -> not accepted,Applications.Offered On | Offers.Offered On,trailing 3m to 2026-09-14
13.17,15,87.8,15.8,False,7,1,requisitions: mean of per-requisition rates,Status = Accepted,Pending excluded,proxy: application carries a Rejection Reason -> excluded,Applications.Offered On | Offers.Decision On | Offers.Offered On | none (all time),all time | trailing 12m to 2026-08-27 | trailing 12m to 2026-09-14
22.0,25,88.0,16.0,False,9,1,offer records | persons (name+phone): accepted if any offer accepted,Status = Accepted,Pending counted as accepted | Pending excluded,proxy: offer on a Cancelled opening -> excluded,Applications.Offered On | Offers.Decision On | Offers.Offered On | none (all time),all time | trailing 12m to 2026-08-27 | trailing 12m to 2026-09-14
14.0,25,56.0,16.0,False,2,0,candidates: outcome of latest offer (Offered On),Accepted and Proposed Start Date <= 2026-08-27,Pending with a Decision On counted as not accepted; other Pending excluded,proxy: offer on a Cancelled opening -> not accepted,Applications.Offered On | Offers.Offered On,2026 YTD to 2026-09-14
7.83,14,55.93,16.07,False,10,0,requisitions: mean of per-requisition rates,Accepted and Proposed Start Date <= 2026-08-27,Pending counted as not accepted,none (no Rescinded status exists) | proxy: application carries a Rejection Reason -> excluded | proxy: application carries a Rejection Reason -> not accepted | proxy: offer on a Cancelled opening -> not accepted,Applications.Offered On | Offers.Offered On,trailing 6m to 2026-08-27 | trailing 6m to 2026-09-14
12.33,14,88.07,16.07,False,6,0,requisitions: mean of per-requisition rates,Status = Accepted,Pending counted as accepted,none (no Rescinded status exists) | proxy: application carries a Rejection Reason -> excluded | proxy: application carries a Rejection Reason -> not accepted,Applications.Offered On | Offers.Offered On,trailing 6m to 2026-08-27
15.0,17,88.24,16.24,False,71,6,candidates: accepted if any offer accepted | candidates: outcome of latest offer (Offered On) | offer records | persons (name+phone): accepted if any offer accepted | requisitions: share with >=1 accepted offer,Accepted and Proposed Start Date <= 2026-08-27 | Accepted and Proposed Start Date <= 2026-09-14 | Status = Accepted,Pending counted as accepted | Pending counted as not accepted | Pending with a Decision On counted as not accepted; other Pending excluded,none (no Rescinded status exists) | proxy: application carries a Rejection Reason -> excluded | proxy: application carries a Rejection Reason -> not accepted | proxy: offer on a Cancelled opening -> excluded | proxy: offer on a Cancelled opening -> not accepted,Applications.Offered On | Offers.Decision On | Offers.Offered On | none (all time),2026 YTD to 2026-09-14 | all time | trailing 12m to 2026-08-27 | trailing 12m to 2026-09-14 | trailing 3m to 2026-08-27
8.83,10,88.3,16.3,False,6,0,requisitions: mean of per-requisition rates,Status = Accepted,Pending excluded,proxy: offer on a Cancelled opening -> excluded,Applications.Offered On | Offers.Decision On | Offers.Offered On,trailing 6m to 2026-08-27 | trailing 6m to 2026-09-14
20.0,36,55.56,16.44,False,5,1,offer records,Accepted and Proposed Start Date <= 2026-08-27,Pending counted as not accepted,proxy: offer on a Cancelled opening -> not accepted,Applications.Offered On | Offers.Offered On | none (all time),all time | trailing 12m to 2026-08-27 | trailing 12m to 2026-09-14
15.0,27,55.56,16.44,False,4,0,candidates: outcome of latest offer (Offered On),Accepted and Proposed Start Date <= 2026-08-27,Pending counted as not accepted | Pending with a Decision On counted as not accepted; other Pending excluded,proxy: application carries a Rejection Reason -> not accepted | proxy: offer on a Cancelled opening -> not accepted,Offers.Decision On,2026 YTD to 2026-09-14
23.0,26,88.46,16.46,False,12,1,candidates: accepted if any offer accepted | candidates: outcome of latest offer (Offered On) | offer records | persons (name+phone): accepted if any offer accepted,Status = Accepted,Pending counted as accepted,proxy: offer on a Cancelled opening -> excluded,Applications.Offered On | Offers.Decision On | Offers.Offered On | none (all time),2026 YTD to 2026-09-14 | all time | trailing 12m to 2026-08-27 | trailing 12m to 2026-09-14
11.5,13,88.46,16.46,False,5,0,requisitions: mean of per-requisition rates,Accepted and Proposed Start Date <= 2026-09-14 | Status = Accepted,Pending excluded,none (no Rescinded status exists) | proxy: application carries a Rejection Reason -> excluded | proxy: offer on a Cancelled opening -> excluded,Applications.Offered On | Offers.Decision On | Offers.Offered On,2026 YTD to 2026-09-14
14.17,16,88.56,16.56,False,2,0,requisitions: mean of per-requisition rates,Status = Accepted,Pending counted as accepted,proxy: application carries a Rejection Reason -> excluded,Offers.Decision On,trailing 12m to 2026-08-27 | trailing 12m to 2026-09-14
24.0,27,88.89,16.89,False,10,2,candidates: accepted if any offer accepted | candidates: outcome of latest offer (Offered On),Status = Accepted,Pending counted as accepted,proxy: offer on a Cancelled opening -> excluded,Applications.Offered On | Offers.Offered On | none (all time),all time | trailing 12m to 2026-08-27 | trailing 12m to 2026-09-14
16.0,18,88.89,16.89,False,30,6,requisitions: share with >=1 accepted offer,Accepted and Proposed Start Date <= 2026-08-27 | Accepted and Proposed Start Date <= 2026-09-14 | Status = Accepted,Pending counted as accepted | Pending counted as not accepted,none (no Rescinded status exists) | proxy: offer on a Cancelled opening -> not accepted,Applications.Offered On | Offers.Offered On | none (all time),all time | trailing 12m to 2026-08-27 | trailing 12m to 2026-09-14
8.0,9,88.89,16.89,False,40,0,requisitions: mean of per-requisition rates | requisitions: share with >=1 accepted offer,Accepted and Proposed Start Date <= 2026-08-27 | Accepted and Proposed Start Date <= 2026-09-14 | Status = Accepted,Pending excluded,none (no Rescinded status exists) | proxy: application carries a Rejection Reason -> excluded | proxy: application carries a Rejection Reason -> not accepted | proxy: offer on a Cancelled opening -> excluded | proxy: offer on a Cancelled opening -> not accepted,Applications.Offered On | Offers.Decision On | Offers.Offered On,trailing 3m to 2026-08-27 | trailing 3m to 2026-09-14
14.25,16,89.06,17.06,False,7,1,requisitions: mean of per-requisition rates,Status = Accepted,Pending excluded,none (no Rescinded status exists),Applications.Offered On | Offers.Decision On | Offers.Offered On | none (all time),all time | trailing 12m to 2026-08-27 | trailing 12m to 2026-09-14
17.0,31,54.84,17.16,False,9,1,candidates: outcome of latest offer (Offered On),Accepted and Proposed Start Date <= 2026-08-27,Pending counted as not accepted | Pending with a Decision On counted as not accepted; other Pending excluded,proxy: offer on a Cancelled opening -> not accepted,Applications.Offered On | Offers.Decision On | Offers.Offered On | none (all time),all time | trailing 12m to 2026-08-27 | trailing 12m to 2026-09-14
15.17,17,89.24,17.24,False,5,1,requisitions: mean of per-requisition rates,Status = Accepted,Pending counted as accepted,proxy: application carries a Rejection Reason -> excluded,Applications.Offered On | Offers.Offered On | none (all time),all time | trailing 12m to 2026-08-27 | trailing 12m to 2026-09-14
12.5,14,89.29,17.29,False,7,1,requisitions: mean of per-requisition rates,Accepted and Proposed Start Date <= 2026-09-14,Pending excluded,proxy: offer on a Cancelled opening -> excluded,Applications.Offered On | Offers.Decision On | Offers.Offered On | none (all time),all time | trailing 12m to 2026-08-27 | trailing 12m to 2026-09-14
12.0,22,54.55,17.45,False,42,0,candidates: accepted if any offer accepted | candidates: outcome of latest offer (Offered On) | persons (name+phone): accepted if any offer accepted,Accepted and Proposed Start Date <= 2026-08-27,Pending counted as not accepted | Pending with a Decision On counted as not accepted; other Pending excluded,none (no Rescinded status exists) | proxy: application carries a Rejection Reason -> excluded | proxy: application carries a Rejection Reason -> not accepted | proxy: offer on a Cancelled opening -> not accepted,Applications.Offered On | Offers.Decision On | Offers.Offered On,trailing 6m to 2026-08-27 | trailing 6m to 2026-09-14
6.0,11,54.55,17.45,False,80,0,candidates: accepted if any offer accepted | candidates: outcome of latest offer (Offered On) | offer records | persons (name+phone): accepted if any offer accepted,Accepted and Proposed Start Date <= 2026-08-27,Pending counted as not accepted | Pending with a Decision On counted as not accepted; other Pending excluded,none (no Rescinded status exists) | proxy: application carries a Rejection Reason -> excluded | proxy: application carries a Rejection Reason -> not accepted | proxy: offer on a Cancelled opening -> excluded | proxy: offer on a Cancelled opening -> not accepted,Applications.Offered On | Offers.Offered On,trailing 3m to 2026-09-14
26.0,29,89.66,17.66,False,2,0,offer records,Status = Accepted,Pending counted as accepted,proxy: offer on a Cancelled opening -> excluded,Offers.Decision On,trailing 12m to 2026-08-27 | trailing 12m to 2026-09-14
15.25,17,89.71,17.71,False,2,0,requisitions: mean of per-requisition rates,Status = Accepted,Pending counted as accepted,none (no Rescinded status exists),Offers.Decision On,trailing 12m to 2026-08-27 | trailing 12m to 2026-09-14
13.0,24,54.17,17.83,False,2,0,offer records,Accepted and Proposed Start Date <= 2026-08-27,Pending counted as not accepted,proxy: offer on a Cancelled opening -> not accepted,Applications.Offered On | Offers.Offered On,trailing 6m to 2026-08-27
27.0,30,90.0,18.0,False,5,1,offer records,Status = Accepted,Pending counted as accepted,proxy: offer on a Cancelled opening -> excluded,Applications.Offered On | Offers.Offered On | none (all time),all time | trailing 12m to 2026-08-27 | trailing 12m to 2026-09-14
13.5,15,90.0,18.0,False,2,0,requisitions: mean of per-requisition rates,Status = Accepted,Pending counted as accepted,proxy: application carries a Rejection Reason -> excluded,Applications.Offered On | Offers.Offered On,2026 YTD to 2026-09-14
9.0,10,90.0,18.0,False,6,0,requisitions: share with >=1 accepted offer,Accepted and Proposed Start Date <= 2026-08-27,Pending excluded,proxy: offer on a Cancelled opening -> excluded,Applications.Offered On | Offers.Decision On | Offers.Offered On,trailing 6m to 2026-08-27 | trailing 6m to 2026-09-14
4.5,5,90.0,18.0,False,36,0,requisitions: mean of per-requisition rates,Accepted and Proposed Start Date <= 2026-08-27 | Accepted and Proposed Start Date <= 2026-09-14 | Status = Accepted,Pending counted as accepted | Pending counted as not accepted | Pending excluded | Pending with a Decision On counted as not accepted; other Pending excluded,proxy: application carries a Rejection Reason -> excluded | proxy: application carries a Rejection Reason -> not accepted,Applications.Offered On | Offers.Decision On | Offers.Offered On,calendar 2025
14.0,26,53.85,18.15,False,2,0,candidates: outcome of latest offer (Offered On),Accepted and Proposed Start Date <= 2026-08-27,Pending counted as not accepted,proxy: offer on a Cancelled opening -> not accepted,Applications.Offered On | Offers.Offered On,2026 YTD to 2026-09-14
10.83,12,90.25,18.25,False,2,0,requisitions: mean of per-requisition rates,Status = Accepted,Pending counted as accepted,proxy: offer on a Cancelled opening -> excluded,Offers.Decision On,trailing 6m to 2026-08-27 | trailing 6m to 2026-09-14
16.25,18,90.28,18.28,False,5,1,requisitions: mean of per-requisition rates,Status = Accepted,Pending counted as accepted,none (no Rescinded status exists),Applications.Offered On | Offers.Offered On | none (all time),all time | trailing 12m to 2026-08-27 | trailing 12m to 2026-09-14
14.5,16,90.62,18.62,False,2,0,requisitions: mean of per-requisition rates,Status = Accepted,Pending counted as accepted,none (no Rescinded status exists),Applications.Offered On | Offers.Offered On,2026 YTD to 2026-09-14
8.17,9,90.78,18.78,False,5,0,requisitions: mean of per-requisition rates,Status = Accepted,Pending excluded,none (no Rescinded status exists) | proxy: application carries a Rejection Reason -> excluded | proxy: application carries a Rejection Reason -> not accepted | proxy: offer on a Cancelled opening -> excluded | proxy: offer on a Cancelled opening -> not accepted,Offers.Decision On,trailing 3m to 2026-08-27
17.0,32,53.12,18.88,False,5,1,candidates: outcome of latest offer (Offered On),Accepted and Proposed Start Date <= 2026-08-27,Pending counted as not accepted,proxy: offer on a Cancelled opening -> not accepted,Applications.Offered On | Offers.Offered On | none (all time),all time | trailing 12m to 2026-08-27 | trailing 12m to 2026-09-14
10.0,11,90.91,18.91,False,51,0,requisitions: mean of per-requisition rates | requisitions: share with >=1 accepted offer,Accepted and Proposed Start Date <= 2026-08-27 | Accepted and Proposed Start Date <= 2026-09-14 | Status = Accepted,Pending counted as accepted | Pending excluded,none (no Rescinded status exists) | proxy: application carries a Rejection Reason -> excluded | proxy: application carries a Rejection Reason -> not accepted | proxy: offer on a Cancelled opening -> excluded | proxy: offer on a Cancelled opening -> not accepted,Applications.Offered On | Offers.Decision On | Offers.Offered On,trailing 3m to 2026-09-14 | trailing 6m to 2026-08-27 | trailing 6m to 2026-09-14
11.83,13,91.0,19.0,False,4,0,requisitions: mean of per-requisition rates,Status = Accepted,Pending counted as accepted,proxy: offer on a Cancelled opening -> excluded,Applications.Offered On | Offers.Offered On,trailing 6m to 2026-08-27 | trailing 6m to 2026-09-14
11.0,12,91.67,19.67,False,22,0,candidates: accepted if any offer accepted | candidates: outcome of latest offer (Offered On) | offer records | persons (name+phone): accepted if any offer accepted | requisitions: mean of per-requisition rates,Status = Accepted,Pending excluded,none (no Rescinded status exists) | proxy: application carries a Rejection Reason -> excluded | proxy: application carries a Rejection Reason -> not accepted | proxy: offer on a Cancelled opening -> excluded | proxy: offer on a Cancelled opening -> not accepted,Applications.Offered On | Offers.Decision On | Offers.Offered On,2026 YTD to 2026-09-14 | trailing 3m to 2026-09-14
5.5,6,91.67,19.67,False,34,0,requisitions: mean of per-requisition rates,Accepted and Proposed Start Date <= 2026-08-27 | Accepted and Proposed Start Date <= 2026-09-14 | Status = Accepted,Pending counted as accepted | Pending counted as not accepted | Pending excluded | Pending with a Decision On counted as not accepted; other Pending excluded,none (no Rescinded status exists) | proxy: application carries a Rejection Reason -> excluded | proxy: application carries a Rejection Reason -> not accepted | proxy: offer on a Cancelled opening -> excluded | proxy: offer on a Cancelled opening -> not accepted,Applications.Offered On | Offers.Offered On,calendar 2025 | trailing 3m to 2026-09-14
12.0,23,52.17,19.83,False,6,0,candidates: accepted if any offer accepted | candidates: outcome of latest offer (Offered On) | persons (name+phone): accepted if any offer accepted,Accepted and Proposed Start Date <= 2026-08-27,Pending counted as not accepted,proxy: offer on a Cancelled opening -> not accepted,Applications.Offered On | Offers.Offered On,trailing 6m to 2026-08-27
12.0,13,92.31,20.31,False,51,0,candidates: accepted if any offer accepted | candidates: outcome of latest offer (Offered On) | offer records | persons (name+phone): accepted if any offer accepted | requisitions: mean of per-requisition rates | requisitions: share with >=1 accepted offer,Accepted and Proposed Start Date <= 2026-08-27 | Accepted and Proposed Start Date <= 2026-09-14 | Status = Accepted,Pending counted as accepted | Pending excluded,none (no Rescinded status exists) | proxy: application carries a Rejection Reason -> excluded | proxy: application carries a Rejection Reason -> not accepted | proxy: offer on a Cancelled opening -> excluded | proxy: offer on a Cancelled opening -> not accepted,Applications.Offered On | Offers.Decision On | Offers.Offered On,2026 YTD to 2026-09-14 | trailing 3m to 2026-08-27 | trailing 6m to 2026-08-27 | trailing 6m to 2026-09-14
10.17,11,92.45,20.45,False,5,0,requisitions: mean of per-requisition rates,Status = Accepted,Pending counted as accepted,none (no Rescinded status exists) | proxy: application carries a Rejection Reason -> excluded | proxy: application carries a Rejection Reason -> not accepted | proxy: offer on a Cancelled opening -> excluded | proxy: offer on a Cancelled opening -> not accepted,Offers.Decision On,trailing 3m to 2026-08-27
13.0,14,92.86,20.86,False,42,1,requisitions: mean of per-requisition rates | requisitions: share with >=1 accepted offer,Accepted and Proposed Start Date <= 2026-08-27 | Accepted and Proposed Start Date <= 2026-09-14 | Status = Accepted,Pending counted as accepted | Pending excluded | Pending with a Decision On counted as not accepted; other Pending excluded,none (no Rescinded status exists) | proxy: application carries a Rejection Reason -> excluded | proxy: application carries a Rejection Reason -> not accepted | proxy: offer on a Cancelled opening -> excluded | proxy: offer on a Cancelled opening -> not accepted,Applications.Offered On | Offers.Decision On | Offers.Offered On | none (all time),2026 YTD to 2026-09-14 | all time | trailing 12m to 2026-08-27 | trailing 12m to 2026-09-14 | trailing 6m to 2026-08-27 | trailing 6m to 2026-09-14
14.0,15,93.33,21.33,False,58,3,candidates: accepted if any offer accepted | candidates: outcome of latest offer (Offered On) | offer records | persons (name+phone): accepted if any offer accepted | requisitions: mean of per-requisition rates | requisitions: share with >=1 accepted offer,Accepted and Proposed Start Date <= 2026-08-27 | Accepted and Proposed Start Date <= 2026-09-14 | Status = Accepted,Pending counted as accepted | Pending counted as not accepted | Pending excluded | Pending with a Decision On counted as not accepted; other Pending excluded,none (no Rescinded status exists) | proxy: application carries a Rejection Reason -> excluded | proxy: application carries a Rejection Reason -> not accepted | proxy: offer on a Cancelled opening -> excluded | proxy: offer on a Cancelled opening -> not accepted,Applications.Offered On | Offers.Decision On | Offers.Offered On | none (all time),2026 YTD to 2026-09-14 | all time | trailing 12m to 2026-08-27 | trailing 12m to 2026-09-14 | trailing 3m to 2026-09-14
15.0,16,93.75,21.75,False,105,7,candidates: accepted if any offer accepted | candidates: outcome of latest offer (Offered On) | offer records | persons (name+phone): accepted if any offer accepted | requisitions: mean of per-requisition rates | requisitions: share with >=1 accepted offer,Accepted and Proposed Start Date <= 2026-08-27 | Accepted and Proposed Start Date <= 2026-09-14 | Status = Accepted,Pending counted as accepted | Pending counted as not accepted | Pending excluded | Pending with a Decision On counted as not accepted; other Pending excluded,none (no Rescinded status exists) | proxy: application carries a Rejection Reason -> excluded | proxy: application carries a Rejection Reason -> not accepted | proxy: offer on a Cancelled opening -> excluded | proxy: offer on a Cancelled opening -> not accepted,Applications.Offered On | Offers.Decision On | Offers.Offered On | none (all time),2026 YTD to 2026-09-14 | all time | trailing 12m to 2026-08-27 | trailing 12m to 2026-09-14 | trailing 3m to 2026-08-27
4.0,8,50.0,22.0,False,96,0,candidates: accepted if any offer accepted | candidates: outcome of latest offer (Offered On) | offer records | persons (name+phone): accepted if any offer accepted,Accepted and Proposed Start Date <= 2026-08-27 | Accepted and Proposed Start Date <= 2026-09-14 | Status = Accepted,Pending counted as accepted | Pending counted as not accepted | Pending excluded | Pending with a Decision On counted as not accepted; other Pending excluded,proxy: offer on a Cancelled opening -> not accepted,Applications.Offered On | Offers.Offered On,calendar 2025
3.0,6,50.0,22.0,False,48,0,candidates: accepted if any offer accepted | candidates: outcome of latest offer (Offered On) | offer records | persons (name+phone): accepted if any offer accepted,Accepted and Proposed Start Date <= 2026-08-27 | Accepted and Proposed Start Date <= 2026-09-14 | Status = Accepted,Pending counted as accepted | Pending counted as not accepted | Pending excluded | Pending with a Decision On counted as not accepted; other Pending excluded,proxy: offer on a Cancelled opening -> not accepted,Offers.Decision On,calendar 2025
16.0,17,94.12,22.12,False,36,3,requisitions: share with >=1 accepted offer,Accepted and Proposed Start Date <= 2026-08-27 | Accepted and Proposed Start Date <= 2026-09-14 | Status = Accepted,Pending counted as accepted | Pending counted as not accepted | Pending with a Decision On counted as not accepted; other Pending excluded,none (no Rescinded status exists) | proxy: application carries a Rejection Reason -> not accepted,Applications.Offered On | Offers.Decision On | Offers.Offered On | none (all time),2026 YTD to 2026-09-14 | all time | trailing 12m to 2026-08-27 | trailing 12m to 2026-09-14
17.0,18,94.44,22.44,False,15,3,requisitions: share with >=1 accepted offer,Accepted and Proposed Start Date <= 2026-08-27 | Accepted and Proposed Start Date <= 2026-09-14 | Status = Accepted,Pending counted as accepted,proxy: application carries a Rejection Reason -> not accepted,Applications.Offered On | Offers.Offered On | none (all time),all time | trailing 12m to 2026-08-27 | trailing 12m to 2026-09-14
8.5,9,94.44,22.44,False,10,0,requisitions: mean of per-requisition rates,Status = Accepted,Pending excluded,none (no Rescinded status exists) | proxy: application carries a Rejection Reason -> excluded | proxy: application carries a Rejection Reason -> not accepted | proxy: offer on a Cancelled opening -> excluded | proxy: offer on a Cancelled opening -> not accepted,Applications.Offered On | Offers.Offered On,trailing 3m to 2026-08-27
10.5,11,95.45,23.45,False,10,0,requisitions: mean of per-requisition rates,Status = Accepted,Pending counted as accepted,none (no Rescinded status exists) | proxy: application carries a Rejection Reason -> excluded | proxy: application carries a Rejection Reason -> not accepted | proxy: offer on a Cancelled opening -> excluded | proxy: offer on a Cancelled opening -> not accepted,Applications.Offered On | Offers.Offered On,trailing 3m to 2026-08-27
18.0,18,100.0,28.0,False,15,3,requisitions: share with >=1 accepted offer,Accepted and Proposed Start Date <= 2026-08-27 | Accepted and Proposed Start Date <= 2026-09-14 | Status = Accepted,Pending counted as accepted,none (no Rescinded status exists),Applications.Offered On | Offers.Offered On | none (all time),all time | trailing 12m to 2026-08-27 | trailing 12m to 2026-09-14
17.0,17,100.0,28.0,False,21,3,requisitions: share with >=1 accepted offer,Accepted and Proposed Start Date <= 2026-08-27 | Accepted and Proposed Start Date <= 2026-09-14 | Status = Accepted,Pending counted as accepted,none (no Rescinded status exists) | proxy: application carries a Rejection Reason -> excluded,Applications.Offered On | Offers.Decision On | Offers.Offered On | none (all time),all time | trailing 12m to 2026-08-27 | trailing 12m to 2026-09-14
16.0,16,100.0,28.0,False,48,6,requisitions: share with >=1 accepted offer,Accepted and Proposed Start Date <= 2026-08-27 | Accepted and Proposed Start Date <= 2026-09-14 | Status = Accepted,Pending counted as accepted | Pending excluded,none (no Rescinded status exists) | proxy: application carries a Rejection Reason -> excluded | proxy: offer on a Cancelled opening -> excluded,Applications.Offered On | Offers.Decision On | Offers.Offered On | none (all time),2026 YTD to 2026-09-14 | all time | trailing 12m to 2026-08-27 | trailing 12m to 2026-09-14
15.0,15,100.0,28.0,False,42,3,requisitions: share with >=1 accepted offer,Accepted and Proposed Start Date <= 2026-08-27 | Accepted and Proposed Start Date <= 2026-09-14 | Status = Accepted,Pending counted as accepted | Pending excluded,proxy: application carries a Rejection Reason -> excluded | proxy: offer on a Cancelled opening -> excluded,Applications.Offered On | Offers.Decision On | Offers.Offered On | none (all time),2026 YTD to 2026-09-14 | all time | trailing 12m to 2026-08-27 | trailing 12m to 2026-09-14
14.0,14,100.0,28.0,False,33,3,requisitions: share with >=1 accepted offer,Accepted and Proposed Start Date <= 2026-08-27 | Accepted and Proposed Start Date <= 2026-09-14 | Status = Accepted,Pending counted as accepted | Pending excluded,none (no Rescinded status exists) | proxy: application carries a Rejection Reason -> excluded | proxy: application carries a Rejection Reason -> not accepted | proxy: offer on a Cancelled opening -> excluded,Applications.Offered On | Offers.Decision On | Offers.Offered On | none (all time),all time | trailing 12m to 2026-08-27 | trailing 12m to 2026-09-14 | trailing 6m to 2026-08-27
13.0,13,100.0,28.0,False,35,0,requisitions: share with >=1 accepted offer,Accepted and Proposed Start Date <= 2026-08-27 | Accepted and Proposed Start Date <= 2026-09-14 | Status = Accepted,Pending counted as accepted | Pending excluded,none (no Rescinded status exists) | proxy: application carries a Rejection Reason -> excluded | proxy: application carries a Rejection Reason -> not accepted | proxy: offer on a Cancelled opening -> excluded,Applications.Offered On | Offers.Decision On | Offers.Offered On,2026 YTD to 2026-09-14 | trailing 6m to 2026-08-27 | trailing 6m to 2026-09-14
12.0,12,100.0,28.0,False,10,0,requisitions: share with >=1 accepted offer,Accepted and Proposed Start Date <= 2026-08-27 | Accepted and Proposed Start Date <= 2026-09-14 | Status = Accepted,Pending counted as accepted | Pending excluded,proxy: offer on a Cancelled opening -> excluded,Applications.Offered On | Offers.Decision On | Offers.Offered On,2026 YTD to 2026-09-14 | trailing 6m to 2026-08-27 | trailing 6m to 2026-09-14
11.0,11,100.0,28.0,False,94,0,candidates: accepted if any offer accepted | candidates: outcome of latest offer (Offered On) | offer records | persons (name+phone): accepted if any offer accepted | requisitions: share with >=1 accepted offer,Accepted and Proposed Start Date <= 2026-09-14 | Status = Accepted,Pending counted as accepted | Pending excluded,none (no Rescinded status exists) | proxy: application carries a Rejection Reason -> excluded | proxy: application carries a Rejection Reason -> not accepted | proxy: offer on a Cancelled opening -> excluded | proxy: offer on a Cancelled opening -> not accepted,Applications.Offered On | Offers.Decision On | Offers.Offered On,trailing 3m to 2026-08-27 | trailing 3m to 2026-09-14 | trailing 6m to 2026-08-27 | trailing 6m to 2026-09-14
10.0,10,100.0,28.0,False,12,0,requisitions: share with >=1 accepted offer,Accepted and Proposed Start Date <= 2026-09-14 | Status = Accepted,Pending excluded,proxy: offer on a Cancelled opening -> excluded,Applications.Offered On | Offers.Decision On | Offers.Offered On,trailing 6m to 2026-08-27 | trailing 6m to 2026-09-14
9.0,9,100.0,28.0,False,30,0,requisitions: share with >=1 accepted offer,Accepted and Proposed Start Date <= 2026-09-14 | Status = Accepted,Pending excluded,none (no Rescinded status exists) | proxy: application carries a Rejection Reason -> excluded | proxy: application carries a Rejection Reason -> not accepted | proxy: offer on a Cancelled opening -> excluded | proxy: offer on a Cancelled opening -> not accepted,Applications.Offered On | Offers.Decision On | Offers.Offered On,trailing 3m to 2026-08-27
8.0,8,100.0,28.0,False,70,0,candidates: accepted if any offer accepted | candidates: outcome of latest offer (Offered On) | offer records | persons (name+phone): accepted if any offer accepted | requisitions: mean of per-requisition rates | requisitions: share with >=1 accepted offer,Accepted and Proposed Start Date <= 2026-09-14 | Status = Accepted,Pending counted as accepted | Pending excluded,none (no Rescinded status exists) | proxy: application carries a Rejection Reason -> excluded | proxy: application carries a Rejection Reason -> not accepted | proxy: offer on a Cancelled opening -> excluded | proxy: offer on a Cancelled opening -> not accepted,Applications.Offered On | Offers.Offered On,trailing 3m to 2026-09-14
6.0,6,100.0,28.0,False,102,0,candidates: accepted if any offer accepted | candidates: outcome of latest offer (Offered On) | offer records | persons (name+phone): accepted if any offer accepted | requisitions: mean of per-requisition rates | requisitions: share with >=1 accepted offer,Accepted and Proposed Start Date <= 2026-08-27 | Accepted and Proposed Start Date <= 2026-09-14 | Status = Accepted,Pending counted as accepted | Pending counted as not accepted | Pending excluded | Pending with a Decision On counted as not accepted; other Pending excluded,none (no Rescinded status exists) | proxy: application carries a Rejection Reason -> excluded | proxy: application carries a Rejection Reason -> not accepted | proxy: offer on a Cancelled opening -> excluded | proxy: offer on a Cancelled opening -> not accepted,Applications.Offered On | Offers.Decision On | Offers.Offered On,calendar 2025 | trailing 3m to 2026-09-14
5.0,5,100.0,28.0,False,132,0,candidates: accepted if any offer accepted | candidates: outcome of latest offer (Offered On) | offer records | persons (name+phone): accepted if any offer accepted | requisitions: mean of per-requisition rates | requisitions: share with >=1 accepted offer,Accepted and Proposed Start Date <= 2026-08-27 | Accepted and Proposed Start Date <= 2026-09-14 | Status = Accepted,Pending counted as accepted | Pending counted as not accepted | Pending excluded | Pending with a Decision On counted as not accepted; other Pending excluded,none (no Rescinded status exists) | proxy: application carries a Rejection Reason -> excluded | proxy: application carries a Rejection Reason -> not accepted,Applications.Offered On | Offers.Decision On | Offers.Offered On,calendar 2025
4.0,4,100.0,28.0,False,144,0,candidates: accepted if any offer accepted | candidates: outcome of latest offer (Offered On) | offer records | persons (name+phone): accepted if any offer accepted | requisitions: mean of per-requisition rates | requisitions: share with >=1 accepted offer,Accepted and Proposed Start Date <= 2026-08-27 | Accepted and Proposed Start Date <= 2026-09-14 | Status = Accepted,Pending counted as accepted | Pending counted as not accepted | Pending excluded | Pending with a Decision On counted as not accepted; other Pending excluded,proxy: offer on a Cancelled opening -> excluded,Applications.Offered On | Offers.Offered On,calendar 2025
3.0,3,100.0,28.0,False,72,0,candidates: accepted if any offer accepted | candidates: outcome of latest offer (Offered On) | offer records | persons (name+phone): accepted if any offer accepted | requisitions: mean of per-requisition rates | requisitions: share with >=1 accepted offer,Accepted and Proposed Start Date <= 2026-08-27 | Accepted and Proposed Start Date <= 2026-09-14 | Status = Accepted,Pending counted as accepted | Pending counted as not accepted | Pending excluded | Pending with a Decision On counted as not accepted; other Pending excluded,proxy: offer on a Cancelled opening -> excluded,Offers.Decision On,calendar 2025
