numerator,denominator,pct,abs_diff_pp,reproduces,definitions,all_time,event,window,date_basis,unit,attribution,channel
7,26,26.92,0.02,True,11,2,hired: Applications.Stage = Hired | offer accepted: Offers.Status = Accepted,all time | trailing 12m to 2026-08-27 | trailing 12m to 2026-09-14,Applications.Applied On | Applications.Closed On | Offers.Decision On | Offers.Offered On | none (all time),application rows,Candidates.Source as recorded,raw Source = Job Board
3,11,27.27,0.37,False,24,0,hired: Applications.Stage = Hired | offer accepted: Offers.Status = Accepted | offer extended: any Offer record,trailing 3m to 2026-09-14,Offers.Decision On | Offers.Offered On,application rows | distinct candidate record | distinct candidate+opening | distinct person (name+phone),Applications.Referred By overrides Source | Candidates.Source as recorded,bucket: Job Board + LinkedIn
6,23,26.09,0.81,False,12,2,hire started: Accepted and Proposed Start Date <= 2026-08-27 | hire started: Accepted and Proposed Start Date <= 2026-09-14 | hired: Applications.Stage = Hired | offer accepted: Offers.Status = Accepted,all time | trailing 12m to 2026-08-27 | trailing 12m to 2026-09-14,Applications.Applied On | Offers.Proposed Start Date | none (all time),distinct candidate record | distinct person (name+phone),Applications.Referred By overrides Source | Candidates.Source as recorded,raw Source = Job Board
5,18,27.78,0.88,False,2,0,hired: Applications.Stage = Hired,2026 YTD to 2026-09-14,Applications.Applied On,application rows,Applications.Referred By overrides Source | Candidates.Source as recorded,bucket: Job Board + LinkedIn
7,25,28.0,1.1,False,15,3,hire started: Accepted and Proposed Start Date <= 2026-09-14 | hired: Applications.Stage = Hired | offer accepted: Offers.Status = Accepted,all time | trailing 12m to 2026-08-27 | trailing 12m to 2026-09-14,Applications.Applied On | Applications.Closed On | Offers.Decision On | Offers.Offered On | Offers.Proposed Start Date | none (all time),application rows | distinct candidate+opening,Candidates.Source as recorded,raw Source = Job Board
2,7,28.57,1.67,False,8,0,hire on a Filled opening: Stage = Hired and Opening.Status = Filled,trailing 3m to 2026-09-14,Applications.Closed On,application rows | distinct candidate record | distinct candidate+opening | distinct person (name+phone),Applications.Referred By overrides Source | Candidates.Source as recorded,bucket: Job Board + LinkedIn
6,24,25.0,1.9,False,28,5,hire started: Accepted and Proposed Start Date <= 2026-08-27 | hire started: Accepted and Proposed Start Date <= 2026-09-14 | hired: Applications.Stage = Hired | offer accepted: Offers.Status = Accepted,all time | trailing 12m to 2026-08-27 | trailing 12m to 2026-09-14,Applications.Applied On | Applications.Closed On | Offers.Decision On | Offers.Offered On | Offers.Proposed Start Date | none (all time),application rows | distinct candidate record | distinct candidate+opening,Applications.Referred By overrides Source | Candidates.Source as recorded,raw Source = Job Board
3,12,25.0,1.9,False,32,0,hired: Applications.Stage = Hired | offer accepted: Offers.Status = Accepted,trailing 3m to 2026-08-27,Applications.Closed On | Offers.Decision On | Offers.Offered On,application rows | distinct candidate record | distinct candidate+opening | distinct person (name+phone),Applications.Referred By overrides Source | Candidates.Source as recorded,bucket: Job Board + LinkedIn
2,8,25.0,1.9,False,28,0,hire on a Filled opening: Stage = Hired and Opening.Status = Filled | offer accepted: Offers.Status = Accepted,2026 YTD to 2026-09-14 | trailing 3m to 2026-08-27 | trailing 3m to 2026-09-14 | trailing 6m to 2026-08-27 | trailing 6m to 2026-09-14,Applications.Closed On | Offers.Offered On,application rows | distinct candidate record | distinct candidate+opening | distinct person (name+phone),Applications.Referred By overrides Source | Candidates.Source as recorded,bucket: Job Board + LinkedIn | bucket: Job Board + LinkedIn + Career Site
7,24,29.17,2.27,False,42,7,hire started: Accepted and Proposed Start Date <= 2026-08-27 | hire started: Accepted and Proposed Start Date <= 2026-09-14 | hired: Applications.Stage = Hired | offer accepted: Offers.Status = Accepted | offer extended: any Offer record,all time | trailing 12m to 2026-08-27 | trailing 12m to 2026-09-14 | trailing 6m to 2026-08-27,Applications.Applied On | Applications.Closed On | Offers.Decision On | Offers.Offered On | Offers.Proposed Start Date | none (all time),application rows | distinct candidate record | distinct candidate+opening | distinct person (name+phone),Applications.Referred By overrides Source | Candidates.Source as recorded,raw Source = Job Board
5,17,29.41,2.51,False,8,0,hire started: Accepted and Proposed Start Date <= 2026-09-14 | hired: Applications.Stage = Hired | offer accepted: Offers.Status = Accepted,2026 YTD to 2026-09-14 | trailing 6m to 2026-09-14,Applications.Applied On | Offers.Proposed Start Date,application rows | distinct candidate+opening,Applications.Referred By overrides Source | Candidates.Source as recorded,bucket: Job Board + LinkedIn
6,25,24.0,2.9,False,16,3,hire started: Accepted and Proposed Start Date <= 2026-09-14 | hired: Applications.Stage = Hired | offer accepted: Offers.Status = Accepted,all time | trailing 12m to 2026-08-27 | trailing 12m to 2026-09-14,Applications.Applied On | Applications.Closed On | Offers.Decision On | Offers.Offered On | Offers.Proposed Start Date | none (all time),application rows | distinct candidate+opening,Applications.Referred By overrides Source | Candidates.Source as recorded,raw Source = Job Board
6,20,30.0,3.1,False,4,0,hired: Applications.Stage = Hired | offer accepted: Offers.Status = Accepted,2026 YTD to 2026-09-14,Offers.Decision On,application rows,Applications.Referred By overrides Source | Candidates.Source as recorded,bucket: Job Board + LinkedIn
7,23,30.43,3.53,False,29,4,hire started: Accepted and Proposed Start Date <= 2026-08-27 | hire started: Accepted and Proposed Start Date <= 2026-09-14 | hired: Applications.Stage = Hired | offer accepted: Offers.Status = Accepted | offer extended: any Offer record,all time | trailing 12m to 2026-08-27 | trailing 12m to 2026-09-14 | trailing 6m to 2026-08-27 | trailing 6m to 2026-09-14,Applications.Applied On | Offers.Offered On | Offers.Proposed Start Date | none (all time),application rows | distinct candidate record | distinct candidate+opening | distinct person (name+phone),Applications.Referred By overrides Source | Candidates.Source as recorded,raw Source = Job Board
6,26,23.08,3.82,False,11,2,hired: Applications.Stage = Hired | offer accepted: Offers.Status = Accepted,all time | trailing 12m to 2026-08-27 | trailing 12m to 2026-09-14,Applications.Applied On | Applications.Closed On | Offers.Decision On | Offers.Offered On | none (all time),application rows,Applications.Referred By overrides Source,raw Source = Job Board
8,26,30.77,3.87,False,2,0,offer extended: any Offer record,2026 YTD to 2026-09-14,Offers.Offered On,distinct person (name+phone),Applications.Referred By overrides Source | Candidates.Source as recorded,raw Source = Job Board
10,32,31.25,4.35,False,3,1,offer extended: any Offer record,all time | trailing 12m to 2026-08-27 | trailing 12m to 2026-09-14,Offers.Offered On | none (all time),distinct candidate record,Applications.Referred By overrides Source,raw Source = Job Board
5,16,31.25,4.35,False,42,0,hire started: Accepted and Proposed Start Date <= 2026-08-27 | hire started: Accepted and Proposed Start Date <= 2026-09-14 | hired: Applications.Stage = Hired | offer accepted: Offers.Status = Accepted,2026 YTD to 2026-09-14 | trailing 6m to 2026-08-27 | trailing 6m to 2026-09-14,Applications.Applied On | Applications.Closed On | Offers.Decision On | Offers.Offered On | Offers.Proposed Start Date,application rows | distinct candidate record | distinct candidate+opening | distinct person (name+phone),Applications.Referred By overrides Source | Candidates.Source as recorded,bucket: Job Board + LinkedIn
6,19,31.58,4.68,False,8,0,hired: Applications.Stage = Hired | offer accepted: Offers.Status = Accepted,2026 YTD to 2026-09-14,Applications.Closed On | Offers.Decision On | Offers.Offered On,application rows | distinct candidate+opening,Applications.Referred By overrides Source | Candidates.Source as recorded,bucket: Job Board + LinkedIn
4,18,22.22,4.68,False,16,0,hire started: Accepted and Proposed Start Date <= 2026-08-27 | hire started: Accepted and Proposed Start Date <= 2026-09-14 | hired: Applications.Stage = Hired | offer accepted: Offers.Status = Accepted,2026 YTD to 2026-09-14,Offers.Proposed Start Date,distinct candidate record | distinct person (name+phone),Applications.Referred By overrides Source | Candidates.Source as recorded,raw Source = Job Board
2,9,22.22,4.68,False,30,4,hire on a Filled opening: Stage = Hired and Opening.Status = Filled | hired: Applications.Stage = Hired,2026 YTD to 2026-09-14 | all time | trailing 12m to 2026-08-27 | trailing 12m to 2026-09-14 | trailing 3m to 2026-09-14 | trailing 6m to 2026-08-27 | trailing 6m to 2026-09-14,Applications.Closed On | none (all time),application rows | distinct candidate record | distinct candidate+opening | distinct person (name+phone),Applications.Referred By overrides Source | Candidates.Source as recorded,bucket: Job Board + LinkedIn
7,22,31.82,4.92,False,4,0,offer extended: any Offer record,trailing 6m to 2026-09-14,Offers.Offered On,distinct candidate record | distinct person (name+phone),Applications.Referred By overrides Source | Candidates.Source as recorded,raw Source = Job Board
8,25,32.0,5.1,False,1,0,hired: Applications.Stage = Hired,trailing 12m to 2026-09-14,Applications.Applied On,application rows,Applications.Referred By overrides Source,bucket: Job Board + LinkedIn
5,23,21.74,5.16,False,1,0,hired: Applications.Stage = Hired,trailing 12m to 2026-09-14,Applications.Applied On,distinct candidate record,Applications.Referred By overrides Source,raw Source = Job Board
9,28,32.14,5.24,False,2,0,offer extended: any Offer record,2026 YTD to 2026-09-14,Offers.Offered On,application rows,Applications.Referred By overrides Source | Candidates.Source as recorded,raw Source = Job Board
10,31,32.26,5.36,False,3,1,offer extended: any Offer record,all time | trailing 12m to 2026-08-27 | trailing 12m to 2026-09-14,Offers.Offered On | none (all time),distinct person (name+phone),Applications.Referred By overrides Source,raw Source = Job Board
4,19,21.05,5.85,False,10,0,hire started: Accepted and Proposed Start Date <= 2026-08-27 | hire started: Accepted and Proposed Start Date <= 2026-09-14 | hired: Applications.Stage = Hired | offer accepted: Offers.Status = Accepted,2026 YTD to 2026-09-14,Offers.Proposed Start Date,application rows | distinct candidate+opening,Applications.Referred By overrides Source | Candidates.Source as recorded,raw Source = Job Board
5,24,20.83,6.07,False,1,0,hired: Applications.Stage = Hired,trailing 12m to 2026-09-14,Applications.Applied On,distinct candidate+opening,Applications.Referred By overrides Source,raw Source = Job Board
12,36,33.33,6.43,False,3,1,offer extended: any Offer record,all time | trailing 12m to 2026-08-27 | trailing 12m to 2026-09-14,Offers.Offered On | none (all time),application rows,Applications.Referred By overrides Source,raw Source = Job Board
9,27,33.33,6.43,False,2,0,offer extended: any Offer record,2026 YTD to 2026-09-14,Offers.Offered On,distinct candidate+opening,Applications.Referred By overrides Source | Candidates.Source as recorded,raw Source = Job Board
8,24,33.33,6.43,False,12,2,hired: Applications.Stage = Hired | offer accepted: Offers.Status = Accepted,all time | trailing 12m to 2026-08-27 | trailing 12m to 2026-09-14,Applications.Applied On | Applications.Closed On | Offers.Decision On | Offers.Offered On | none (all time),distinct candidate+opening | distinct person (name+phone),Applications.Referred By overrides Source | Candidates.Source as recorded,bucket: Job Board + LinkedIn | raw Source = Job Board
6,18,33.33,6.43,False,12,0,hired: Applications.Stage = Hired | offer accepted: Offers.Status = Accepted,2026 YTD to 2026-09-14,Applications.Closed On | Offers.Decision On | Offers.Offered On,distinct candidate record | distinct candidate+opening | distinct person (name+phone),Applications.Referred By overrides Source | Candidates.Source as recorded,bucket: Job Board + LinkedIn
5,15,33.33,6.43,False,48,0,hire started: Accepted and Proposed Start Date <= 2026-08-27 | hire started: Accepted and Proposed Start Date <= 2026-09-14 | hired: Applications.Stage = Hired | offer accepted: Offers.Status = Accepted,trailing 6m to 2026-08-27 | trailing 6m to 2026-09-14,Applications.Closed On | Offers.Decision On | Offers.Offered On | Offers.Proposed Start Date,application rows | distinct candidate record | distinct candidate+opening | distinct person (name+phone),Applications.Referred By overrides Source | Candidates.Source as recorded,bucket: Job Board + LinkedIn
3,9,33.33,6.43,False,8,0,hired: Applications.Stage = Hired,trailing 3m to 2026-09-14,Applications.Closed On,application rows | distinct candidate record | distinct candidate+opening | distinct person (name+phone),Applications.Referred By overrides Source | Candidates.Source as recorded,bucket: Job Board + LinkedIn + Career Site
5,25,20.0,6.9,False,1,0,hired: Applications.Stage = Hired,trailing 12m to 2026-09-14,Applications.Applied On,application rows,Applications.Referred By overrides Source,raw Source = Job Board
4,20,20.0,6.9,False,6,0,hire started: Accepted and Proposed Start Date <= 2026-09-14 | hired: Applications.Stage = Hired | offer accepted: Offers.Status = Accepted,2026 YTD to 2026-09-14,Offers.Proposed Start Date,application rows,Applications.Referred By overrides Source | Candidates.Source as recorded,raw Source = Job Board
2,10,20.0,6.9,False,8,2,hire on a Filled opening: Stage = Hired and Opening.Status = Filled,2026 YTD to 2026-09-14 | all time | trailing 12m to 2026-08-27 | trailing 12m to 2026-09-14,Applications.Closed On | none (all time),application rows | distinct candidate+opening,Applications.Referred By overrides Source | Candidates.Source as recorded,bucket: Job Board + LinkedIn
1,5,20.0,6.9,False,8,0,hired: Applications.Stage = Hired,trailing 3m to 2026-08-27,Applications.Applied On,application rows | distinct candidate record | distinct candidate+opening | distinct person (name+phone),Applications.Referred By overrides Source | Candidates.Source as recorded,bucket: Job Board + LinkedIn
12,35,34.29,7.39,False,3,1,offer extended: any Offer record,all time | trailing 12m to 2026-08-27 | trailing 12m to 2026-09-14,Offers.Offered On | none (all time),distinct candidate+opening,Applications.Referred By overrides Source,raw Source = Job Board
11,32,34.38,7.48,False,3,1,offer extended: any Offer record,all time | trailing 12m to 2026-08-27 | trailing 12m to 2026-09-14,Offers.Offered On | none (all time),distinct candidate record,Candidates.Source as recorded,raw Source = Job Board
9,26,34.62,7.72,False,13,2,hired: Applications.Stage = Hired | offer accepted: Offers.Status = Accepted | offer extended: any Offer record,2026 YTD to 2026-09-14 | all time | trailing 12m to 2026-08-27 | trailing 12m to 2026-09-14,Applications.Applied On | Applications.Closed On | Offers.Decision On | Offers.Offered On | none (all time),application rows | distinct candidate record,Applications.Referred By overrides Source | Candidates.Source as recorded,bucket: Job Board + LinkedIn | raw Source = Job Board
8,23,34.78,7.88,False,11,2,hire started: Accepted and Proposed Start Date <= 2026-08-27 | hire started: Accepted and Proposed Start Date <= 2026-09-14 | hired: Applications.Stage = Hired | offer accepted: Offers.Status = Accepted,all time | trailing 12m to 2026-08-27 | trailing 12m to 2026-09-14,Applications.Applied On | Offers.Proposed Start Date | none (all time),distinct candidate record | distinct person (name+phone),Applications.Referred By overrides Source | Candidates.Source as recorded,bucket: Job Board + LinkedIn | raw Source = Job Board
7,20,35.0,8.1,False,6,0,hire started: Accepted and Proposed Start Date <= 2026-09-14 | hired: Applications.Stage = Hired | offer accepted: Offers.Status = Accepted,2026 YTD to 2026-09-14,Offers.Proposed Start Date,application rows,Applications.Referred By overrides Source | Candidates.Source as recorded,bucket: Job Board + LinkedIn
3,16,18.75,8.15,False,16,0,hire started: Accepted and Proposed Start Date <= 2026-08-27 | hire started: Accepted and Proposed Start Date <= 2026-09-14 | hired: Applications.Stage = Hired | offer accepted: Offers.Status = Accepted,trailing 6m to 2026-08-27,Offers.Proposed Start Date,distinct candidate record | distinct person (name+phone),Applications.Referred By overrides Source | Candidates.Source as recorded,raw Source = Job Board
6,17,35.29,8.39,False,24,0,hire started: Accepted and Proposed Start Date <= 2026-08-27 | hire started: Accepted and Proposed Start Date <= 2026-09-14 | hired: Applications.Stage = Hired | offer accepted: Offers.Status = Accepted,2026 YTD to 2026-09-14 | trailing 6m to 2026-08-27,Applications.Closed On | Offers.Offered On | Offers.Proposed Start Date,application rows | distinct candidate record | distinct candidate+opening | distinct person (name+phone),Applications.Referred By overrides Source | Candidates.Source as recorded,bucket: Job Board + LinkedIn
11,31,35.48,8.58,False,3,1,offer extended: any Offer record,all time | trailing 12m to 2026-08-27 | trailing 12m to 2026-09-14,Offers.Offered On | none (all time),distinct person (name+phone),Candidates.Source as recorded,raw Source = Job Board
2,11,18.18,8.72,False,6,2,hire on a Filled opening: Stage = Hired and Opening.Status = Filled,all time | trailing 12m to 2026-08-27 | trailing 12m to 2026-09-14,Applications.Closed On | none (all time),application rows,Applications.Referred By overrides Source | Candidates.Source as recorded,bucket: Job Board + LinkedIn
5,14,35.71,8.81,False,20,0,hired: Applications.Stage = Hired | offer accepted: Offers.Status = Accepted,trailing 6m to 2026-08-27 | trailing 6m to 2026-09-14,Applications.Applied On | Offers.Offered On,application rows | distinct candidate record | distinct candidate+opening | distinct person (name+phone),Applications.Referred By overrides Source | Candidates.Source as recorded,bucket: Job Board + LinkedIn
9,25,36.0,9.1,False,16,3,hire started: Accepted and Proposed Start Date <= 2026-09-14 | hired: Applications.Stage = Hired | offer accepted: Offers.Status = Accepted,all time | trailing 12m to 2026-08-27 | trailing 12m to 2026-09-14,Applications.Applied On | Applications.Closed On | Offers.Decision On | Offers.Offered On | Offers.Proposed Start Date | none (all time),application rows | distinct candidate+opening,Applications.Referred By overrides Source | Candidates.Source as recorded,bucket: Job Board + LinkedIn
13,36,36.11,9.21,False,3,1,offer extended: any Offer record,all time | trailing 12m to 2026-08-27 | trailing 12m to 2026-09-14,Offers.Offered On | none (all time),application rows,Candidates.Source as recorded,raw Source = Job Board
3,17,17.65,9.25,False,24,0,hire started: Accepted and Proposed Start Date <= 2026-08-27 | hire started: Accepted and Proposed Start Date <= 2026-09-14 | hired: Applications.Stage = Hired | offer accepted: Offers.Status = Accepted,2026 YTD to 2026-09-14 | trailing 6m to 2026-08-27,Applications.Closed On | Offers.Offered On | Offers.Proposed Start Date,application rows | distinct candidate record | distinct candidate+opening | distinct person (name+phone),Applications.Referred By overrides Source | Candidates.Source as recorded,raw Source = Job Board
4,11,36.36,9.46,False,38,2,hire on a Filled opening: Stage = Hired and Opening.Status = Filled | hire started: Accepted and Proposed Start Date <= 2026-09-14 | hired: Applications.Stage = Hired | offer accepted: Offers.Status = Accepted | offer extended: any Offer record,all time | trailing 12m to 2026-08-27 | trailing 12m to 2026-09-14 | trailing 3m to 2026-09-14,Applications.Closed On | Offers.Offered On | Offers.Proposed Start Date | none (all time),application rows | distinct candidate record | distinct candidate+opening | distinct person (name+phone),Applications.Referred By overrides Source | Candidates.Source as recorded,bucket: Job Board + LinkedIn | bucket: Job Board + LinkedIn + Career Site
7,19,36.84,9.94,False,10,0,hire started: Accepted and Proposed Start Date <= 2026-08-27 | hire started: Accepted and Proposed Start Date <= 2026-09-14 | hired: Applications.Stage = Hired | offer accepted: Offers.Status = Accepted,2026 YTD to 2026-09-14,Offers.Proposed Start Date,application rows | distinct candidate+opening,Applications.Referred By overrides Source | Candidates.Source as recorded,bucket: Job Board + LinkedIn
3,18,16.67,10.23,False,12,0,hired: Applications.Stage = Hired | offer accepted: Offers.Status = Accepted,2026 YTD to 2026-09-14,Applications.Closed On | Offers.Decision On | Offers.Offered On,distinct candidate record | distinct candidate+opening | distinct person (name+phone),Applications.Referred By overrides Source | Candidates.Source as recorded,raw Source = Job Board
2,12,16.67,10.23,False,32,0,hire started: Accepted and Proposed Start Date <= 2026-08-27 | hire started: Accepted and Proposed Start Date <= 2026-09-14 | hired: Applications.Stage = Hired | offer accepted: Offers.Status = Accepted,trailing 3m to 2026-08-27,Offers.Proposed Start Date,application rows | distinct candidate record | distinct candidate+opening | distinct person (name+phone),Applications.Referred By overrides Source | Candidates.Source as recorded,raw Source = Job Board
13,35,37.14,10.24,False,3,1,offer extended: any Offer record,all time | trailing 12m to 2026-08-27 | trailing 12m to 2026-09-14,Offers.Offered On | none (all time),distinct candidate+opening,Candidates.Source as recorded,raw Source = Job Board
9,24,37.5,10.6,False,28,5,hire started: Accepted and Proposed Start Date <= 2026-08-27 | hire started: Accepted and Proposed Start Date <= 2026-09-14 | hired: Applications.Stage = Hired | offer accepted: Offers.Status = Accepted,all time | trailing 12m to 2026-08-27 | trailing 12m to 2026-09-14,Applications.Applied On | Applications.Closed On | Offers.Decision On | Offers.Offered On | Offers.Proposed Start Date | none (all time),application rows | distinct candidate record | distinct candidate+opening,Applications.Referred By overrides Source | Candidates.Source as recorded,bucket: Job Board + LinkedIn
6,16,37.5,10.6,False,24,0,hire started: Accepted and Proposed Start Date <= 2026-08-27 | hire started: Accepted and Proposed Start Date <= 2026-09-14 | hired: Applications.Stage = Hired | offer accepted: Offers.Status = Accepted | offer extended: any Offer record,trailing 3m to 2026-08-27 | trailing 6m to 2026-08-27,Offers.Offered On | Offers.Proposed Start Date,application rows | distinct candidate record | distinct candidate+opening | distinct person (name+phone),Applications.Referred By overrides Source | Candidates.Source as recorded,bucket: Job Board + LinkedIn
3,8,37.5,10.6,False,3,0,offer extended: any Offer record,calendar 2025,Offers.Offered On,application rows | distinct candidate record | distinct candidate+opening,Applications.Referred By overrides Source,raw Source = Job Board
3,19,15.79,11.11,False,8,0,hired: Applications.Stage = Hired | offer accepted: Offers.Status = Accepted,2026 YTD to 2026-09-14,Applications.Closed On | Offers.Decision On | Offers.Offered On,application rows | distinct candidate+opening,Applications.Referred By overrides Source | Candidates.Source as recorded,raw Source = Job Board
10,26,38.46,11.56,False,11,2,hired: Applications.Stage = Hired | offer accepted: Offers.Status = Accepted,all time | trailing 12m to 2026-08-27 | trailing 12m to 2026-09-14,Applications.Applied On | Applications.Closed On | Offers.Decision On | Offers.Offered On | none (all time),application rows,Candidates.Source as recorded,bucket: Job Board + LinkedIn
3,20,15.0,11.9,False,4,0,hired: Applications.Stage = Hired | offer accepted: Offers.Status = Accepted,2026 YTD to 2026-09-14,Offers.Decision On,application rows,Applications.Referred By overrides Source | Candidates.Source as recorded,raw Source = Job Board
7,18,38.89,11.99,False,16,0,hire started: Accepted and Proposed Start Date <= 2026-08-27 | hire started: Accepted and Proposed Start Date <= 2026-09-14 | hired: Applications.Stage = Hired | offer accepted: Offers.Status = Accepted,2026 YTD to 2026-09-14,Offers.Proposed Start Date,distinct candidate record | distinct person (name+phone),Applications.Referred By overrides Source | Candidates.Source as recorded,bucket: Job Board + LinkedIn
9,23,39.13,12.23,False,12,2,hire started: Accepted and Proposed Start Date <= 2026-08-27 | hire started: Accepted and Proposed Start Date <= 2026-09-14 | hired: Applications.Stage = Hired | offer accepted: Offers.Status = Accepted,all time | trailing 12m to 2026-08-27 | trailing 12m to 2026-09-14,Applications.Applied On | Offers.Proposed Start Date | none (all time),distinct candidate record | distinct person (name+phone),Applications.Referred By overrides Source | Candidates.Source as recorded,bucket: Job Board + LinkedIn
2,14,14.29,12.61,False,20,0,hired: Applications.Stage = Hired | offer accepted: Offers.Status = Accepted,trailing 6m to 2026-08-27 | trailing 6m to 2026-09-14,Applications.Applied On | Offers.Offered On,application rows | distinct candidate record | distinct candidate+opening | distinct person (name+phone),Applications.Referred By overrides Source | Candidates.Source as recorded,raw Source = Job Board
10,25,40.0,13.1,False,15,3,hire started: Accepted and Proposed Start Date <= 2026-09-14 | hired: Applications.Stage = Hired | offer accepted: Offers.Status = Accepted,all time | trailing 12m to 2026-08-27 | trailing 12m to 2026-09-14,Applications.Applied On | Applications.Closed On | Offers.Decision On | Offers.Offered On | Offers.Proposed Start Date | none (all time),application rows | distinct candidate+opening,Candidates.Source as recorded,bucket: Job Board + LinkedIn
4,10,40.0,13.1,False,16,2,hire on a Filled opening: Stage = Hired and Opening.Status = Filled | hire started: Accepted and Proposed Start Date <= 2026-08-27,2026 YTD to 2026-09-14 | all time | trailing 12m to 2026-08-27 | trailing 12m to 2026-09-14 | trailing 3m to 2026-09-14,Applications.Closed On | Offers.Proposed Start Date | none (all time),application rows | distinct candidate record | distinct candidate+opening | distinct person (name+phone),Applications.Referred By overrides Source | Candidates.Source as recorded,bucket: Job Board + LinkedIn | bucket: Job Board + LinkedIn + Career Site
2,5,40.0,13.1,False,44,0,hire started: Accepted and Proposed Start Date <= 2026-08-27 | hire started: Accepted and Proposed Start Date <= 2026-09-14 | hired: Applications.Stage = Hired | offer accepted: Offers.Status = Accepted,calendar 2025 | trailing 3m to 2026-08-27,Applications.Applied On | Offers.Proposed Start Date,application rows | distinct candidate record | distinct candidate+opening | distinct person (name+phone),Applications.Referred By overrides Source | Candidates.Source as recorded,bucket: Job Board + LinkedIn | bucket: Job Board + LinkedIn + Career Site | raw Source = Job Board
2,15,13.33,13.57,False,48,0,hire started: Accepted and Proposed Start Date <= 2026-08-27 | hire started: Accepted and Proposed Start Date <= 2026-09-14 | hired: Applications.Stage = Hired | offer accepted: Offers.Status = Accepted,trailing 6m to 2026-08-27 | trailing 6m to 2026-09-14,Applications.Closed On | Offers.Decision On | Offers.Offered On | Offers.Proposed Start Date,application rows | distinct candidate record | distinct candidate+opening | distinct person (name+phone),Applications.Referred By overrides Source | Candidates.Source as recorded,raw Source = Job Board
2,16,12.5,14.4,False,50,0,hire started: Accepted and Proposed Start Date <= 2026-08-27 | hire started: Accepted and Proposed Start Date <= 2026-09-14 | hired: Applications.Stage = Hired | offer accepted: Offers.Status = Accepted | offer extended: any Offer record,2026 YTD to 2026-09-14 | trailing 3m to 2026-08-27 | trailing 6m to 2026-08-27 | trailing 6m to 2026-09-14,Applications.Applied On | Applications.Closed On | Offers.Decision On | Offers.Offered On | Offers.Proposed Start Date,application rows | distinct candidate record | distinct candidate+opening | distinct person (name+phone),Applications.Referred By overrides Source | Candidates.Source as recorded,raw Source = Job Board
1,8,12.5,14.4,False,8,0,offer accepted: Offers.Status = Accepted,trailing 3m to 2026-09-14,Offers.Offered On,application rows | distinct candidate record | distinct candidate+opening | distinct person (name+phone),Applications.Referred By overrides Source | Candidates.Source as recorded,bucket: Job Board + LinkedIn
10,24,41.67,14.77,False,38,7,hire started: Accepted and Proposed Start Date <= 2026-08-27 | hire started: Accepted and Proposed Start Date <= 2026-09-14 | hired: Applications.Stage = Hired | offer accepted: Offers.Status = Accepted,all time | trailing 12m to 2026-08-27 | trailing 12m to 2026-09-14,Applications.Applied On | Applications.Closed On | Offers.Decision On | Offers.Offered On | Offers.Proposed Start Date | none (all time),application rows | distinct candidate record | distinct candidate+opening | distinct person (name+phone),Applications.Referred By overrides Source | Candidates.Source as recorded,bucket: Job Board + LinkedIn
5,12,41.67,14.77,False,32,0,hire started: Accepted and Proposed Start Date <= 2026-08-27 | hire started: Accepted and Proposed Start Date <= 2026-09-14 | hired: Applications.Stage = Hired | offer accepted: Offers.Status = Accepted,trailing 3m to 2026-08-27,Offers.Proposed Start Date,application rows | distinct candidate record | distinct candidate+opening | distinct person (name+phone),Applications.Referred By overrides Source | Candidates.Source as recorded,bucket: Job Board + LinkedIn
2,17,11.76,15.14,False,8,0,hire started: Accepted and Proposed Start Date <= 2026-09-14 | hired: Applications.Stage = Hired | offer accepted: Offers.Status = Accepted,2026 YTD to 2026-09-14 | trailing 6m to 2026-09-14,Applications.Applied On | Offers.Proposed Start Date,application rows | distinct candidate+opening,Applications.Referred By overrides Source | Candidates.Source as recorded,raw Source = Job Board
2,18,11.11,15.79,False,2,0,hired: Applications.Stage = Hired,2026 YTD to 2026-09-14,Applications.Applied On,application rows,Applications.Referred By overrides Source | Candidates.Source as recorded,raw Source = Job Board
3,7,42.86,15.96,False,20,0,hire on a Filled opening: Stage = Hired and Opening.Status = Filled | hired: Applications.Stage = Hired | offer accepted: Offers.Status = Accepted,calendar 2025 | trailing 3m to 2026-09-14,Applications.Closed On | Offers.Offered On,application rows | distinct candidate record | distinct candidate+opening | distinct person (name+phone),Applications.Referred By overrides Source | Candidates.Source as recorded,bucket: Job Board + LinkedIn | bucket: Job Board + LinkedIn + Career Site | raw Source = Job Board
10,23,43.48,16.58,False,21,4,hire started: Accepted and Proposed Start Date <= 2026-08-27 | hire started: Accepted and Proposed Start Date <= 2026-09-14 | hired: Applications.Stage = Hired | offer accepted: Offers.Status = Accepted,all time | trailing 12m to 2026-08-27 | trailing 12m to 2026-09-14,Applications.Applied On | Offers.Proposed Start Date | none (all time),distinct candidate record | distinct person (name+phone),Applications.Referred By overrides Source | Candidates.Source as recorded,bucket: Job Board + LinkedIn
1,10,10.0,16.9,False,8,0,hire started: Accepted and Proposed Start Date <= 2026-08-27,trailing 3m to 2026-09-14,Offers.Proposed Start Date,application rows | distinct candidate record | distinct candidate+opening | distinct person (name+phone),Applications.Referred By overrides Source | Candidates.Source as recorded,raw Source = Job Board
8,18,44.44,17.54,False,1,0,hired: Applications.Stage = Hired,2026 YTD to 2026-09-14,Applications.Applied On,application rows,Applications.Referred By overrides Source,bucket: Job Board + LinkedIn + Career Site
4,9,44.44,17.54,False,22,4,hire on a Filled opening: Stage = Hired and Opening.Status = Filled,2026 YTD to 2026-09-14 | all time | trailing 12m to 2026-08-27 | trailing 12m to 2026-09-14 | trailing 6m to 2026-08-27 | trailing 6m to 2026-09-14,Applications.Closed On | none (all time),application rows | distinct candidate record | distinct candidate+opening | distinct person (name+phone),Applications.Referred By overrides Source | Candidates.Source as recorded,bucket: Job Board + LinkedIn + Career Site
1,11,9.09,17.81,False,32,0,hire started: Accepted and Proposed Start Date <= 2026-09-14 | hired: Applications.Stage = Hired | offer accepted: Offers.Status = Accepted | offer extended: any Offer record,trailing 3m to 2026-09-14,Offers.Offered On | Offers.Proposed Start Date,application rows | distinct candidate record | distinct candidate+opening | distinct person (name+phone),Applications.Referred By overrides Source | Candidates.Source as recorded,raw Source = Job Board
9,20,45.0,18.1,False,2,0,hired: Applications.Stage = Hired | offer accepted: Offers.Status = Accepted,2026 YTD to 2026-09-14,Offers.Decision On,application rows,Applications.Referred By overrides Source,bucket: Job Board + LinkedIn + Career Site
5,11,45.45,18.55,False,16,0,hired: Applications.Stage = Hired | offer accepted: Offers.Status = Accepted,trailing 3m to 2026-09-14,Offers.Decision On,application rows | distinct candidate record | distinct candidate+opening | distinct person (name+phone),Applications.Referred By overrides Source | Candidates.Source as recorded,bucket: Job Board + LinkedIn + Career Site
11,24,45.83,18.93,False,15,2,hired: Applications.Stage = Hired | offer accepted: Offers.Status = Accepted | offer extended: any Offer record,all time | trailing 12m to 2026-08-27 | trailing 12m to 2026-09-14 | trailing 6m to 2026-08-27,Applications.Applied On | Applications.Closed On | Offers.Decision On | Offers.Offered On | none (all time),application rows | distinct candidate+opening | distinct person (name+phone),Applications.Referred By overrides Source | Candidates.Source as recorded,bucket: Job Board + LinkedIn
12,26,46.15,19.25,False,2,0,offer extended: any Offer record,2026 YTD to 2026-09-14,Offers.Offered On,distinct person (name+phone),Applications.Referred By overrides Source | Candidates.Source as recorded,bucket: Job Board + LinkedIn
13,28,46.43,19.53,False,2,0,offer extended: any Offer record,2026 YTD to 2026-09-14,Offers.Offered On,application rows,Applications.Referred By overrides Source | Candidates.Source as recorded,bucket: Job Board + LinkedIn
15,32,46.88,19.98,False,3,1,offer extended: any Offer record,all time | trailing 12m to 2026-08-27 | trailing 12m to 2026-09-14,Offers.Offered On | none (all time),distinct candidate record,Applications.Referred By overrides Source,bucket: Job Board + LinkedIn
8,17,47.06,20.16,False,4,0,hire started: Accepted and Proposed Start Date <= 2026-09-14 | hired: Applications.Stage = Hired | offer accepted: Offers.Status = Accepted,2026 YTD to 2026-09-14 | trailing 6m to 2026-09-14,Applications.Applied On | Offers.Proposed Start Date,application rows | distinct candidate+opening,Applications.Referred By overrides Source,bucket: Job Board + LinkedIn + Career Site
17,36,47.22,20.32,False,3,1,offer extended: any Offer record,all time | trailing 12m to 2026-08-27 | trailing 12m to 2026-09-14,Offers.Offered On | none (all time),application rows,Applications.Referred By overrides Source,bucket: Job Board + LinkedIn
9,19,47.37,20.47,False,4,0,hired: Applications.Stage = Hired | offer accepted: Offers.Status = Accepted,2026 YTD to 2026-09-14,Applications.Closed On | Offers.Decision On | Offers.Offered On,application rows | distinct candidate+opening,Applications.Referred By overrides Source,bucket: Job Board + LinkedIn + Career Site
11,23,47.83,20.93,False,18,2,hire started: Accepted and Proposed Start Date <= 2026-08-27 | hire started: Accepted and Proposed Start Date <= 2026-09-14 | hired: Applications.Stage = Hired | offer accepted: Offers.Status = Accepted | offer extended: any Offer record,all time | trailing 12m to 2026-08-27 | trailing 12m to 2026-09-14 | trailing 6m to 2026-08-27 | trailing 6m to 2026-09-14,Offers.Offered On | Offers.Proposed Start Date | none (all time),application rows | distinct candidate record | distinct candidate+opening | distinct person (name+phone),Applications.Referred By overrides Source | Candidates.Source as recorded,bucket: Job Board + LinkedIn
12,25,48.0,21.1,False,1,0,hired: Applications.Stage = Hired,trailing 12m to 2026-09-14,Applications.Applied On,application rows,Applications.Referred By overrides Source,bucket: Job Board + LinkedIn + Career Site
13,27,48.15,21.25,False,2,0,offer extended: any Offer record,2026 YTD to 2026-09-14,Offers.Offered On,distinct candidate+opening,Applications.Referred By overrides Source | Candidates.Source as recorded,bucket: Job Board + LinkedIn
15,31,48.39,21.49,False,3,1,offer extended: any Offer record,all time | trailing 12m to 2026-08-27 | trailing 12m to 2026-09-14,Offers.Offered On | none (all time),distinct person (name+phone),Applications.Referred By overrides Source,bucket: Job Board + LinkedIn
17,35,48.57,21.67,False,3,1,offer extended: any Offer record,all time | trailing 12m to 2026-08-27 | trailing 12m to 2026-09-14,Offers.Offered On | none (all time),distinct candidate+opening,Applications.Referred By overrides Source,bucket: Job Board + LinkedIn
18,36,50.0,23.1,False,3,1,offer extended: any Offer record,all time | trailing 12m to 2026-08-27 | trailing 12m to 2026-09-14,Offers.Offered On | none (all time),application rows,Candidates.Source as recorded,bucket: Job Board + LinkedIn
16,32,50.0,23.1,False,3,1,offer extended: any Offer record,all time | trailing 12m to 2026-08-27 | trailing 12m to 2026-09-14,Offers.Offered On | none (all time),distinct candidate record,Candidates.Source as recorded,bucket: Job Board + LinkedIn
13,26,50.0,23.1,False,13,2,hired: Applications.Stage = Hired | offer accepted: Offers.Status = Accepted | offer extended: any Offer record,2026 YTD to 2026-09-14 | all time | trailing 12m to 2026-08-27 | trailing 12m to 2026-09-14,Applications.Applied On | Applications.Closed On | Offers.Decision On | Offers.Offered On | none (all time),application rows | distinct candidate record,Applications.Referred By overrides Source | Candidates.Source as recorded,bucket: Job Board + LinkedIn | bucket: Job Board + LinkedIn + Career Site
12,24,50.0,23.1,False,1,0,hired: Applications.Stage = Hired,trailing 12m to 2026-09-14,Applications.Applied On,distinct candidate+opening,Applications.Referred By overrides Source,bucket: Job Board + LinkedIn + Career Site
11,22,50.0,23.1,False,4,0,offer extended: any Offer record,trailing 6m to 2026-09-14,Offers.Offered On,distinct candidate record | distinct person (name+phone),Applications.Referred By overrides Source | Candidates.Source as recorded,bucket: Job Board + LinkedIn
10,20,50.0,23.1,False,2,0,hired: Applications.Stage = Hired | offer accepted: Offers.Status = Accepted,2026 YTD to 2026-09-14,Offers.Decision On,application rows,Candidates.Source as recorded,bucket: Job Board + LinkedIn + Career Site
9,18,50.0,23.1,False,7,0,hired: Applications.Stage = Hired | offer accepted: Offers.Status = Accepted,2026 YTD to 2026-09-14,Applications.Applied On | Applications.Closed On | Offers.Decision On | Offers.Offered On,application rows | distinct candidate record | distinct candidate+opening | distinct person (name+phone),Applications.Referred By overrides Source | Candidates.Source as recorded,bucket: Job Board + LinkedIn + Career Site
8,16,50.0,23.1,False,21,0,hire started: Accepted and Proposed Start Date <= 2026-08-27 | hire started: Accepted and Proposed Start Date <= 2026-09-14 | hired: Applications.Stage = Hired | offer accepted: Offers.Status = Accepted,2026 YTD to 2026-09-14 | trailing 6m to 2026-08-27 | trailing 6m to 2026-09-14,Applications.Applied On | Applications.Closed On | Offers.Decision On | Offers.Offered On | Offers.Proposed Start Date,application rows | distinct candidate record | distinct candidate+opening | distinct person (name+phone),Applications.Referred By overrides Source,bucket: Job Board + LinkedIn + Career Site
6,12,50.0,23.1,False,32,0,hired: Applications.Stage = Hired | offer accepted: Offers.Status = Accepted,trailing 3m to 2026-08-27,Applications.Closed On | Offers.Decision On | Offers.Offered On,application rows | distinct candidate record | distinct candidate+opening | distinct person (name+phone),Applications.Referred By overrides Source | Candidates.Source as recorded,bucket: Job Board + LinkedIn + Career Site
4,8,50.0,23.1,False,33,0,hire on a Filled opening: Stage = Hired and Opening.Status = Filled | hired: Applications.Stage = Hired | offer extended: any Offer record,2026 YTD to 2026-09-14 | calendar 2025 | trailing 3m to 2026-08-27 | trailing 6m to 2026-08-27 | trailing 6m to 2026-09-14,Applications.Applied On | Applications.Closed On | Offers.Offered On,application rows | distinct candidate record | distinct candidate+opening | distinct person (name+phone),Applications.Referred By overrides Source | Candidates.Source as recorded,bucket: Job Board + LinkedIn | bucket: Job Board + LinkedIn + Career Site | raw Source = Job Board
3,6,50.0,23.1,False,12,0,hired: Applications.Stage = Hired | offer accepted: Offers.Status = Accepted,calendar 2025,Offers.Decision On,application rows | distinct candidate record | distinct candidate+opening,Applications.Referred By overrides Source,bucket: Job Board + LinkedIn | raw Source = Job Board
18,35,51.43,24.53,False,3,1,offer extended: any Offer record,all time | trailing 12m to 2026-08-27 | trailing 12m to 2026-09-14,Offers.Offered On | none (all time),distinct candidate+opening,Candidates.Source as recorded,bucket: Job Board + LinkedIn
16,31,51.61,24.71,False,3,1,offer extended: any Offer record,all time | trailing 12m to 2026-08-27 | trailing 12m to 2026-09-14,Offers.Offered On | none (all time),distinct person (name+phone),Candidates.Source as recorded,bucket: Job Board + LinkedIn
13,25,52.0,25.1,False,15,3,hire started: Accepted and Proposed Start Date <= 2026-09-14 | hired: Applications.Stage = Hired | offer accepted: Offers.Status = Accepted,all time | trailing 12m to 2026-08-27 | trailing 12m to 2026-09-14,Applications.Applied On | Applications.Closed On | Offers.Decision On | Offers.Offered On | Offers.Proposed Start Date | none (all time),application rows | distinct candidate+opening,Applications.Referred By overrides Source,bucket: Job Board + LinkedIn + Career Site
12,23,52.17,25.27,False,1,0,hired: Applications.Stage = Hired,trailing 12m to 2026-09-14,Applications.Applied On,distinct candidate record,Applications.Referred By overrides Source,bucket: Job Board + LinkedIn + Career Site
10,19,52.63,25.73,False,4,0,hired: Applications.Stage = Hired | offer accepted: Offers.Status = Accepted,2026 YTD to 2026-09-14,Applications.Closed On | Offers.Decision On | Offers.Offered On,application rows | distinct candidate+opening,Candidates.Source as recorded,bucket: Job Board + LinkedIn + Career Site
9,17,52.94,26.04,False,16,0,hire started: Accepted and Proposed Start Date <= 2026-08-27 | hire started: Accepted and Proposed Start Date <= 2026-09-14 | hired: Applications.Stage = Hired | offer accepted: Offers.Status = Accepted,2026 YTD to 2026-09-14 | trailing 6m to 2026-08-27 | trailing 6m to 2026-09-14,Applications.Applied On | Applications.Closed On | Offers.Offered On | Offers.Proposed Start Date,application rows | distinct candidate record | distinct candidate+opening | distinct person (name+phone),Applications.Referred By overrides Source | Candidates.Source as recorded,bucket: Job Board + LinkedIn + Career Site
8,15,53.33,26.43,False,26,0,hire started: Accepted and Proposed Start Date <= 2026-08-27 | hire started: Accepted and Proposed Start Date <= 2026-09-14 | hired: Applications.Stage = Hired | offer accepted: Offers.Status = Accepted,trailing 6m to 2026-08-27 | trailing 6m to 2026-09-14,Applications.Closed On | Offers.Decision On | Offers.Offered On | Offers.Proposed Start Date,application rows | distinct candidate record | distinct candidate+opening | distinct person (name+phone),Applications.Referred By overrides Source | Candidates.Source as recorded,bucket: Job Board + LinkedIn + Career Site
0,12,0.0,26.9,False,32,0,hired: Applications.Stage = Hired | offer accepted: Offers.Status = Accepted,trailing 3m to 2026-08-27,Applications.Closed On | Offers.Decision On | Offers.Offered On,application rows | distinct candidate record | distinct candidate+opening | distinct person (name+phone),Applications.Referred By overrides Source | Candidates.Source as recorded,raw Source = Job Board
0,11,0.0,26.9,False,22,2,hire on a Filled opening: Stage = Hired and Opening.Status = Filled | hired: Applications.Stage = Hired | offer accepted: Offers.Status = Accepted,all time | trailing 12m to 2026-08-27 | trailing 12m to 2026-09-14 | trailing 3m to 2026-09-14,Applications.Closed On | Offers.Decision On | none (all time),application rows | distinct candidate record | distinct candidate+opening | distinct person (name+phone),Applications.Referred By overrides Source | Candidates.Source as recorded,raw Source = Job Board
0,10,0.0,26.9,False,8,2,hire on a Filled opening: Stage = Hired and Opening.Status = Filled,2026 YTD to 2026-09-14 | all time | trailing 12m to 2026-08-27 | trailing 12m to 2026-09-14,Applications.Closed On | none (all time),application rows | distinct candidate+opening,Applications.Referred By overrides Source | Candidates.Source as recorded,raw Source = Job Board
0,9,0.0,26.9,False,30,4,hire on a Filled opening: Stage = Hired and Opening.Status = Filled | hired: Applications.Stage = Hired,2026 YTD to 2026-09-14 | all time | trailing 12m to 2026-08-27 | trailing 12m to 2026-09-14 | trailing 3m to 2026-09-14 | trailing 6m to 2026-08-27 | trailing 6m to 2026-09-14,Applications.Closed On | none (all time),application rows | distinct candidate record | distinct candidate+opening | distinct person (name+phone),Applications.Referred By overrides Source | Candidates.Source as recorded,raw Source = Job Board
0,8,0.0,26.9,False,28,0,hire on a Filled opening: Stage = Hired and Opening.Status = Filled | offer accepted: Offers.Status = Accepted,2026 YTD to 2026-09-14 | trailing 3m to 2026-08-27 | trailing 3m to 2026-09-14 | trailing 6m to 2026-08-27 | trailing 6m to 2026-09-14,Applications.Closed On | Offers.Offered On,application rows | distinct candidate record | distinct candidate+opening | distinct person (name+phone),Applications.Referred By overrides Source | Candidates.Source as recorded,raw Source = Job Board
0,7,0.0,26.9,False,8,0,hire on a Filled opening: Stage = Hired and Opening.Status = Filled,trailing 3m to 2026-09-14,Applications.Closed On,application rows | distinct candidate record | distinct candidate+opening | distinct person (name+phone),Applications.Referred By overrides Source | Candidates.Source as recorded,raw Source = Job Board
0,5,0.0,26.9,False,8,0,hired: Applications.Stage = Hired,trailing 3m to 2026-08-27,Applications.Applied On,application rows | distinct candidate record | distinct candidate+opening | distinct person (name+phone),Applications.Referred By overrides Source | Candidates.Source as recorded,raw Source = Job Board
0,1,0.0,26.9,False,24,0,hire on a Filled opening: Stage = Hired and Opening.Status = Filled,calendar 2025,Applications.Closed On,application rows | distinct candidate record | distinct candidate+opening | distinct person (name+phone),Applications.Referred By overrides Source | Candidates.Source as recorded,bucket: Job Board + LinkedIn | bucket: Job Board + LinkedIn + Career Site | raw Source = Job Board
27,50,54.0,27.1,False,2,0,candidate: every Candidates record,trailing 3m to 2026-08-27,Candidates.Created On,distinct candidate record | distinct person (name+phone),Applications.Referred By overrides Source,raw Source = Job Board
47,87,54.02,27.12,False,1,0,candidate: every Candidates record,trailing 6m to 2026-09-14,Candidates.Created On,distinct candidate record,Applications.Referred By overrides Source,raw Source = Job Board
13,24,54.17,27.27,False,27,5,hire started: Accepted and Proposed Start Date <= 2026-08-27 | hire started: Accepted and Proposed Start Date <= 2026-09-14 | hired: Applications.Stage = Hired | offer accepted: Offers.Status = Accepted,all time | trailing 12m to 2026-08-27 | trailing 12m to 2026-09-14,Applications.Applied On | Applications.Closed On | Offers.Decision On | Offers.Offered On | Offers.Proposed Start Date | none (all time),application rows | distinct candidate record | distinct candidate+opening,Applications.Referred By overrides Source,bucket: Job Board + LinkedIn + Career Site
47,86,54.65,27.75,False,1,0,candidate: every Candidates record,trailing 6m to 2026-09-14,Candidates.Created On,distinct person (name+phone),Applications.Referred By overrides Source,raw Source = Job Board
39,71,54.93,28.03,False,1,0,application: every Applications row,calendar 2025,Applications.Applied On,distinct candidate+opening,Applications.Referred By overrides Source,raw Source = Job Board
11,20,55.0,28.1,False,3,0,hire started: Accepted and Proposed Start Date <= 2026-09-14 | hired: Applications.Stage = Hired | offer accepted: Offers.Status = Accepted,2026 YTD to 2026-09-14,Offers.Proposed Start Date,application rows,Applications.Referred By overrides Source,bucket: Job Board + LinkedIn + Career Site
40,72,55.56,28.66,False,1,0,application: every Applications row,calendar 2025,Applications.Applied On,application rows,Applications.Referred By overrides Source,raw Source = Job Board
10,18,55.56,28.66,False,6,0,hired: Applications.Stage = Hired | offer accepted: Offers.Status = Accepted,2026 YTD to 2026-09-14,Applications.Closed On | Offers.Decision On | Offers.Offered On,distinct candidate record | distinct candidate+opening | distinct person (name+phone),Candidates.Source as recorded,bucket: Job Board + LinkedIn + Career Site
39,70,55.71,28.81,False,1,0,application: every Applications row,calendar 2025,Applications.Applied On,distinct candidate record,Applications.Referred By overrides Source,raw Source = Job Board
38,68,55.88,28.98,False,1,0,application: every Applications row,calendar 2025,Applications.Applied On,distinct person (name+phone),Applications.Referred By overrides Source,raw Source = Job Board
14,25,56.0,29.1,False,1,0,hired: Applications.Stage = Hired,trailing 12m to 2026-09-14,Applications.Applied On,application rows,Candidates.Source as recorded,bucket: Job Board + LinkedIn + Career Site
9,16,56.25,29.35,False,37,0,hire started: Accepted and Proposed Start Date <= 2026-08-27 | hire started: Accepted and Proposed Start Date <= 2026-09-14 | hired: Applications.Stage = Hired | offer accepted: Offers.Status = Accepted | offer extended: any Offer record,2026 YTD to 2026-09-14 | trailing 3m to 2026-08-27 | trailing 6m to 2026-08-27 | trailing 6m to 2026-09-14,Applications.Applied On | Applications.Closed On | Offers.Decision On | Offers.Offered On | Offers.Proposed Start Date,application rows | distinct candidate record | distinct candidate+opening | distinct person (name+phone),Applications.Referred By overrides Source | Candidates.Source as recorded,bucket: Job Board + LinkedIn + Career Site
13,23,56.52,29.62,False,11,2,hire started: Accepted and Proposed Start Date <= 2026-08-27 | hire started: Accepted and Proposed Start Date <= 2026-09-14 | hired: Applications.Stage = Hired | offer accepted: Offers.Status = Accepted,all time | trailing 12m to 2026-08-27 | trailing 12m to 2026-09-14,Applications.Applied On | Offers.Proposed Start Date | none (all time),distinct candidate record | distinct person (name+phone),Applications.Referred By overrides Source,bucket: Job Board + LinkedIn + Career Site
51,90,56.67,29.77,False,1,0,candidate: every Candidates record,trailing 6m to 2026-08-27,Candidates.Created On,distinct candidate record,Applications.Referred By overrides Source,raw Source = Job Board
24,42,57.14,30.24,False,2,0,candidate: every Candidates record,trailing 3m to 2026-09-14,Candidates.Created On,distinct candidate record | distinct person (name+phone),Applications.Referred By overrides Source,raw Source = Job Board
16,28,57.14,30.24,False,1,0,offer extended: any Offer record,2026 YTD to 2026-09-14,Offers.Offered On,application rows,Applications.Referred By overrides Source,bucket: Job Board + LinkedIn + Career Site
8,14,57.14,30.24,False,20,0,hired: Applications.Stage = Hired | offer accepted: Offers.Status = Accepted,trailing 6m to 2026-08-27 | trailing 6m to 2026-09-14,Applications.Applied On | Offers.Offered On,application rows | distinct candidate record | distinct candidate+opening | distinct person (name+phone),Applications.Referred By overrides Source | Candidates.Source as recorded,bucket: Job Board + LinkedIn + Career Site
4,7,57.14,30.24,False,22,0,hired: Applications.Stage = Hired | offer accepted: Offers.Status = Accepted,calendar 2025,Applications.Closed On | Offers.Offered On,application rows | distinct candidate record | distinct candidate+opening | distinct person (name+phone),Applications.Referred By overrides Source | Candidates.Source as recorded,bucket: Job Board + LinkedIn | bucket: Job Board + LinkedIn + Career Site | raw Source = Job Board
51,89,57.3,30.4,False,1,0,candidate: every Candidates record,trailing 6m to 2026-08-27,Candidates.Created On,distinct person (name+phone),Applications.Referred By overrides Source,raw Source = Job Board
15,26,57.69,30.79,False,12,2,hired: Applications.Stage = Hired | offer accepted: Offers.Status = Accepted | offer extended: any Offer record,2026 YTD to 2026-09-14 | all time | trailing 12m to 2026-08-27 | trailing 12m to 2026-09-14,Applications.Applied On | Applications.Closed On | Offers.Decision On | Offers.Offered On | none (all time),application rows | distinct person (name+phone),Applications.Referred By overrides Source | Candidates.Source as recorded,bucket: Job Board + LinkedIn + Career Site
11,19,57.89,30.99,False,5,0,hire started: Accepted and Proposed Start Date <= 2026-08-27 | hire started: Accepted and Proposed Start Date <= 2026-09-14 | hired: Applications.Stage = Hired | offer accepted: Offers.Status = Accepted,2026 YTD to 2026-09-14,Offers.Proposed Start Date,application rows | distinct candidate+opening,Applications.Referred By overrides Source,bucket: Job Board + LinkedIn + Career Site
29,50,58.0,31.1,False,2,0,candidate: every Candidates record,trailing 3m to 2026-08-27,Candidates.Created On,distinct candidate record | distinct person (name+phone),Candidates.Source as recorded,raw Source = Job Board
76,131,58.02,31.12,False,1,0,candidate: every Candidates record,2026 YTD to 2026-09-14,Candidates.Created On,distinct candidate record,Applications.Referred By overrides Source,raw Source = Job Board
21,36,58.33,31.43,False,3,1,offer extended: any Offer record,all time | trailing 12m to 2026-08-27 | trailing 12m to 2026-09-14,Offers.Offered On | none (all time),application rows,Applications.Referred By overrides Source,bucket: Job Board + LinkedIn + Career Site
14,24,58.33,31.43,False,14,2,hired: Applications.Stage = Hired | offer accepted: Offers.Status = Accepted | offer extended: any Offer record,all time | trailing 12m to 2026-08-27 | trailing 12m to 2026-09-14 | trailing 6m to 2026-08-27,Applications.Applied On | Applications.Closed On | Offers.Decision On | Offers.Offered On | none (all time),application rows | distinct candidate+opening | distinct person (name+phone),Applications.Referred By overrides Source | Candidates.Source as recorded,bucket: Job Board + LinkedIn + Career Site
76,130,58.46,31.56,False,1,0,candidate: every Candidates record,2026 YTD to 2026-09-14,Candidates.Created On,distinct person (name+phone),Applications.Referred By overrides Source,raw Source = Job Board
10,17,58.82,31.92,False,12,0,hire started: Accepted and Proposed Start Date <= 2026-08-27 | hire started: Accepted and Proposed Start Date <= 2026-09-14 | hired: Applications.Stage = Hired | offer accepted: Offers.Status = Accepted,2026 YTD to 2026-09-14 | trailing 6m to 2026-08-27,Applications.Closed On | Offers.Offered On | Offers.Proposed Start Date,application rows | distinct candidate record | distinct candidate+opening | distinct person (name+phone),Candidates.Source as recorded,bucket: Job Board + LinkedIn + Career Site
112,189,59.26,32.36,False,1,0,candidate: every Candidates record,trailing 12m to 2026-08-27,Candidates.Created On,distinct candidate record,Applications.Referred By overrides Source,raw Source = Job Board
16,27,59.26,32.36,False,1,0,offer extended: any Offer record,2026 YTD to 2026-09-14,Offers.Offered On,distinct candidate+opening,Applications.Referred By overrides Source,bucket: Job Board + LinkedIn + Career Site
19,32,59.38,32.48,False,3,1,offer extended: any Offer record,all time | trailing 12m to 2026-08-27 | trailing 12m to 2026-09-14,Offers.Offered On | none (all time),distinct candidate record,Applications.Referred By overrides Source,bucket: Job Board + LinkedIn + Career Site
167,281,59.43,32.53,False,1,0,application: every Applications row,trailing 12m to 2026-08-27,Applications.Applied On,distinct person (name+phone),Applications.Referred By overrides Source,raw Source = Job Board
175,294,59.52,32.62,False,2,2,application: every Applications row | candidate: every Candidates record,all time,none (all time),distinct person (name+phone),Applications.Referred By overrides Source,raw Source = Job Board
109,183,59.56,32.66,False,1,0,candidate: every Candidates record,trailing 12m to 2026-09-14,Candidates.Created On,distinct candidate record,Applications.Referred By overrides Source,raw Source = Job Board
112,188,59.57,32.67,False,1,0,candidate: every Candidates record,trailing 12m to 2026-08-27,Candidates.Created On,distinct person (name+phone),Applications.Referred By overrides Source,raw Source = Job Board
52,87,59.77,32.87,False,1,0,candidate: every Candidates record,trailing 6m to 2026-09-14,Candidates.Created On,distinct candidate record,Candidates.Source as recorded,raw Source = Job Board
167,279,59.86,32.96,False,1,0,application: every Applications row,trailing 12m to 2026-09-14,Applications.Applied On,distinct person (name+phone),Applications.Referred By overrides Source,raw Source = Job Board
109,182,59.89,32.99,False,1,0,candidate: every Candidates record,trailing 12m to 2026-09-14,Candidates.Created On,distinct person (name+phone),Applications.Referred By overrides Source,raw Source = Job Board
172,287,59.93,33.03,False,1,0,application: every Applications row,trailing 12m to 2026-08-27,Applications.Applied On,distinct candidate record,Applications.Referred By overrides Source,raw Source = Job Board
180,300,60.0,33.1,False,2,2,application: every Applications row | candidate: every Candidates record,all time,none (all time),distinct candidate record,Applications.Referred By overrides Source,raw Source = Job Board
21,35,60.0,33.1,False,3,1,offer extended: any Offer record,all time | trailing 12m to 2026-08-27 | trailing 12m to 2026-09-14,Offers.Offered On | none (all time),distinct candidate+opening,Applications.Referred By overrides Source,bucket: Job Board + LinkedIn + Career Site
15,25,60.0,33.1,False,15,3,hire started: Accepted and Proposed Start Date <= 2026-09-14 | hired: Applications.Stage = Hired | offer accepted: Offers.Status = Accepted,all time | trailing 12m to 2026-08-27 | trailing 12m to 2026-09-14,Applications.Applied On | Applications.Closed On | Offers.Decision On | Offers.Offered On | Offers.Proposed Start Date | none (all time),application rows | distinct candidate+opening,Candidates.Source as recorded,bucket: Job Board + LinkedIn + Career Site
12,20,60.0,33.1,False,3,0,hire started: Accepted and Proposed Start Date <= 2026-09-14 | hired: Applications.Stage = Hired | offer accepted: Offers.Status = Accepted,2026 YTD to 2026-09-14,Offers.Proposed Start Date,application rows,Candidates.Source as recorded,bucket: Job Board + LinkedIn + Career Site
9,15,60.0,33.1,False,22,0,hire started: Accepted and Proposed Start Date <= 2026-08-27 | hire started: Accepted and Proposed Start Date <= 2026-09-14 | hired: Applications.Stage = Hired | offer accepted: Offers.Status = Accepted,trailing 6m to 2026-08-27 | trailing 6m to 2026-09-14,Applications.Closed On | Offers.Decision On | Offers.Offered On | Offers.Proposed Start Date,distinct candidate record | distinct person (name+phone),Candidates.Source as recorded,bucket: Job Board + LinkedIn + Career Site
3,5,60.0,33.1,False,48,0,hire started: Accepted and Proposed Start Date <= 2026-08-27 | hire started: Accepted and Proposed Start Date <= 2026-09-14 | hired: Applications.Stage = Hired | offer accepted: Offers.Status = Accepted,calendar 2025,Offers.Proposed Start Date,application rows | distinct candidate record | distinct candidate+opening | distinct person (name+phone),Applications.Referred By overrides Source | Candidates.Source as recorded,bucket: Job Board + LinkedIn | bucket: Job Board + LinkedIn + Career Site | raw Source = Job Board
172,285,60.35,33.45,False,1,0,application: every Applications row,trailing 12m to 2026-09-14,Applications.Applied On,distinct candidate record,Applications.Referred By overrides Source,raw Source = Job Board
52,86,60.47,33.57,False,1,0,candidate: every Candidates record,trailing 6m to 2026-09-14,Candidates.Created On,distinct person (name+phone),Candidates.Source as recorded,raw Source = Job Board
43,71,60.56,33.66,False,1,0,application: every Applications row,calendar 2025,Applications.Applied On,distinct candidate+opening,Applications.Referred By overrides Source,bucket: Job Board + LinkedIn
17,28,60.71,33.81,False,1,0,offer extended: any Offer record,2026 YTD to 2026-09-14,Offers.Offered On,application rows,Candidates.Source as recorded,bucket: Job Board + LinkedIn + Career Site
101,166,60.84,33.94,False,1,0,candidate: every Candidates record,calendar 2025,Candidates.Created On,distinct person (name+phone),Applications.Referred By overrides Source,raw Source = Job Board
14,23,60.87,33.97,False,17,2,hire started: Accepted and Proposed Start Date <= 2026-08-27 | hire started: Accepted and Proposed Start Date <= 2026-09-14 | hired: Applications.Stage = Hired | offer accepted: Offers.Status = Accepted | offer extended: any Offer record,all time | trailing 12m to 2026-08-27 | trailing 12m to 2026-09-14 | trailing 6m to 2026-08-27 | trailing 6m to 2026-09-14,Applications.Applied On | Offers.Offered On | Offers.Proposed Start Date | none (all time),application rows | distinct candidate record | distinct candidate+opening | distinct person (name+phone),Applications.Referred By overrides Source | Candidates.Source as recorded,bucket: Job Board + LinkedIn + Career Site
44,72,61.11,34.21,False,1,0,application: every Applications row,calendar 2025,Applications.Applied On,application rows,Applications.Referred By overrides Source,bucket: Job Board + LinkedIn
11,18,61.11,34.21,False,8,0,hire started: Accepted and Proposed Start Date <= 2026-08-27 | hire started: Accepted and Proposed Start Date <= 2026-09-14 | hired: Applications.Stage = Hired | offer accepted: Offers.Status = Accepted,2026 YTD to 2026-09-14,Offers.Proposed Start Date,distinct candidate record | distinct person (name+phone),Applications.Referred By overrides Source,bucket: Job Board + LinkedIn + Career Site
19,31,61.29,34.39,False,3,1,offer extended: any Offer record,all time | trailing 12m to 2026-08-27 | trailing 12m to 2026-09-14,Offers.Offered On | none (all time),distinct person (name+phone),Applications.Referred By overrides Source,bucket: Job Board + LinkedIn + Career Site
43,70,61.43,34.53,False,1,0,application: every Applications row,calendar 2025,Applications.Applied On,distinct candidate record,Applications.Referred By overrides Source,bucket: Job Board + LinkedIn
104,169,61.54,34.64,False,1,0,candidate: every Candidates record,calendar 2025,Candidates.Created On,distinct candidate record,Applications.Referred By overrides Source,raw Source = Job Board
16,26,61.54,34.64,False,2,0,offer extended: any Offer record,2026 YTD to 2026-09-14,Offers.Offered On,distinct candidate record | distinct person (name+phone),Applications.Referred By overrides Source | Candidates.Source as recorded,bucket: Job Board + LinkedIn + Career Site
42,68,61.76,34.86,False,1,0,application: every Applications row,calendar 2025,Applications.Applied On,distinct person (name+phone),Applications.Referred By overrides Source,bucket: Job Board + LinkedIn
26,42,61.9,35.0,False,2,0,candidate: every Candidates record,trailing 3m to 2026-09-14,Candidates.Created On,distinct candidate record | distinct person (name+phone),Candidates.Source as recorded,raw Source = Job Board
56,90,62.22,35.32,False,1,0,candidate: every Candidates record,trailing 6m to 2026-08-27,Candidates.Created On,distinct candidate record,Candidates.Source as recorded,raw Source = Job Board
155,248,62.5,35.6,False,1,0,application: every Applications row,2026 YTD to 2026-09-14,Applications.Applied On,distinct person (name+phone),Applications.Referred By overrides Source,raw Source = Job Board
15,24,62.5,35.6,False,29,5,hire started: Accepted and Proposed Start Date <= 2026-08-27 | hire started: Accepted and Proposed Start Date <= 2026-09-14 | hired: Applications.Stage = Hired | offer accepted: Offers.Status = Accepted | offer extended: any Offer record,all time | trailing 12m to 2026-08-27 | trailing 12m to 2026-09-14 | trailing 6m to 2026-08-27,Applications.Applied On | Applications.Closed On | Offers.Decision On | Offers.Offered On | Offers.Proposed Start Date | none (all time),application rows | distinct candidate record | distinct candidate+opening,Candidates.Source as recorded,bucket: Job Board + LinkedIn + Career Site
10,16,62.5,35.6,False,8,0,hire started: Accepted and Proposed Start Date <= 2026-08-27 | hire started: Accepted and Proposed Start Date <= 2026-09-14 | hired: Applications.Stage = Hired | offer accepted: Offers.Status = Accepted,trailing 6m to 2026-08-27,Offers.Proposed Start Date,distinct candidate record | distinct person (name+phone),Candidates.Source as recorded,bucket: Job Board + LinkedIn + Career Site
5,8,62.5,35.6,False,19,0,hired: Applications.Stage = Hired | offer extended: any Offer record,calendar 2025,Applications.Applied On | Offers.Offered On,application rows | distinct candidate record | distinct candidate+opening | distinct person (name+phone),Applications.Referred By overrides Source | Candidates.Source as recorded,bucket: Job Board + LinkedIn | bucket: Job Board + LinkedIn + Career Site | raw Source = Job Board
217,347,62.54,35.64,False,1,1,application: every Applications row,all time,none (all time),distinct candidate+opening,Applications.Referred By overrides Source,raw Source = Job Board
207,331,62.54,35.64,False,1,0,application: every Applications row,trailing 12m to 2026-08-27,Applications.Applied On,distinct candidate+opening,Applications.Referred By overrides Source,raw Source = Job Board
219,350,62.57,35.67,False,1,1,application: every Applications row,all time,none (all time),application rows,Applications.Referred By overrides Source,raw Source = Job Board
209,334,62.57,35.67,False,1,0,application: every Applications row,trailing 12m to 2026-08-27,Applications.Applied On,application rows,Applications.Referred By overrides Source,raw Source = Job Board
82,131,62.6,35.7,False,1,0,candidate: every Candidates record,2026 YTD to 2026-09-14,Candidates.Created On,distinct candidate record,Candidates.Source as recorded,raw Source = Job Board
206,328,62.8,35.9,False,1,0,application: every Applications row,trailing 12m to 2026-09-14,Applications.Applied On,application rows,Applications.Referred By overrides Source,raw Source = Job Board
159,253,62.85,35.95,False,1,0,application: every Applications row,2026 YTD to 2026-09-14,Applications.Applied On,distinct candidate record,Applications.Referred By overrides Source,raw Source = Job Board
205,326,62.88,35.98,False,1,0,application: every Applications row,trailing 12m to 2026-09-14,Applications.Applied On,distinct candidate+opening,Applications.Referred By overrides Source,raw Source = Job Board
56,89,62.92,36.02,False,1,0,candidate: every Candidates record,trailing 6m to 2026-08-27,Candidates.Created On,distinct person (name+phone),Candidates.Source as recorded,raw Source = Job Board
17,27,62.96,36.06,False,1,0,offer extended: any Offer record,2026 YTD to 2026-09-14,Offers.Offered On,distinct candidate+opening,Candidates.Source as recorded,bucket: Job Board + LinkedIn + Career Site
82,130,63.08,36.18,False,1,0,candidate: every Candidates record,2026 YTD to 2026-09-14,Candidates.Created On,distinct person (name+phone),Candidates.Source as recorded,raw Source = Job Board
12,19,63.16,36.26,False,5,0,hire started: Accepted and Proposed Start Date <= 2026-08-27 | hire started: Accepted and Proposed Start Date <= 2026-09-14 | hired: Applications.Stage = Hired | offer accepted: Offers.Status = Accepted,2026 YTD to 2026-09-14,Offers.Proposed Start Date,application rows | distinct candidate+opening,Candidates.Source as recorded,bucket: Job Board + LinkedIn + Career Site
186,294,63.27,36.37,False,2,2,application: every Applications row | candidate: every Candidates record,all time,none (all time),distinct person (name+phone),Candidates.Source as recorded,raw Source = Job Board
178,281,63.35,36.45,False,1,0,application: every Applications row,trailing 12m to 2026-08-27,Applications.Applied On,distinct person (name+phone),Candidates.Source as recorded,raw Source = Job Board
120,189,63.49,36.59,False,1,0,candidate: every Candidates record,trailing 12m to 2026-08-27,Candidates.Created On,distinct candidate record,Candidates.Source as recorded,raw Source = Job Board
14,22,63.64,36.74,False,4,0,offer extended: any Offer record,trailing 6m to 2026-09-14,Offers.Offered On,distinct candidate record | distinct person (name+phone),Applications.Referred By overrides Source | Candidates.Source as recorded,bucket: Job Board + LinkedIn + Career Site
7,11,63.64,36.74,False,24,0,hire started: Accepted and Proposed Start Date <= 2026-09-14 | hired: Applications.Stage = Hired | offer accepted: Offers.Status = Accepted,trailing 3m to 2026-09-14,Offers.Proposed Start Date,application rows | distinct candidate record | distinct candidate+opening | distinct person (name+phone),Applications.Referred By overrides Source | Candidates.Source as recorded,bucket: Job Board + LinkedIn + Career Site
191,300,63.67,36.77,False,2,2,application: every Applications row | candidate: every Candidates record,all time,none (all time),distinct candidate record,Candidates.Source as recorded,raw Source = Job Board
183,287,63.76,36.86,False,1,0,application: every Applications row,trailing 12m to 2026-08-27,Applications.Applied On,distinct candidate record,Candidates.Source as recorded,raw Source = Job Board
178,279,63.8,36.9,False,1,0,application: every Applications row,trailing 12m to 2026-09-14,Applications.Applied On,distinct person (name+phone),Candidates.Source as recorded,raw Source = Job Board
134,210,63.81,36.91,False,1,0,application: every Applications row,trailing 6m to 2026-08-27,Applications.Applied On,distinct person (name+phone),Applications.Referred By overrides Source,raw Source = Job Board
120,188,63.83,36.93,False,1,0,candidate: every Candidates record,trailing 12m to 2026-08-27,Candidates.Created On,distinct person (name+phone),Candidates.Source as recorded,raw Source = Job Board
106,166,63.86,36.96,False,1,0,candidate: every Candidates record,calendar 2025,Candidates.Created On,distinct person (name+phone),Candidates.Source as recorded,raw Source = Job Board
23,36,63.89,36.99,False,3,1,offer extended: any Offer record,all time | trailing 12m to 2026-08-27 | trailing 12m to 2026-09-14,Offers.Offered On | none (all time),application rows,Candidates.Source as recorded,bucket: Job Board + LinkedIn + Career Site
117,183,63.93,37.03,False,1,0,candidate: every Candidates record,trailing 12m to 2026-09-14,Candidates.Created On,distinct candidate record,Candidates.Source as recorded,raw Source = Job Board
135,211,63.98,37.08,False,1,0,application: every Applications row,trailing 6m to 2026-08-27,Applications.Applied On,distinct candidate record,Applications.Referred By overrides Source,raw Source = Job Board
183,285,64.21,37.31,False,1,0,application: every Applications row,trailing 12m to 2026-09-14,Applications.Applied On,distinct candidate record,Candidates.Source as recorded,raw Source = Job Board
117,182,64.29,37.39,False,1,0,candidate: every Candidates record,trailing 12m to 2026-09-14,Candidates.Created On,distinct person (name+phone),Candidates.Source as recorded,raw Source = Job Board
45,70,64.29,37.39,False,1,0,application: every Applications row,calendar 2025,Applications.Applied On,distinct candidate record,Candidates.Source as recorded,raw Source = Job Board
179,278,64.39,37.49,False,1,0,application: every Applications row,2026 YTD to 2026-09-14,Applications.Applied On,application rows,Applications.Referred By overrides Source,raw Source = Job Board
132,205,64.39,37.49,False,1,0,application: every Applications row,trailing 6m to 2026-09-14,Applications.Applied On,distinct person (name+phone),Applications.Referred By overrides Source,raw Source = Job Board
109,169,64.5,37.6,False,1,0,candidate: every Candidates record,calendar 2025,Candidates.Created On,distinct candidate record,Candidates.Source as recorded,raw Source = Job Board
133,206,64.56,37.66,False,1,0,application: every Applications row,trailing 6m to 2026-09-14,Applications.Applied On,distinct candidate record,Applications.Referred By overrides Source,raw Source = Job Board
179,277,64.62,37.72,False,1,0,application: every Applications row,2026 YTD to 2026-09-14,Applications.Applied On,distinct candidate+opening,Applications.Referred By overrides Source,raw Source = Job Board
44,68,64.71,37.81,False,1,0,application: every Applications row,calendar 2025,Applications.Applied On,distinct person (name+phone),Candidates.Source as recorded,raw Source = Job Board
46,71,64.79,37.89,False,1,0,application: every Applications row,calendar 2025,Applications.Applied On,distinct candidate+opening,Candidates.Source as recorded,raw Source = Job Board
15,23,65.22,38.32,False,13,2,hire started: Accepted and Proposed Start Date <= 2026-08-27 | hire started: Accepted and Proposed Start Date <= 2026-09-14 | hired: Applications.Stage = Hired | offer accepted: Offers.Status = Accepted | offer extended: any Offer record,all time | trailing 12m to 2026-08-27 | trailing 12m to 2026-09-14 | trailing 6m to 2026-08-27,Applications.Applied On | Offers.Offered On | Offers.Proposed Start Date | none (all time),distinct candidate record | distinct person (name+phone),Candidates.Source as recorded,bucket: Job Board + LinkedIn + Career Site
47,72,65.28,38.38,False,1,0,application: every Applications row,calendar 2025,Applications.Applied On,application rows,Candidates.Source as recorded,raw Source = Job Board
17,26,65.38,38.48,False,1,0,offer extended: any Offer record,2026 YTD to 2026-09-14,Offers.Offered On,distinct candidate record,Candidates.Source as recorded,bucket: Job Board + LinkedIn + Career Site
21,32,65.62,38.73,False,3,1,offer extended: any Offer record,all time | trailing 12m to 2026-08-27 | trailing 12m to 2026-09-14,Offers.Offered On | none (all time),distinct candidate record,Candidates.Source as recorded,bucket: Job Board + LinkedIn + Career Site
23,35,65.71,38.81,False,3,1,offer extended: any Offer record,all time | trailing 12m to 2026-08-27 | trailing 12m to 2026-09-14,Offers.Offered On | none (all time),distinct candidate+opening,Candidates.Source as recorded,bucket: Job Board + LinkedIn + Career Site
163,248,65.73,38.83,False,1,0,application: every Applications row,2026 YTD to 2026-09-14,Applications.Applied On,distinct person (name+phone),Candidates.Source as recorded,raw Source = Job Board
33,50,66.0,39.1,False,2,0,candidate: every Candidates record,trailing 3m to 2026-08-27,Candidates.Created On,distinct candidate record | distinct person (name+phone),Applications.Referred By overrides Source,bucket: Job Board + LinkedIn
167,253,66.01,39.11,False,1,0,application: every Applications row,2026 YTD to 2026-09-14,Applications.Applied On,distinct candidate record,Candidates.Source as recorded,raw Source = Job Board
152,230,66.09,39.19,False,2,0,application: every Applications row,trailing 6m to 2026-08-27,Applications.Applied On,application rows | distinct candidate+opening,Applications.Referred By overrides Source,raw Source = Job Board
150,225,66.67,39.77,False,2,0,application: every Applications row,trailing 6m to 2026-09-14,Applications.Applied On,application rows | distinct candidate+opening,Applications.Referred By overrides Source,raw Source = Job Board
140,210,66.67,39.77,False,1,0,application: every Applications row,trailing 6m to 2026-08-27,Applications.Applied On,distinct person (name+phone),Candidates.Source as recorded,raw Source = Job Board
58,87,66.67,39.77,False,1,0,candidate: every Candidates record,trailing 6m to 2026-09-14,Candidates.Created On,distinct candidate record,Applications.Referred By overrides Source,bucket: Job Board + LinkedIn
28,42,66.67,39.77,False,2,0,candidate: every Candidates record,trailing 3m to 2026-09-14,Candidates.Created On,distinct candidate record | distinct person (name+phone),Applications.Referred By overrides Source,bucket: Job Board + LinkedIn
16,24,66.67,39.77,False,11,2,hired: Applications.Stage = Hired | offer accepted: Offers.Status = Accepted,all time | trailing 12m to 2026-08-27 | trailing 12m to 2026-09-14,Applications.Applied On | Applications.Closed On | Offers.Decision On | Offers.Offered On | none (all time),distinct person (name+phone),Candidates.Source as recorded,bucket: Job Board + LinkedIn + Career Site
12,18,66.67,39.77,False,8,0,hire started: Accepted and Proposed Start Date <= 2026-08-27 | hire started: Accepted and Proposed Start Date <= 2026-09-14 | hired: Applications.Stage = Hired | offer accepted: Offers.Status = Accepted,2026 YTD to 2026-09-14,Offers.Proposed Start Date,distinct candidate record | distinct person (name+phone),Candidates.Source as recorded,bucket: Job Board + LinkedIn + Career Site
8,12,66.67,39.77,False,32,0,hire started: Accepted and Proposed Start Date <= 2026-08-27 | hire started: Accepted and Proposed Start Date <= 2026-09-14 | hired: Applications.Stage = Hired | offer accepted: Offers.Status = Accepted,trailing 3m to 2026-08-27,Offers.Proposed Start Date,application rows | distinct candidate record | distinct candidate+opening | distinct person (name+phone),Applications.Referred By overrides Source | Candidates.Source as recorded,bucket: Job Board + LinkedIn + Career Site
4,6,66.67,39.77,False,22,0,hired: Applications.Stage = Hired | offer accepted: Offers.Status = Accepted,calendar 2025,Offers.Decision On,application rows | distinct candidate record | distinct candidate+opening | distinct person (name+phone),Applications.Referred By overrides Source | Candidates.Source as recorded,bucket: Job Board + LinkedIn | bucket: Job Board + LinkedIn + Career Site | raw Source = Job Board
141,211,66.82,39.92,False,1,0,application: every Applications row,trailing 6m to 2026-08-27,Applications.Applied On,distinct candidate record,Candidates.Source as recorded,raw Source = Job Board
138,205,67.32,40.42,False,1,0,application: every Applications row,trailing 6m to 2026-09-14,Applications.Applied On,distinct person (name+phone),Candidates.Source as recorded,raw Source = Job Board
225,334,67.37,40.47,False,1,0,application: every Applications row,trailing 12m to 2026-08-27,Applications.Applied On,application rows,Candidates.Source as recorded,raw Source = Job Board
223,331,67.37,40.47,False,1,0,application: every Applications row,trailing 12m to 2026-08-27,Applications.Applied On,distinct candidate+opening,Candidates.Source as recorded,raw Source = Job Board
221,328,67.38,40.48,False,1,0,application: every Applications row,trailing 12m to 2026-09-14,Applications.Applied On,application rows,Candidates.Source as recorded,raw Source = Job Board
236,350,67.43,40.53,False,1,1,application: every Applications row,all time,none (all time),application rows,Candidates.Source as recorded,raw Source = Job Board
234,347,67.44,40.54,False,1,1,application: every Applications row,all time,none (all time),distinct candidate+opening,Candidates.Source as recorded,raw Source = Job Board
58,86,67.44,40.54,False,1,0,candidate: every Candidates record,trailing 6m to 2026-09-14,Candidates.Created On,distinct person (name+phone),Applications.Referred By overrides Source,bucket: Job Board + LinkedIn
220,326,67.48,40.58,False,1,0,application: every Applications row,trailing 12m to 2026-09-14,Applications.Applied On,distinct candidate+opening,Candidates.Source as recorded,raw Source = Job Board
139,206,67.48,40.58,False,1,0,application: every Applications row,trailing 6m to 2026-09-14,Applications.Applied On,distinct candidate record,Candidates.Source as recorded,raw Source = Job Board
21,31,67.74,40.84,False,3,1,offer extended: any Offer record,all time | trailing 12m to 2026-08-27 | trailing 12m to 2026-09-14,Offers.Offered On | none (all time),distinct person (name+phone),Candidates.Source as recorded,bucket: Job Board + LinkedIn + Career Site
189,278,67.99,41.09,False,1,0,application: every Applications row,2026 YTD to 2026-09-14,Applications.Applied On,application rows,Candidates.Source as recorded,raw Source = Job Board
189,277,68.23,41.33,False,1,0,application: every Applications row,2026 YTD to 2026-09-14,Applications.Applied On,distinct candidate+opening,Candidates.Source as recorded,raw Source = Job Board
62,90,68.89,41.99,False,1,0,candidate: every Candidates record,trailing 6m to 2026-08-27,Candidates.Created On,distinct candidate record,Applications.Referred By overrides Source,bucket: Job Board + LinkedIn
159,230,69.13,42.23,False,2,0,application: every Applications row,trailing 6m to 2026-08-27,Applications.Applied On,application rows | distinct candidate+opening,Candidates.Source as recorded,raw Source = Job Board
16,23,69.57,42.67,False,10,2,hire started: Accepted and Proposed Start Date <= 2026-08-27 | hire started: Accepted and Proposed Start Date <= 2026-09-14 | hired: Applications.Stage = Hired | offer accepted: Offers.Status = Accepted,all time | trailing 12m to 2026-08-27 | trailing 12m to 2026-09-14,Offers.Proposed Start Date | none (all time),distinct person (name+phone),Candidates.Source as recorded,bucket: Job Board + LinkedIn + Career Site
62,89,69.66,42.76,False,1,0,candidate: every Candidates record,trailing 6m to 2026-08-27,Candidates.Created On,distinct person (name+phone),Applications.Referred By overrides Source,bucket: Job Board + LinkedIn
157,225,69.78,42.88,False,2,0,application: every Applications row,trailing 6m to 2026-09-14,Applications.Applied On,application rows | distinct candidate+opening,Candidates.Source as recorded,raw Source = Job Board
116,166,69.88,42.98,False,1,0,candidate: every Candidates record,calendar 2025,Candidates.Created On,distinct person (name+phone),Applications.Referred By overrides Source,bucket: Job Board + LinkedIn
49,70,70.0,43.1,False,1,0,application: every Applications row,calendar 2025,Applications.Applied On,distinct candidate record,Candidates.Source as recorded,bucket: Job Board + LinkedIn
35,50,70.0,43.1,False,2,0,candidate: every Candidates record,trailing 3m to 2026-08-27,Candidates.Created On,distinct candidate record | distinct person (name+phone),Candidates.Source as recorded,bucket: Job Board + LinkedIn
7,10,70.0,43.1,False,8,0,hire started: Accepted and Proposed Start Date <= 2026-08-27,trailing 3m to 2026-09-14,Offers.Proposed Start Date,application rows | distinct candidate record | distinct candidate+opening | distinct person (name+phone),Applications.Referred By overrides Source | Candidates.Source as recorded,bucket: Job Board + LinkedIn + Career Site
206,294,70.07,43.17,False,2,2,application: every Applications row | candidate: every Candidates record,all time,none (all time),distinct person (name+phone),Applications.Referred By overrides Source,bucket: Job Board + LinkedIn
197,281,70.11,43.21,False,1,0,application: every Applications row,trailing 12m to 2026-08-27,Applications.Applied On,distinct person (name+phone),Applications.Referred By overrides Source,bucket: Job Board + LinkedIn
92,131,70.23,43.33,False,1,0,candidate: every Candidates record,2026 YTD to 2026-09-14,Candidates.Created On,distinct candidate record,Applications.Referred By overrides Source,bucket: Job Board + LinkedIn
211,300,70.33,43.43,False,2,2,application: every Applications row | candidate: every Candidates record,all time,none (all time),distinct candidate record,Applications.Referred By overrides Source,bucket: Job Board + LinkedIn
202,287,70.38,43.48,False,1,0,application: every Applications row,trailing 12m to 2026-08-27,Applications.Applied On,distinct candidate record,Applications.Referred By overrides Source,bucket: Job Board + LinkedIn
119,169,70.41,43.51,False,1,0,candidate: every Candidates record,calendar 2025,Candidates.Created On,distinct candidate record,Applications.Referred By overrides Source,bucket: Job Board + LinkedIn
50,71,70.42,43.52,False,2,0,application: every Applications row,calendar 2025,Applications.Applied On,distinct candidate+opening,Applications.Referred By overrides Source | Candidates.Source as recorded,bucket: Job Board + LinkedIn | bucket: Job Board + LinkedIn + Career Site
81,115,70.43,43.53,False,1,0,application: every Applications row,trailing 3m to 2026-08-27,Applications.Applied On,distinct person (name+phone),Applications.Referred By overrides Source,raw Source = Job Board
48,68,70.59,43.69,False,1,0,application: every Applications row,calendar 2025,Applications.Applied On,distinct person (name+phone),Candidates.Source as recorded,bucket: Job Board + LinkedIn
197,279,70.61,43.71,False,1,0,application: every Applications row,trailing 12m to 2026-09-14,Applications.Applied On,distinct person (name+phone),Applications.Referred By overrides Source,bucket: Job Board + LinkedIn
82,116,70.69,43.79,False,1,0,application: every Applications row,trailing 3m to 2026-08-27,Applications.Applied On,distinct candidate record,Applications.Referred By overrides Source,raw Source = Job Board
92,130,70.77,43.87,False,1,0,candidate: every Candidates record,2026 YTD to 2026-09-14,Candidates.Created On,distinct person (name+phone),Applications.Referred By overrides Source,bucket: Job Board + LinkedIn
51,72,70.83,43.93,False,2,0,application: every Applications row,calendar 2025,Applications.Applied On,application rows,Applications.Referred By overrides Source | Candidates.Source as recorded,bucket: Job Board + LinkedIn | bucket: Job Board + LinkedIn + Career Site
202,285,70.88,43.98,False,1,0,application: every Applications row,trailing 12m to 2026-09-14,Applications.Applied On,distinct candidate record,Applications.Referred By overrides Source,bucket: Job Board + LinkedIn
250,350,71.43,44.53,False,1,1,application: every Applications row,all time,none (all time),application rows,Applications.Referred By overrides Source,bucket: Job Board + LinkedIn
135,189,71.43,44.53,False,1,0,candidate: every Candidates record,trailing 12m to 2026-08-27,Candidates.Created On,distinct candidate record,Applications.Referred By overrides Source,bucket: Job Board + LinkedIn
50,70,71.43,44.53,False,1,0,application: every Applications row,calendar 2025,Applications.Applied On,distinct candidate record,Applications.Referred By overrides Source,bucket: Job Board + LinkedIn + Career Site
30,42,71.43,44.53,False,2,0,candidate: every Candidates record,trailing 3m to 2026-09-14,Candidates.Created On,distinct candidate record | distinct person (name+phone),Candidates.Source as recorded,bucket: Job Board + LinkedIn
5,7,71.43,44.53,False,12,0,hired: Applications.Stage = Hired | offer accepted: Offers.Status = Accepted,calendar 2025,Applications.Closed On | Offers.Offered On,application rows | distinct candidate record | distinct candidate+opening | distinct person (name+phone),Applications.Referred By overrides Source | Candidates.Source as recorded,bucket: Job Board + LinkedIn | bucket: Job Board + LinkedIn + Career Site | raw Source = Job Board
248,347,71.47,44.57,False,1,1,application: every Applications row,all time,none (all time),distinct candidate+opening,Applications.Referred By overrides Source,bucket: Job Board + LinkedIn
239,334,71.56,44.66,False,1,0,application: every Applications row,trailing 12m to 2026-08-27,Applications.Applied On,application rows,Applications.Referred By overrides Source,bucket: Job Board + LinkedIn
131,183,71.58,44.68,False,1,0,candidate: every Candidates record,trailing 12m to 2026-09-14,Candidates.Created On,distinct candidate record,Applications.Referred By overrides Source,bucket: Job Board + LinkedIn
237,331,71.6,44.7,False,1,0,application: every Applications row,trailing 12m to 2026-08-27,Applications.Applied On,distinct candidate+opening,Applications.Referred By overrides Source,bucket: Job Board + LinkedIn
135,188,71.81,44.91,False,1,0,candidate: every Candidates record,trailing 12m to 2026-08-27,Candidates.Created On,distinct person (name+phone),Applications.Referred By overrides Source,bucket: Job Board + LinkedIn
236,328,71.95,45.05,False,1,0,application: every Applications row,trailing 12m to 2026-09-14,Applications.Applied On,application rows,Applications.Referred By overrides Source,bucket: Job Board + LinkedIn
131,182,71.98,45.08,False,1,0,candidate: every Candidates record,trailing 12m to 2026-09-14,Candidates.Created On,distinct person (name+phone),Applications.Referred By overrides Source,bucket: Job Board + LinkedIn
49,68,72.06,45.16,False,1,0,application: every Applications row,calendar 2025,Applications.Applied On,distinct person (name+phone),Applications.Referred By overrides Source,bucket: Job Board + LinkedIn + Career Site
235,326,72.09,45.19,False,1,0,application: every Applications row,trailing 12m to 2026-09-14,Applications.Applied On,distinct candidate+opening,Applications.Referred By overrides Source,bucket: Job Board + LinkedIn
88,122,72.13,45.23,False,2,0,application: every Applications row,trailing 3m to 2026-08-27,Applications.Applied On,application rows | distinct candidate+opening,Applications.Referred By overrides Source,raw Source = Job Board
63,87,72.41,45.51,False,1,0,candidate: every Candidates record,trailing 6m to 2026-09-14,Candidates.Created On,distinct candidate record,Candidates.Source as recorded,bucket: Job Board + LinkedIn
51,70,72.86,45.96,False,2,0,application: every Applications row,trailing 3m to 2026-09-14,Applications.Applied On,distinct candidate record | distinct person (name+phone),Applications.Referred By overrides Source,raw Source = Job Board
121,166,72.89,45.99,False,1,0,candidate: every Candidates record,calendar 2025,Candidates.Created On,distinct person (name+phone),Candidates.Source as recorded,bucket: Job Board + LinkedIn
84,115,73.04,46.14,False,1,0,application: every Applications row,trailing 3m to 2026-08-27,Applications.Applied On,distinct person (name+phone),Candidates.Source as recorded,raw Source = Job Board
63,86,73.26,46.36,False,1,0,candidate: every Candidates record,trailing 6m to 2026-09-14,Candidates.Created On,distinct person (name+phone),Candidates.Source as recorded,bucket: Job Board + LinkedIn
85,116,73.28,46.38,False,1,0,application: every Applications row,trailing 3m to 2026-08-27,Applications.Applied On,distinct candidate record,Candidates.Source as recorded,raw Source = Job Board
124,169,73.37,46.47,False,1,0,candidate: every Candidates record,calendar 2025,Candidates.Created On,distinct candidate record,Candidates.Source as recorded,bucket: Job Board + LinkedIn
182,248,73.39,46.49,False,1,0,application: every Applications row,2026 YTD to 2026-09-14,Applications.Applied On,distinct person (name+phone),Applications.Referred By overrides Source,bucket: Job Board + LinkedIn
186,253,73.52,46.62,False,1,0,application: every Applications row,2026 YTD to 2026-09-14,Applications.Applied On,distinct candidate record,Applications.Referred By overrides Source,bucket: Job Board + LinkedIn
217,294,73.81,46.91,False,2,2,application: every Applications row | candidate: every Candidates record,all time,none (all time),distinct person (name+phone),Candidates.Source as recorded,bucket: Job Board + LinkedIn
54,73,73.97,47.07,False,2,0,application: every Applications row,trailing 3m to 2026-09-14,Applications.Applied On,application rows | distinct candidate+opening,Applications.Referred By overrides Source,raw Source = Job Board
222,300,74.0,47.1,False,2,2,application: every Applications row | candidate: every Candidates record,all time,none (all time),distinct candidate record,Candidates.Source as recorded,bucket: Job Board + LinkedIn
208,281,74.02,47.12,False,1,0,application: every Applications row,trailing 12m to 2026-08-27,Applications.Applied On,distinct person (name+phone),Candidates.Source as recorded,bucket: Job Board + LinkedIn
206,278,74.1,47.2,False,1,0,application: every Applications row,2026 YTD to 2026-09-14,Applications.Applied On,application rows,Applications.Referred By overrides Source,bucket: Job Board + LinkedIn
213,287,74.22,47.32,False,1,0,application: every Applications row,trailing 12m to 2026-08-27,Applications.Applied On,distinct candidate record,Candidates.Source as recorded,bucket: Job Board + LinkedIn
206,277,74.37,47.47,False,1,0,application: every Applications row,2026 YTD to 2026-09-14,Applications.Applied On,distinct candidate+opening,Applications.Referred By overrides Source,bucket: Job Board + LinkedIn
67,90,74.44,47.54,False,1,0,candidate: every Candidates record,trailing 6m to 2026-08-27,Candidates.Created On,distinct candidate record,Candidates.Source as recorded,bucket: Job Board + LinkedIn
208,279,74.55,47.65,False,1,0,application: every Applications row,trailing 12m to 2026-09-14,Applications.Applied On,distinct person (name+phone),Candidates.Source as recorded,bucket: Job Board + LinkedIn
91,122,74.59,47.69,False,2,0,application: every Applications row,trailing 3m to 2026-08-27,Applications.Applied On,application rows | distinct candidate+opening,Candidates.Source as recorded,raw Source = Job Board
213,285,74.74,47.84,False,1,0,application: every Applications row,trailing 12m to 2026-09-14,Applications.Applied On,distinct candidate record,Candidates.Source as recorded,bucket: Job Board + LinkedIn
157,210,74.76,47.86,False,1,0,application: every Applications row,trailing 6m to 2026-08-27,Applications.Applied On,distinct person (name+phone),Applications.Referred By overrides Source,bucket: Job Board + LinkedIn
98,131,74.81,47.91,False,1,0,candidate: every Candidates record,2026 YTD to 2026-09-14,Candidates.Created On,distinct candidate record,Candidates.Source as recorded,bucket: Job Board + LinkedIn
158,211,74.88,47.98,False,1,0,application: every Applications row,trailing 6m to 2026-08-27,Applications.Applied On,distinct candidate record,Applications.Referred By overrides Source,bucket: Job Board + LinkedIn
6,8,75.0,48.1,False,11,0,hired: Applications.Stage = Hired | offer extended: any Offer record,calendar 2025,Applications.Applied On | Offers.Offered On,application rows | distinct candidate record | distinct candidate+opening | distinct person (name+phone),Applications.Referred By overrides Source | Candidates.Source as recorded,bucket: Job Board + LinkedIn | bucket: Job Board + LinkedIn + Career Site | raw Source = Job Board
154,205,75.12,48.22,False,1,0,application: every Applications row,trailing 6m to 2026-09-14,Applications.Applied On,distinct person (name+phone),Applications.Referred By overrides Source,bucket: Job Board + LinkedIn
155,206,75.24,48.34,False,1,0,application: every Applications row,trailing 6m to 2026-09-14,Applications.Applied On,distinct candidate record,Applications.Referred By overrides Source,bucket: Job Board + LinkedIn
67,89,75.28,48.38,False,1,0,candidate: every Candidates record,trailing 6m to 2026-08-27,Candidates.Created On,distinct person (name+phone),Candidates.Source as recorded,bucket: Job Board + LinkedIn
98,130,75.38,48.48,False,1,0,candidate: every Candidates record,2026 YTD to 2026-09-14,Candidates.Created On,distinct person (name+phone),Candidates.Source as recorded,bucket: Job Board + LinkedIn
143,189,75.66,48.76,False,1,0,candidate: every Candidates record,trailing 12m to 2026-08-27,Candidates.Created On,distinct candidate record,Candidates.Source as recorded,bucket: Job Board + LinkedIn
53,70,75.71,48.81,False,2,0,application: every Applications row,trailing 3m to 2026-09-14,Applications.Applied On,distinct candidate record | distinct person (name+phone),Candidates.Source as recorded,raw Source = Job Board
66,87,75.86,48.96,False,1,0,candidate: every Candidates record,trailing 6m to 2026-09-14,Candidates.Created On,distinct candidate record,Applications.Referred By overrides Source,bucket: Job Board + LinkedIn + Career Site
139,183,75.96,49.06,False,1,0,candidate: every Candidates record,trailing 12m to 2026-09-14,Candidates.Created On,distinct candidate record,Candidates.Source as recorded,bucket: Job Board + LinkedIn
38,50,76.0,49.1,False,2,0,candidate: every Candidates record,trailing 3m to 2026-08-27,Candidates.Created On,distinct candidate record | distinct person (name+phone),Applications.Referred By overrides Source,bucket: Job Board + LinkedIn + Career Site
143,188,76.06,49.16,False,1,0,candidate: every Candidates record,trailing 12m to 2026-08-27,Candidates.Created On,distinct person (name+phone),Candidates.Source as recorded,bucket: Job Board + LinkedIn
175,230,76.09,49.19,False,2,0,application: every Applications row,trailing 6m to 2026-08-27,Applications.Applied On,application rows | distinct candidate+opening,Applications.Referred By overrides Source,bucket: Job Board + LinkedIn
267,350,76.29,49.39,False,1,1,application: every Applications row,all time,none (all time),application rows,Candidates.Source as recorded,bucket: Job Board + LinkedIn
255,334,76.35,49.45,False,1,0,application: every Applications row,trailing 12m to 2026-08-27,Applications.Applied On,application rows,Candidates.Source as recorded,bucket: Job Board + LinkedIn
265,347,76.37,49.47,False,1,1,application: every Applications row,all time,none (all time),distinct candidate+opening,Candidates.Source as recorded,bucket: Job Board + LinkedIn
139,182,76.37,49.47,False,1,0,candidate: every Candidates record,trailing 12m to 2026-09-14,Candidates.Created On,distinct person (name+phone),Candidates.Source as recorded,bucket: Job Board + LinkedIn
253,331,76.44,49.54,False,1,0,application: every Applications row,trailing 12m to 2026-08-27,Applications.Applied On,distinct candidate+opening,Candidates.Source as recorded,bucket: Job Board + LinkedIn
172,225,76.44,49.54,False,2,0,application: every Applications row,trailing 6m to 2026-09-14,Applications.Applied On,application rows | distinct candidate+opening,Applications.Referred By overrides Source,bucket: Job Board + LinkedIn
251,328,76.52,49.62,False,1,0,application: every Applications row,trailing 12m to 2026-09-14,Applications.Applied On,application rows,Candidates.Source as recorded,bucket: Job Board + LinkedIn
190,248,76.61,49.71,False,1,0,application: every Applications row,2026 YTD to 2026-09-14,Applications.Applied On,distinct person (name+phone),Candidates.Source as recorded,bucket: Job Board + LinkedIn
69,90,76.67,49.77,False,1,0,candidate: every Candidates record,trailing 6m to 2026-08-27,Candidates.Created On,distinct candidate record,Applications.Referred By overrides Source,bucket: Job Board + LinkedIn + Career Site
194,253,76.68,49.78,False,1,0,application: every Applications row,2026 YTD to 2026-09-14,Applications.Applied On,distinct candidate record,Candidates.Source as recorded,bucket: Job Board + LinkedIn
250,326,76.69,49.79,False,1,0,application: every Applications row,trailing 12m to 2026-09-14,Applications.Applied On,distinct candidate+opening,Candidates.Source as recorded,bucket: Job Board + LinkedIn
56,73,76.71,49.81,False,2,0,application: every Applications row,trailing 3m to 2026-09-14,Applications.Applied On,application rows | distinct candidate+opening,Candidates.Source as recorded,raw Source = Job Board
66,86,76.74,49.84,False,1,0,candidate: every Candidates record,trailing 6m to 2026-09-14,Candidates.Created On,distinct person (name+phone),Applications.Referred By overrides Source,bucket: Job Board + LinkedIn + Career Site
69,89,77.53,50.63,False,1,0,candidate: every Candidates record,trailing 6m to 2026-08-27,Candidates.Created On,distinct person (name+phone),Applications.Referred By overrides Source,bucket: Job Board + LinkedIn + Career Site
163,210,77.62,50.72,False,1,0,application: every Applications row,trailing 6m to 2026-08-27,Applications.Applied On,distinct person (name+phone),Candidates.Source as recorded,bucket: Job Board + LinkedIn
216,278,77.7,50.8,False,1,0,application: every Applications row,2026 YTD to 2026-09-14,Applications.Applied On,application rows,Candidates.Source as recorded,bucket: Job Board + LinkedIn
164,211,77.73,50.83,False,1,0,application: every Applications row,trailing 6m to 2026-08-27,Applications.Applied On,distinct candidate record,Candidates.Source as recorded,bucket: Job Board + LinkedIn
102,131,77.86,50.96,False,1,0,candidate: every Candidates record,2026 YTD to 2026-09-14,Candidates.Created On,distinct candidate record,Applications.Referred By overrides Source,bucket: Job Board + LinkedIn + Career Site
216,277,77.98,51.08,False,1,0,application: every Applications row,2026 YTD to 2026-09-14,Applications.Applied On,distinct candidate+opening,Candidates.Source as recorded,bucket: Job Board + LinkedIn
160,205,78.05,51.15,False,1,0,application: every Applications row,trailing 6m to 2026-09-14,Applications.Applied On,distinct person (name+phone),Candidates.Source as recorded,bucket: Job Board + LinkedIn
161,206,78.16,51.26,False,1,0,application: every Applications row,trailing 6m to 2026-09-14,Applications.Applied On,distinct candidate record,Candidates.Source as recorded,bucket: Job Board + LinkedIn
148,189,78.31,51.41,False,1,0,candidate: every Candidates record,trailing 12m to 2026-08-27,Candidates.Created On,distinct candidate record,Applications.Referred By overrides Source,bucket: Job Board + LinkedIn + Career Site
102,130,78.46,51.56,False,1,0,candidate: every Candidates record,2026 YTD to 2026-09-14,Candidates.Created On,distinct person (name+phone),Applications.Referred By overrides Source,bucket: Job Board + LinkedIn + Career Site
33,42,78.57,51.67,False,2,0,candidate: every Candidates record,trailing 3m to 2026-09-14,Candidates.Created On,distinct candidate record | distinct person (name+phone),Applications.Referred By overrides Source,bucket: Job Board + LinkedIn + Career Site
148,188,78.72,51.82,False,1,0,candidate: every Candidates record,trailing 12m to 2026-08-27,Candidates.Created On,distinct person (name+phone),Applications.Referred By overrides Source,bucket: Job Board + LinkedIn + Career Site
182,230,79.13,52.23,False,2,0,application: every Applications row,trailing 6m to 2026-08-27,Applications.Applied On,application rows | distinct candidate+opening,Candidates.Source as recorded,bucket: Job Board + LinkedIn
91,115,79.13,52.23,False,1,0,application: every Applications row,trailing 3m to 2026-08-27,Applications.Applied On,distinct person (name+phone),Applications.Referred By overrides Source,bucket: Job Board + LinkedIn
145,183,79.23,52.33,False,1,0,candidate: every Candidates record,trailing 12m to 2026-09-14,Candidates.Created On,distinct candidate record,Applications.Referred By overrides Source,bucket: Job Board + LinkedIn + Career Site
92,116,79.31,52.41,False,1,0,application: every Applications row,trailing 3m to 2026-08-27,Applications.Applied On,distinct candidate record,Applications.Referred By overrides Source,bucket: Job Board + LinkedIn
278,350,79.43,52.53,False,1,1,application: every Applications row,all time,none (all time),application rows,Applications.Referred By overrides Source,bucket: Job Board + LinkedIn + Career Site
276,347,79.54,52.64,False,1,1,application: every Applications row,all time,none (all time),distinct candidate+opening,Applications.Referred By overrides Source,bucket: Job Board + LinkedIn + Career Site
179,225,79.56,52.66,False,2,0,application: every Applications row,trailing 6m to 2026-09-14,Applications.Applied On,application rows | distinct candidate+opening,Candidates.Source as recorded,bucket: Job Board + LinkedIn
234,294,79.59,52.69,False,2,2,application: every Applications row | candidate: every Candidates record,all time,none (all time),distinct person (name+phone),Applications.Referred By overrides Source,bucket: Job Board + LinkedIn + Career Site
266,334,79.64,52.74,False,1,0,application: every Applications row,trailing 12m to 2026-08-27,Applications.Applied On,application rows,Applications.Referred By overrides Source,bucket: Job Board + LinkedIn + Career Site
239,300,79.67,52.77,False,2,2,application: every Applications row | candidate: every Candidates record,all time,none (all time),distinct candidate record,Applications.Referred By overrides Source,bucket: Job Board + LinkedIn + Career Site
145,182,79.67,52.77,False,1,0,candidate: every Candidates record,trailing 12m to 2026-09-14,Candidates.Created On,distinct person (name+phone),Applications.Referred By overrides Source,bucket: Job Board + LinkedIn + Career Site
224,281,79.72,52.82,False,1,0,application: every Applications row,trailing 12m to 2026-08-27,Applications.Applied On,distinct person (name+phone),Applications.Referred By overrides Source,bucket: Job Board + LinkedIn + Career Site
264,331,79.76,52.86,False,1,0,application: every Applications row,trailing 12m to 2026-08-27,Applications.Applied On,distinct candidate+opening,Applications.Referred By overrides Source,bucket: Job Board + LinkedIn + Career Site
229,287,79.79,52.89,False,1,0,application: every Applications row,trailing 12m to 2026-08-27,Applications.Applied On,distinct candidate record,Applications.Referred By overrides Source,bucket: Job Board + LinkedIn + Career Site
40,50,80.0,53.1,False,2,0,candidate: every Candidates record,trailing 3m to 2026-08-27,Candidates.Created On,distinct candidate record | distinct person (name+phone),Candidates.Source as recorded,bucket: Job Board + LinkedIn + Career Site
4,5,80.0,53.1,False,12,0,hire started: Accepted and Proposed Start Date <= 2026-08-27 | hire started: Accepted and Proposed Start Date <= 2026-09-14 | hired: Applications.Stage = Hired | offer accepted: Offers.Status = Accepted,calendar 2025,Offers.Proposed Start Date,distinct person (name+phone),Candidates.Source as recorded,bucket: Job Board + LinkedIn | bucket: Job Board + LinkedIn + Career Site | raw Source = Job Board
263,328,80.18,53.28,False,1,0,application: every Applications row,trailing 12m to 2026-09-14,Applications.Applied On,application rows,Applications.Referred By overrides Source,bucket: Job Board + LinkedIn + Career Site
224,279,80.29,53.39,False,1,0,application: every Applications row,trailing 12m to 2026-09-14,Applications.Applied On,distinct person (name+phone),Applications.Referred By overrides Source,bucket: Job Board + LinkedIn + Career Site
98,122,80.33,53.43,False,2,0,application: every Applications row,trailing 3m to 2026-08-27,Applications.Applied On,application rows | distinct candidate+opening,Applications.Referred By overrides Source,bucket: Job Board + LinkedIn
229,285,80.35,53.45,False,1,0,application: every Applications row,trailing 12m to 2026-09-14,Applications.Applied On,distinct candidate record,Applications.Referred By overrides Source,bucket: Job Board + LinkedIn + Career Site
262,326,80.37,53.47,False,1,0,application: every Applications row,trailing 12m to 2026-09-14,Applications.Applied On,distinct candidate+opening,Applications.Referred By overrides Source,bucket: Job Board + LinkedIn + Career Site
134,166,80.72,53.82,False,1,0,candidate: every Candidates record,calendar 2025,Candidates.Created On,distinct person (name+phone),Applications.Referred By overrides Source,bucket: Job Board + LinkedIn + Career Site
137,169,81.07,54.17,False,1,0,candidate: every Candidates record,calendar 2025,Candidates.Created On,distinct candidate record,Applications.Referred By overrides Source,bucket: Job Board + LinkedIn + Career Site
57,70,81.43,54.53,False,1,0,application: every Applications row,calendar 2025,Applications.Applied On,distinct candidate record,Candidates.Source as recorded,bucket: Job Board + LinkedIn + Career Site
227,278,81.65,54.75,False,1,0,application: every Applications row,2026 YTD to 2026-09-14,Applications.Applied On,application rows,Applications.Referred By overrides Source,bucket: Job Board + LinkedIn + Career Site
58,71,81.69,54.79,False,1,0,application: every Applications row,calendar 2025,Applications.Applied On,distinct candidate+opening,Candidates.Source as recorded,bucket: Job Board + LinkedIn + Career Site
94,115,81.74,54.84,False,1,0,application: every Applications row,trailing 3m to 2026-08-27,Applications.Applied On,distinct person (name+phone),Candidates.Source as recorded,bucket: Job Board + LinkedIn
207,253,81.82,54.92,False,1,0,application: every Applications row,2026 YTD to 2026-09-14,Applications.Applied On,distinct candidate record,Applications.Referred By overrides Source,bucket: Job Board + LinkedIn + Career Site
203,248,81.85,54.95,False,1,0,application: every Applications row,2026 YTD to 2026-09-14,Applications.Applied On,distinct person (name+phone),Applications.Referred By overrides Source,bucket: Job Board + LinkedIn + Career Site
95,116,81.9,55.0,False,1,0,application: every Applications row,trailing 3m to 2026-08-27,Applications.Applied On,distinct candidate record,Candidates.Source as recorded,bucket: Job Board + LinkedIn
59,72,81.94,55.04,False,1,0,application: every Applications row,calendar 2025,Applications.Applied On,application rows,Candidates.Source as recorded,bucket: Job Board + LinkedIn + Career Site
227,277,81.95,55.05,False,1,0,application: every Applications row,2026 YTD to 2026-09-14,Applications.Applied On,distinct candidate+opening,Applications.Referred By overrides Source,bucket: Job Board + LinkedIn + Career Site
56,68,82.35,55.45,False,1,0,application: every Applications row,calendar 2025,Applications.Applied On,distinct person (name+phone),Candidates.Source as recorded,bucket: Job Board + LinkedIn + Career Site
72,87,82.76,55.86,False,1,0,candidate: every Candidates record,trailing 6m to 2026-09-14,Candidates.Created On,distinct candidate record,Candidates.Source as recorded,bucket: Job Board + LinkedIn + Career Site
101,122,82.79,55.89,False,2,0,application: every Applications row,trailing 3m to 2026-08-27,Applications.Applied On,application rows | distinct candidate+opening,Candidates.Source as recorded,bucket: Job Board + LinkedIn
174,210,82.86,55.96,False,1,0,application: every Applications row,trailing 6m to 2026-08-27,Applications.Applied On,distinct person (name+phone),Applications.Referred By overrides Source,bucket: Job Board + LinkedIn + Career Site
58,70,82.86,55.96,False,2,0,application: every Applications row,trailing 3m to 2026-09-14,Applications.Applied On,distinct candidate record | distinct person (name+phone),Applications.Referred By overrides Source,bucket: Job Board + LinkedIn
175,211,82.94,56.04,False,1,0,application: every Applications row,trailing 6m to 2026-08-27,Applications.Applied On,distinct candidate record,Applications.Referred By overrides Source,bucket: Job Board + LinkedIn + Career Site
157,189,83.07,56.17,False,1,0,candidate: every Candidates record,trailing 12m to 2026-08-27,Candidates.Created On,distinct candidate record,Candidates.Source as recorded,bucket: Job Board + LinkedIn + Career Site
109,131,83.21,56.31,False,1,0,candidate: every Candidates record,2026 YTD to 2026-09-14,Candidates.Created On,distinct candidate record,Candidates.Source as recorded,bucket: Job Board + LinkedIn + Career Site
75,90,83.33,56.43,False,1,0,candidate: every Candidates record,trailing 6m to 2026-08-27,Candidates.Created On,distinct candidate record,Candidates.Source as recorded,bucket: Job Board + LinkedIn + Career Site
35,42,83.33,56.43,False,2,0,candidate: every Candidates record,trailing 3m to 2026-09-14,Candidates.Created On,distinct candidate record | distinct person (name+phone),Candidates.Source as recorded,bucket: Job Board + LinkedIn + Career Site
5,6,83.33,56.43,False,12,0,hired: Applications.Stage = Hired | offer accepted: Offers.Status = Accepted,calendar 2025,Offers.Decision On,application rows | distinct candidate record | distinct candidate+opening | distinct person (name+phone),Applications.Referred By overrides Source | Candidates.Source as recorded,bucket: Job Board + LinkedIn | bucket: Job Board + LinkedIn + Career Site | raw Source = Job Board
171,205,83.41,56.51,False,1,0,application: every Applications row,trailing 6m to 2026-09-14,Applications.Applied On,distinct person (name+phone),Applications.Referred By overrides Source,bucket: Job Board + LinkedIn + Career Site
192,230,83.48,56.58,False,2,0,application: every Applications row,trailing 6m to 2026-08-27,Applications.Applied On,application rows | distinct candidate+opening,Applications.Referred By overrides Source,bucket: Job Board + LinkedIn + Career Site
172,206,83.5,56.6,False,1,0,application: every Applications row,trailing 6m to 2026-09-14,Applications.Applied On,distinct candidate record,Applications.Referred By overrides Source,bucket: Job Board + LinkedIn + Career Site
157,188,83.51,56.61,False,1,0,candidate: every Candidates record,trailing 12m to 2026-08-27,Candidates.Created On,distinct person (name+phone),Candidates.Source as recorded,bucket: Job Board + LinkedIn + Career Site
61,73,83.56,56.66,False,2,0,application: every Applications row,trailing 3m to 2026-09-14,Applications.Applied On,application rows | distinct candidate+opening,Applications.Referred By overrides Source,bucket: Job Board + LinkedIn
72,86,83.72,56.82,False,1,0,candidate: every Candidates record,trailing 6m to 2026-09-14,Candidates.Created On,distinct person (name+phone),Candidates.Source as recorded,bucket: Job Board + LinkedIn + Career Site
109,130,83.85,56.95,False,1,0,candidate: every Candidates record,2026 YTD to 2026-09-14,Candidates.Created On,distinct person (name+phone),Candidates.Source as recorded,bucket: Job Board + LinkedIn + Career Site
189,225,84.0,57.1,False,2,0,application: every Applications row,trailing 6m to 2026-09-14,Applications.Applied On,application rows | distinct candidate+opening,Applications.Referred By overrides Source,bucket: Job Board + LinkedIn + Career Site
154,183,84.15,57.25,False,1,0,candidate: every Candidates record,trailing 12m to 2026-09-14,Candidates.Created On,distinct candidate record,Candidates.Source as recorded,bucket: Job Board + LinkedIn + Career Site
75,89,84.27,57.37,False,1,0,candidate: every Candidates record,trailing 6m to 2026-08-27,Candidates.Created On,distinct person (name+phone),Candidates.Source as recorded,bucket: Job Board + LinkedIn + Career Site
242,287,84.32,57.42,False,1,0,application: every Applications row,trailing 12m to 2026-08-27,Applications.Applied On,distinct candidate record,Candidates.Source as recorded,bucket: Job Board + LinkedIn + Career Site
253,300,84.33,57.43,False,2,2,application: every Applications row | candidate: every Candidates record,all time,none (all time),distinct candidate record,Candidates.Source as recorded,bucket: Job Board + LinkedIn + Career Site
237,281,84.34,57.44,False,1,0,application: every Applications row,trailing 12m to 2026-08-27,Applications.Applied On,distinct person (name+phone),Candidates.Source as recorded,bucket: Job Board + LinkedIn + Career Site
248,294,84.35,57.45,False,2,2,application: every Applications row | candidate: every Candidates record,all time,none (all time),distinct person (name+phone),Candidates.Source as recorded,bucket: Job Board + LinkedIn + Career Site
154,182,84.62,57.72,False,1,0,candidate: every Candidates record,trailing 12m to 2026-09-14,Candidates.Created On,distinct person (name+phone),Candidates.Source as recorded,bucket: Job Board + LinkedIn + Career Site
242,285,84.91,58.01,False,1,0,application: every Applications row,trailing 12m to 2026-09-14,Applications.Applied On,distinct candidate record,Candidates.Source as recorded,bucket: Job Board + LinkedIn + Career Site
141,166,84.94,58.04,False,1,0,candidate: every Candidates record,calendar 2025,Candidates.Created On,distinct person (name+phone),Candidates.Source as recorded,bucket: Job Board + LinkedIn + Career Site
237,279,84.95,58.05,False,1,0,application: every Applications row,trailing 12m to 2026-09-14,Applications.Applied On,distinct person (name+phone),Candidates.Source as recorded,bucket: Job Board + LinkedIn + Career Site
284,334,85.03,58.13,False,1,0,application: every Applications row,trailing 12m to 2026-08-27,Applications.Applied On,application rows,Candidates.Source as recorded,bucket: Job Board + LinkedIn + Career Site
298,350,85.14,58.24,False,1,1,application: every Applications row,all time,none (all time),application rows,Candidates.Source as recorded,bucket: Job Board + LinkedIn + Career Site
282,331,85.2,58.3,False,1,0,application: every Applications row,trailing 12m to 2026-08-27,Applications.Applied On,distinct candidate+opening,Candidates.Source as recorded,bucket: Job Board + LinkedIn + Career Site
144,169,85.21,58.31,False,1,0,candidate: every Candidates record,calendar 2025,Candidates.Created On,distinct candidate record,Candidates.Source as recorded,bucket: Job Board + LinkedIn + Career Site
296,347,85.3,58.4,False,1,1,application: every Applications row,all time,none (all time),distinct candidate+opening,Candidates.Source as recorded,bucket: Job Board + LinkedIn + Career Site
280,328,85.37,58.47,False,1,0,application: every Applications row,trailing 12m to 2026-09-14,Applications.Applied On,application rows,Candidates.Source as recorded,bucket: Job Board + LinkedIn + Career Site
279,326,85.58,58.68,False,1,0,application: every Applications row,trailing 12m to 2026-09-14,Applications.Applied On,distinct candidate+opening,Candidates.Source as recorded,bucket: Job Board + LinkedIn + Career Site
180,210,85.71,58.81,False,1,0,application: every Applications row,trailing 6m to 2026-08-27,Applications.Applied On,distinct person (name+phone),Candidates.Source as recorded,bucket: Job Board + LinkedIn + Career Site
60,70,85.71,58.81,False,2,0,application: every Applications row,trailing 3m to 2026-09-14,Applications.Applied On,distinct candidate record | distinct person (name+phone),Candidates.Source as recorded,bucket: Job Board + LinkedIn
6,7,85.71,58.81,False,2,0,hired: Applications.Stage = Hired | offer accepted: Offers.Status = Accepted,calendar 2025,Applications.Closed On | Offers.Offered On,distinct person (name+phone),Candidates.Source as recorded,bucket: Job Board + LinkedIn + Career Site
217,253,85.77,58.87,False,1,0,application: every Applications row,2026 YTD to 2026-09-14,Applications.Applied On,distinct candidate record,Candidates.Source as recorded,bucket: Job Board + LinkedIn + Career Site
181,211,85.78,58.88,False,1,0,application: every Applications row,trailing 6m to 2026-08-27,Applications.Applied On,distinct candidate record,Candidates.Source as recorded,bucket: Job Board + LinkedIn + Career Site
213,248,85.89,58.99,False,1,0,application: every Applications row,2026 YTD to 2026-09-14,Applications.Applied On,distinct person (name+phone),Candidates.Source as recorded,bucket: Job Board + LinkedIn + Career Site
239,278,85.97,59.07,False,1,0,application: every Applications row,2026 YTD to 2026-09-14,Applications.Applied On,application rows,Candidates.Source as recorded,bucket: Job Board + LinkedIn + Career Site
239,277,86.28,59.38,False,1,0,application: every Applications row,2026 YTD to 2026-09-14,Applications.Applied On,distinct candidate+opening,Candidates.Source as recorded,bucket: Job Board + LinkedIn + Career Site
63,73,86.3,59.4,False,2,0,application: every Applications row,trailing 3m to 2026-09-14,Applications.Applied On,application rows | distinct candidate+opening,Candidates.Source as recorded,bucket: Job Board + LinkedIn
177,205,86.34,59.44,False,1,0,application: every Applications row,trailing 6m to 2026-09-14,Applications.Applied On,distinct person (name+phone),Candidates.Source as recorded,bucket: Job Board + LinkedIn + Career Site
178,206,86.41,59.51,False,1,0,application: every Applications row,trailing 6m to 2026-09-14,Applications.Applied On,distinct candidate record,Candidates.Source as recorded,bucket: Job Board + LinkedIn + Career Site
199,230,86.52,59.62,False,2,0,application: every Applications row,trailing 6m to 2026-08-27,Applications.Applied On,application rows | distinct candidate+opening,Candidates.Source as recorded,bucket: Job Board + LinkedIn + Career Site
196,225,87.11,60.21,False,2,0,application: every Applications row,trailing 6m to 2026-09-14,Applications.Applied On,application rows | distinct candidate+opening,Candidates.Source as recorded,bucket: Job Board + LinkedIn + Career Site
7,8,87.5,60.6,False,2,0,hired: Applications.Stage = Hired | offer extended: any Offer record,calendar 2025,Applications.Applied On | Offers.Offered On,distinct person (name+phone),Candidates.Source as recorded,bucket: Job Board + LinkedIn + Career Site
101,115,87.83,60.93,False,1,0,application: every Applications row,trailing 3m to 2026-08-27,Applications.Applied On,distinct person (name+phone),Applications.Referred By overrides Source,bucket: Job Board + LinkedIn + Career Site
102,116,87.93,61.03,False,1,0,application: every Applications row,trailing 3m to 2026-08-27,Applications.Applied On,distinct candidate record,Applications.Referred By overrides Source,bucket: Job Board + LinkedIn + Career Site
108,122,88.52,61.62,False,2,0,application: every Applications row,trailing 3m to 2026-08-27,Applications.Applied On,application rows | distinct candidate+opening,Applications.Referred By overrides Source,bucket: Job Board + LinkedIn + Career Site
104,115,90.43,63.53,False,1,0,application: every Applications row,trailing 3m to 2026-08-27,Applications.Applied On,distinct person (name+phone),Candidates.Source as recorded,bucket: Job Board + LinkedIn + Career Site
105,116,90.52,63.62,False,1,0,application: every Applications row,trailing 3m to 2026-08-27,Applications.Applied On,distinct candidate record,Candidates.Source as recorded,bucket: Job Board + LinkedIn + Career Site
111,122,90.98,64.08,False,2,0,application: every Applications row,trailing 3m to 2026-08-27,Applications.Applied On,application rows | distinct candidate+opening,Candidates.Source as recorded,bucket: Job Board + LinkedIn + Career Site
64,70,91.43,64.53,False,2,0,application: every Applications row,trailing 3m to 2026-09-14,Applications.Applied On,distinct candidate record | distinct person (name+phone),Applications.Referred By overrides Source,bucket: Job Board + LinkedIn + Career Site
67,73,91.78,64.88,False,2,0,application: every Applications row,trailing 3m to 2026-09-14,Applications.Applied On,application rows | distinct candidate+opening,Applications.Referred By overrides Source,bucket: Job Board + LinkedIn + Career Site
66,70,94.29,67.39,False,2,0,application: every Applications row,trailing 3m to 2026-09-14,Applications.Applied On,distinct candidate record | distinct person (name+phone),Candidates.Source as recorded,bucket: Job Board + LinkedIn + Career Site
69,73,94.52,67.62,False,2,0,application: every Applications row,trailing 3m to 2026-09-14,Applications.Applied On,application rows | distinct candidate+opening,Candidates.Source as recorded,bucket: Job Board + LinkedIn + Career Site
6,6,100.0,73.1,False,2,0,hired: Applications.Stage = Hired | offer accepted: Offers.Status = Accepted,calendar 2025,Offers.Decision On,distinct person (name+phone),Candidates.Source as recorded,bucket: Job Board + LinkedIn + Career Site
